Source,Target,Weight
2YZyLoL8N0Wb9xBt1NhZWg,rap,1
2YZyLoL8N0Wb9xBt1NhZWg,hip hop,1
7tYKF4w9nC0nq9CsPZTHyP,r&b,1
7tYKF4w9nC0nq9CsPZTHyP,rap,1
7tYKF4w9nC0nq9CsPZTHyP,pop,1
6cUpFVxDYWed9WxtC4QgC5,rap,1
757aE44tKEUQEqRuT6GnEB,rap,1
757aE44tKEUQEqRuT6GnEB,trap,1
4V8LLVI7PbaPR0K2TGSxFF,rap,1
4V8LLVI7PbaPR0K2TGSxFF,hip hop,1
2qoQgPAilErOKCwE2Y8wOG,hip hop,1
3DbwFQlvLxRSi2uX8mf81A,rap,1
3DbwFQlvLxRSi2uX8mf81A,trap,1
55Aa2cqylxrFIXC767Z865,rap,1
55Aa2cqylxrFIXC767Z865,hip hop,1
55Aa2cqylxrFIXC767Z865,pop,1
55Aa2cqylxrFIXC767Z865,trap,1
6fqjJNsLs7g6F3PXy01Xnw,rap,1
1HY2Jd0NmPuamShAr6KMms,pop,1
0du5cEVh5yTK9QJze8zA0C,pop,1
1iCnM8foFssWlPRLfAbIwo,pop,1
3eVa5w3URK5duf6eyVDbu9,k-pop,1
3eVa5w3URK5duf6eyVDbu9,pop,1
6qqNVTkY8uBg9cP3Jd7DAH,pop,1
67FB4n52MgexGQIG8s0yUH,pop,1
1oSPZhvZMIrWW5I41kPkkY,k-pop,1
1oSPZhvZMIrWW5I41kPkkY,pop,1
1Xyo4u8uXC1ZmMpatF05PJ,r&b,1
1Xyo4u8uXC1ZmMpatF05PJ,pop,1
699OTQXzgjhIYAHMy9RyPD,rap,1
699OTQXzgjhIYAHMy9RyPD,hip hop,1
46UMQ0cW8ToR8egkBRwAxZ,pop,1
66CXWjxzNUsdJxJ2JdwvnR,pop,1
74KM79TiuVKeVCqs8QtB0B,pop,1
4cPHsZM98sKzmV26wlwD2W,rock,1
4iHNK0tOyZPYnBU7nGAgpQ,pop,1
7GlBOeep6PqTfFi59PTUUN,pop,1
20wkVLutqVOYrc0kxFs7rA,r&b,1
5lpH0xAS4fVfLkACg9DAuM,pop,1
5lpH0xAS4fVfLkACg9DAuM,rock,1
3y2cIKLjiOlp1Np37WiUdH,rap,1
3y2cIKLjiOlp1Np37WiUdH,country,1
3y2cIKLjiOlp1Np37WiUdH,pop,1
246dkjvS1zLTtiykXe5h60,rap,1
246dkjvS1zLTtiykXe5h60,pop,1
4oUHIQIBe0LHzYfvXNW4QM,country,1
5j4HeCoUlzhfWtjAfM1acR,house,1
5j4HeCoUlzhfWtjAfM1acR,pop,1
6e3pZKXUxrPfnUPJ960Hd9,pop,1
2tIP7SsRs7vjIcLrU85W8J,hip hop,1
3l9G1G9MxH6DaRhwLklaf5,corrido,1
0ys2OFYzWYB5hRDLCsBqxt,corrido,1
0ys2OFYzWYB5hRDLCsBqxt,sierreno,1
22wbnEMDvgVIAGdFeek6ET,pop,1
2sSGPbdZJkaSE2AbcGOACx,pop,1
77SW9BnxLY8rJ0RciFqkHh,rock,1
77SW9BnxLY8rJ0RciFqkHh,pop,1
2RQXRUsr4IW1f3mKyKsy4B,pop,1
78F6Xkd46aMHkr4AP60TXY,rap,1
78F6Xkd46aMHkr4AP60TXY,trap,1
3E12tRURRvPfHz0hAMCFYc,rap,1
3E12tRURRvPfHz0hAMCFYc,urbano latino,1
3E12tRURRvPfHz0hAMCFYc,trap,1
54seKvtsZauR1iauN0ptpo,rap,1
54seKvtsZauR1iauN0ptpo,urbano latino,1
54seKvtsZauR1iauN0ptpo,trap,1
7iK8PXO48WeuP03g8YR51W,rap,1
7iK8PXO48WeuP03g8YR51W,urbano latino,1
7iK8PXO48WeuP03g8YR51W,trap,1
5CiGnKThu5ctn9pBxv7DGa,pop,1
0CVOcYvRcSvOXyuR4YGKaC,pop,1
4F4pp8NUW08JuXwnoxglpN,rap,1
4F4pp8NUW08JuXwnoxglpN,urbano latino,1
4F4pp8NUW08JuXwnoxglpN,trap,1
0EmeFodog0BfCgMzAIvKQp,pop,1
37S0GFsBW73uqxGXNFeADJ,rap,1
0VZrPa7mWAYXH4CwmYk8Km,rap,1
0VZrPa7mWAYXH4CwmYk8Km,urbano latino,1
0VZrPa7mWAYXH4CwmYk8Km,drill,1
0VZrPa7mWAYXH4CwmYk8Km,trap,1
3SCOuAxngTC1yGjKMcIPEd,pop,1
0tmwSHipWxN12fsoLcFU3B,rap,1
0tmwSHipWxN12fsoLcFU3B,urbano latino,1
0tmwSHipWxN12fsoLcFU3B,pop,1
0tmwSHipWxN12fsoLcFU3B,trap,1
5qPeAT4ikl6gJNUexAOEy0,rock,1
6TKygPpVT29oGUogu4J9Ec,rap,1
6TKygPpVT29oGUogu4J9Ec,urbano latino,1
6TKygPpVT29oGUogu4J9Ec,trap,1
22dFwJoRBV51ue5TGnC7Dt,drill,1
2NeFajzkAQ4UfviWdzf0pK,pop,1
6XyY86QOPPrYVGvF9ch6wz,rap,1
6XyY86QOPPrYVGvF9ch6wz,rock,1
2LRoIwlKmHjgvigdNGBHNo,rap,1
2LRoIwlKmHjgvigdNGBHNo,urbano latino,1
2LRoIwlKmHjgvigdNGBHNo,pop,1
2LRoIwlKmHjgvigdNGBHNo,trap,1
6k8mwkKJKKjBILo7ypBspl,pop,1
0AqlFI0tz2DsEoJlKSIiT9,pop,1
790FomKkXshlbRYZFtlgla,urbano latino,1
0ZHPrnImGh4re3TbSNkoZl,hip hop,1
0ZHPrnImGh4re3TbSNkoZl,pop,1
4az97MtWmBQ5Db3GfDh9j9,drill,1
2CCgb0KApjfQDuTppovpf8,urbano latino,1
2CCgb0KApjfQDuTppovpf8,drill,1
5C4PDR4LnhZTbVnKWXuDKD,pop,1
5PlfkPxwCpRRWQJBxCa0By,house,1
0u6GtibW46tFX7koQ6uNJZ,pop,1
7hQmAXAzWI6D350VTgkKTG,pop,1
1Yj5Xey7kTwvZla8sqdsdE,rap,1
1Yj5Xey7kTwvZla8sqdsdE,urbano latino,1
1Yj5Xey7kTwvZla8sqdsdE,trap,1
1U1el3k54VvEUzo3ybLPlM,pop,1
6nVcHLIgY5pE2YCl8ubca1,rap,1
6nVcHLIgY5pE2YCl8ubca1,urbano latino,1
6nVcHLIgY5pE2YCl8ubca1,trap,1
0WwSkZ7LtFUFjGjMZBMt6T,rock,1
4AK6F7OLvEQ5QYCBNiQWHq,pop,1
7f5Zgnp2spUuuzKplmRkt7,house,1
7f5Zgnp2spUuuzKplmRkt7,pop,1
2txHhyCwHjUEpJjWrEyqyX,pop,1
5Y3MV9DZ0d87NnVm56qSY1,rap,1
5Y3MV9DZ0d87NnVm56qSY1,urbano latino,1
5Y3MV9DZ0d87NnVm56qSY1,trap,1
7FNnA9vBm6EKceENgCGRMb,pop,1
7FNnA9vBm6EKceENgCGRMb,funk,1
1JbemQ1fPt2YmSLjAFhPBv,pop,1
60ZOYUFnCYEeKYsxgvPxOS,rap,1
3rIZMv9rysU7JkLzEaC5Jp,rock,1
3rIZMv9rysU7JkLzEaC5Jp,pop,1
1bAftSH8umNcGZ0uyV7LMg,rap,1
1bAftSH8umNcGZ0uyV7LMg,urbano latino,1
1bAftSH8umNcGZ0uyV7LMg,hip hop,1
1bAftSH8umNcGZ0uyV7LMg,trap,1
4gzpq5DPGxSnKTe4SA8HAU,pop,1
6eXZu6O7nAUA5z6vLV8NKI,r&b,1
6eXZu6O7nAUA5z6vLV8NKI,rap,1
6eXZu6O7nAUA5z6vLV8NKI,trap,1
3wcj11K77LjEY1PkEazffa,hip hop,1
3wcj11K77LjEY1PkEazffa,pop,1
0jIWKlfmD4Ew7HeVVrq03g,pop,1
7vXDAI8JwjW531ouMGbfcp,pop,1
4kcQWQDK0u9AftVSpdrAgk,rap,1
4kcQWQDK0u9AftVSpdrAgk,trap,1
2OhUNb01gLwygOizYvTm0e,rap,1
2OhUNb01gLwygOizYvTm0e,trap,1
2BTS8Np1YzPQuXjgdlqsBB,rap,1
2BTS8Np1YzPQuXjgdlqsBB,hip hop,1
1FxPMQ9A0882eNDx3ZkD6B,cumbia,1
1FxPMQ9A0882eNDx3ZkD6B,pop,1
6Gsh7oJoJ5EQUuQk0EhfWL,rap,1
1DxLCyH42yaHKGK3cl5bvG,urbano latino,1
1DxLCyH42yaHKGK3cl5bvG,pop,1
0ZCO8oVkMj897cKgFH7fRW,cumbia,1
06Q5VlSAku57lFzyME3HrM,cumbia,1
06Q5VlSAku57lFzyME3HrM,pop,1
4oZolC0sCwCAKqsNXfRlVS,cumbia,1
4oZolC0sCwCAKqsNXfRlVS,pop,1
7yIp2QRLkQ6loIrupimiri,cumbia,1
7yIp2QRLkQ6loIrupimiri,pop,1
5Qv1EsPany9Fc3yyCJnoxw,cumbia,1
6HTUcOExehqydqa7C3usAa,pop,1
60XHOAhvEBiV6BGBOv8ClM,rap,1
60XHOAhvEBiV6BGBOv8ClM,hip hop,1
19HM5j0ULGSmEoRcrSe5x3,rap,1
19HM5j0ULGSmEoRcrSe5x3,urbano latino,1
19HM5j0ULGSmEoRcrSe5x3,trap,1
2UZIAOlrnyZmyzt1nuXr9y,rap,1
2UZIAOlrnyZmyzt1nuXr9y,hip hop,1
2UZIAOlrnyZmyzt1nuXr9y,r&b,1
2UZIAOlrnyZmyzt1nuXr9y,urbano latino,1
2UZIAOlrnyZmyzt1nuXr9y,trap,1
3vQ0GE3mI0dAaxIMYe5g7z,rap,1
3vQ0GE3mI0dAaxIMYe5g7z,urbano latino,1
3vQ0GE3mI0dAaxIMYe5g7z,hip hop,1
3vQ0GE3mI0dAaxIMYe5g7z,trap,1
2Jb9jVnCpWkXtoGznFJ6bF,rap,1
2Jb9jVnCpWkXtoGznFJ6bF,hip hop,1
2Jb9jVnCpWkXtoGznFJ6bF,trap,1
6QVEWdYtBkaJcboEtH5FeB,cumbia,1
6QVEWdYtBkaJcboEtH5FeB,pop,1
04XdCDDrPnnqidaVBTOQjt,cumbia,1
04XdCDDrPnnqidaVBTOQjt,pop,1
1QZuAtDYNrk2QMogJulsyq,cumbia,1
1QZuAtDYNrk2QMogJulsyq,pop,1
6iYRN5eaz8LSxvwkhmwkRj,cumbia,1
6iYRN5eaz8LSxvwkhmwkRj,pop,1
6LZA6PhNCwUfHzqfpN1nYL,pop,1
3WMlRpW5JWuDI95TcEWt3r,pop,1
2x7PC78TmgqpEIjaGAZ0Oz,rap,1
2x7PC78TmgqpEIjaGAZ0Oz,urbano latino,1
2x7PC78TmgqpEIjaGAZ0Oz,hip hop,1
2x7PC78TmgqpEIjaGAZ0Oz,trap,1
716NhGYqD1jl2wI1Qkgq36,rap,1
716NhGYqD1jl2wI1Qkgq36,hip hop,1
716NhGYqD1jl2wI1Qkgq36,pop,1
716NhGYqD1jl2wI1Qkgq36,urbano latino,1
716NhGYqD1jl2wI1Qkgq36,trap,1
4m6ubhNsdwF4psNf3R8kwR,rap,1
4m6ubhNsdwF4psNf3R8kwR,urbano latino,1
4m6ubhNsdwF4psNf3R8kwR,hip hop,1
4m6ubhNsdwF4psNf3R8kwR,trap,1
2qWK8K2Jfh67UqtwY8tCW6,rap,1
2qWK8K2Jfh67UqtwY8tCW6,hip hop,1
2qWK8K2Jfh67UqtwY8tCW6,trap,1
7fT2Me47PQ8T7954PKrcwR,rap,1
7fT2Me47PQ8T7954PKrcwR,hip hop,1
7fT2Me47PQ8T7954PKrcwR,trap,1
6UCQYrcJ6wab6gnQ89OJFh,hip hop,1
2FXC3k01G6Gw61bmprjgqS,rock,1
2FXC3k01G6Gw61bmprjgqS,pop,1
69GGBxA162lTqCwzJG5jLp,pop,1
3bO19AOone0ubCsfDXDtYt,pop,1
40ZNYROS4zLfyyBSs2PGe2,country,1
70kkdajctXSbqSMJbQO424,country,1
2sil8z5kiy4r76CRTXxBCA,pop,1
2sil8z5kiy4r76CRTXxBCA,rock,1
0Y5tJX1MQlPlqiwlOH1tJY,rap,1
0Y5tJX1MQlPlqiwlOH1tJY,house,1
0C0XlULifJtAgn6ZNCW2eu,rock,1
08GQAI4eElDnROBrJRGE0X,rock,1
10exVja0key0uqUkk6LJRT,k-pop,1
10exVja0key0uqUkk6LJRT,pop,1
10exVja0key0uqUkk6LJRT,rock,1
25uiPmTg16RbhZWAqwLBy5,pop,1
06HL4z0CvFAxyc27GXpf02,pop,1
4gvjmrtzydbMpyJaXUtwvP,pop,1
1WaFQSHVGZQJTbf0BdxdNo,hip hop,1
2kS9NyuATpYwjeB93h24H5,hip hop,1
2kS9NyuATpYwjeB93h24H5,pop,1
1E8mXBWN7AXZCOPYbOky4J,hip hop,1
3CJKkU0XuElRT1z8rEtIYg,hip hop,1
3CJKkU0XuElRT1z8rEtIYg,drill,1
76dRoxKtDwYkgCQePok9cU,hip hop,1
0JBdTCGs111JKKYfLqOEBa,rap,1
0JBdTCGs111JKKYfLqOEBa,hip hop,1
0JBdTCGs111JKKYfLqOEBa,pop,1
3drqpTL4sQOckmAfF9i1wg,hip hop,1
7vohy1W7YNLxHynG44UFjS,hip hop,1
7o95ZoZt5ZYn31e9z1Hc0a,pop,1
1SnSPHBs8l5iAvoWF0aO05,r&b,1
1SnSPHBs8l5iAvoWF0aO05,rap,1
1SnSPHBs8l5iAvoWF0aO05,hip hop,1
1SnSPHBs8l5iAvoWF0aO05,trap,1
13bDjug9N0pyv3ZUINjkDV,hip hop,1
5HK6QtizXJzCmoYTkvFRik,drill,1
5p7mWeX4RlvqBCxylfiXdE,hip hop,1
5p7mWeX4RlvqBCxylfiXdE,drill,1
11p2E654TTU8e0nZWBR4AL,pop,1
0wi4yTYlGtEnbGo4ltZTib,pop,1
0wi4yTYlGtEnbGo4ltZTib,rock,1
0rvjqX7ttXeg3mTy8Xscbt,rock,1
5WUlDfRSoLAfcVSX1WnrxN,pop,1
1fImPZoBVjmYrBFzCHh0N3,hip hop,1
0xByDfltDVpk6LDsUMHyI2,pop,1
5xtbUYHaOycg6HIi10EZdV,hip hop,1
5NMwoStnfHT4LdETlJSwDT,rap,1
5NMwoStnfHT4LdETlJSwDT,hip hop,1
5NMwoStnfHT4LdETlJSwDT,trap,1
4jIvmo6hfAQ04NSOWPVVA3,pop,1
5B5qmrbTFvA7TAxWruuwbo,rap,1
5B5qmrbTFvA7TAxWruuwbo,hip hop,1
2hTmpvdwhpNZryOkwTisRW,hip hop,1
6HaGTQPmzraVmaVxvz6EUc,k-pop,1
6HaGTQPmzraVmaVxvz6EUc,pop,1
3MdXrJWsbVzdn6fe5JYkSQ,rap,1
3MdXrJWsbVzdn6fe5JYkSQ,trap,1
260kWe4y9lg7YFDsZBgsLv,pop,1
2z20q6EEfm6w6PiIKsgtb3,rap,1
2z20q6EEfm6w6PiIKsgtb3,hip hop,1
2z20q6EEfm6w6PiIKsgtb3,trap,1
0yp6xP5xe1qarfugfTixOK,pop,1
0E56Ncr2I37JQhW71UJALE,rap,1
0E56Ncr2I37JQhW71UJALE,hip hop,1
27kGBCjiz5OXojkKX4xQ6R,rap,1
27kGBCjiz5OXojkKX4xQ6R,hip hop,1
27kGBCjiz5OXojkKX4xQ6R,drill,1
27kGBCjiz5OXojkKX4xQ6R,trap,1
4h8pGxEIOi7j4me1yhYxlD,hip hop,1
4h8pGxEIOi7j4me1yhYxlD,pop,1
7K2PBAFUE98RKu30clhIms,pop,1
3vvLuXEEf7sl3izJcw0GIn,rap,1
3vvLuXEEf7sl3izJcw0GIn,hip hop,1
3vvLuXEEf7sl3izJcw0GIn,trap,1
0XNKQFs2Ewb3y0VsFUFc5l,rap,1
0XNKQFs2Ewb3y0VsFUFc5l,hip hop,1
0XNKQFs2Ewb3y0VsFUFc5l,trap,1
0hAEtx2GQLtMTJj8qycHRr,hip hop,1
4uWhcZCwuPopf6JGvwsN2B,pop,1
0ChMIwzbYxHbebgoPeETfV,hip hop,1
7bI1v9NGBBhq8iGfytctni,country,1
1nnaE1FllcW0TlDdPVmdPg,hip hop,1
3I9Bd4StaxvFWPG9AAjlrO,rap,1
3I9Bd4StaxvFWPG9AAjlrO,hip hop,1
6iQqWcDg92kre5ykFLwqD8,rock,1
0GOx72r5AAEKRGQFn3xqXK,r&b,1
0GOx72r5AAEKRGQFn3xqXK,rap,1
0GOx72r5AAEKRGQFn3xqXK,hip hop,1
0GOx72r5AAEKRGQFn3xqXK,pop,1
1cKyknhftNKXCjMBd2hDrG,rap,1
1cKyknhftNKXCjMBd2hDrG,hip hop,1
0LKAV3zJ8a8AIGnyc5OvfB,r&b,1
0LKAV3zJ8a8AIGnyc5OvfB,hip hop,1
0LKAV3zJ8a8AIGnyc5OvfB,pop,1
2loEsOijJ6XiGzWYFXMIRk,house,1
26WKgv73kRHD0gEDKD1i8j,house,1
3IW7ScrzXmPvZhB27hmfgy,rap,1
3IW7ScrzXmPvZhB27hmfgy,hip hop,1
3IW7ScrzXmPvZhB27hmfgy,pop,1
2F3Mdh2idBVOiMTxXoxc10,pop,1
0UF7XLthtbSF2Eur7559oV,house,1
3QVolfxko2UyCOtexhVTli,pop,1
1xU878Z1QtBldR7ru9owdU,rock,1
1xU878Z1QtBldR7ru9owdU,pop,1
5oNWzcU0mYK1zDUxBGHIaG,pop,1
5MraexJKZDrQYzS98kNwie,r&b,1
6tzRZ39aZlNqlUzQlkuhDV,pop,1
6tzRZ39aZlNqlUzQlkuhDV,funk,1
1QsdzIKkTT5gDFj8GB1cIX,r&b,1
1QsdzIKkTT5gDFj8GB1cIX,pop,1
3TOqt5oJwL9BE2NG9MEwDa,rap,1
3TOqt5oJwL9BE2NG9MEwDa,rock,1
5wCmhq5J2hPwL2r0eKurxn,pop,1
5KKpBU5eC2tJDzf0wmlRp2,r&b,1
5KKpBU5eC2tJDzf0wmlRp2,pop,1
5VadK1havLhK1OpKYsXv9y,hip hop,1
5VadK1havLhK1OpKYsXv9y,drill,1
07h4CCFmlXkwx0g4PL5Uuh,rap,1
07h4CCFmlXkwx0g4PL5Uuh,hip hop,1
07h4CCFmlXkwx0g4PL5Uuh,pop,1
5eir5zFJpES4j7gsymbVyl,rap,1
5eir5zFJpES4j7gsymbVyl,hip hop,1
5eir5zFJpES4j7gsymbVyl,pop,1
3JhNCzhSMTxs9WLGJJxWOY,rap,1
3JhNCzhSMTxs9WLGJJxWOY,hip hop,1
3JhNCzhSMTxs9WLGJJxWOY,pop,1
5BcAKTbp20cv7tC5VqPFoC,rap,1
5BcAKTbp20cv7tC5VqPFoC,hip hop,1
5BcAKTbp20cv7tC5VqPFoC,pop,1
4e0nWw2r4BoQSKPQ2zpU13,pop,1
0fTSzq9jAh4c36UVb4V7CB,pop,1
5JMJt80HJWR1e4hMw63Z5t,pop,1
1TA5sGRlKUJXBN4ZyJuDIX,urbano latino,1
3m5qlPf2OkihLz3dRYnkPA,rap,1
3m5qlPf2OkihLz3dRYnkPA,urbano latino,1
3m5qlPf2OkihLz3dRYnkPA,pop,1
3m5qlPf2OkihLz3dRYnkPA,trap,1
1r4hJ1h58CWwUQe3MxPuau,rap,1
1r4hJ1h58CWwUQe3MxPuau,urbano latino,1
1r4hJ1h58CWwUQe3MxPuau,pop,1
1r4hJ1h58CWwUQe3MxPuau,trap,1
66ihevNkSYNzRAl44dx6jJ,corrido,1
66ihevNkSYNzRAl44dx6jJ,sierreno,1
1vyhD5VmyZ7KMfW5gqLgo5,rap,1
1vyhD5VmyZ7KMfW5gqLgo5,urbano latino,1
1vyhD5VmyZ7KMfW5gqLgo5,trap,1
7j6DKwmjbxvpQO8h914uEz,rap,1
7j6DKwmjbxvpQO8h914uEz,urbano latino,1
7j6DKwmjbxvpQO8h914uEz,trap,1
4q3ewBCX7sLwd24euuV69X,rap,1
4q3ewBCX7sLwd24euuV69X,urbano latino,1
4q3ewBCX7sLwd24euuV69X,trap,1
1fctva4kpRbg2k3v7kwRuS,rap,1
1fctva4kpRbg2k3v7kwRuS,urbano latino,1
1fctva4kpRbg2k3v7kwRuS,trap,1
1mcTU81TzQhprhouKaTkpq,rap,1
1mcTU81TzQhprhouKaTkpq,urbano latino,1
1mcTU81TzQhprhouKaTkpq,pop,1
1mcTU81TzQhprhouKaTkpq,trap,1
1dKdetem2xEmjgvyymzytS,sierreno,1
0dUyjgCyjfj5eMx6bX2TWf,rap,1
0dUyjgCyjfj5eMx6bX2TWf,trap,1
2jSGzJw0ebJLu7OLVSOcBP,rap,1
2jSGzJw0ebJLu7OLVSOcBP,urbano latino,1
2jSGzJw0ebJLu7OLVSOcBP,trap,1
12GqGscKJx3aE4t07u7eVZ,corrido,1
12GqGscKJx3aE4t07u7eVZ,sierreno,1
5szJHKg5xeUlQ9pTqzdpic,rap,1
5szJHKg5xeUlQ9pTqzdpic,trap,1
3qsKSpcV3ncke3hw52JSMB,rap,1
3qsKSpcV3ncke3hw52JSMB,urbano latino,1
3qsKSpcV3ncke3hw52JSMB,trap,1
0wdQR6Qd64uSVhNJy7M2F0,pop,1
6aoGgTKGqtsjj48ymcNs4Z,funk,1
5Dz2FizMLqV0Cr3c8uhEcF,funk,1
5InVWl8IZB8zFAoNa5roKm,funk,1
59jlthNnbmim5l9tmNA7se,pop,1
5wbf52LA6kcaboHSN6NEF1,funk,1
0nFdWpwl7h6fp3ADRyG14L,pop,1
2CKOmarVWvWqkNWUatHCex,pop,1
0xj9MJx9r0wO2o4aqdergP,funk,1
7me0S5Z40qVWj3gzyK8aC3,funk,1
5s27i7oqhNWIcE4HeoVdq0,funk,1
6XFc29m1ptfUNmaa1UTuBT,funk,1
75i9GaW2MJUgt4BkdUnuUY,funk,1
6zGPa2tLMJ5HQYUddZI8di,trap,1
6zGPa2tLMJ5HQYUddZI8di,rap,1
6zGPa2tLMJ5HQYUddZI8di,funk,1
04QHNiih9ZesPvals6II1h,funk,1
2FDaBZt51fOXh2rbHL8Afr,funk,1
0JRPF8WIKUtSO2IUYfrcuh,pop,1
6sW5k31iA8sTy0i2goUKF9,funk,1
2Z0lRIqr997lIUiPtrpKCr,pop,1
1LIuN7ov1IBQDdLsU83ojl,pop,1
41QLxRXlc2NwfJZkHGHKid,pop,1
1mV9h1AwhRXSjBFcYpajgY,funk,1
6VyttZwyEMGBl90oGdKCB8,funk,1
0bg3fNpRQgZTCAg3Bseyly,funk,1
5ZfBThYiIIhL7jHMG8gDB2,funk,1
6qrqAYlS6lUj2BVXax7SZW,trap,1
6qrqAYlS6lUj2BVXax7SZW,rap,1
6qrqAYlS6lUj2BVXax7SZW,funk,1
0vLuOi2k62sHujIfplInlK,rap,1
0vLuOi2k62sHujIfplInlK,hip hop,1
7gZu6kPnY9enEi5FvgTO4F,pop,1
7gHzR22tDNSWGS4HkvvPgw,rap,1
7gHzR22tDNSWGS4HkvvPgw,trap,1
1SZXYhJz4sqEss888VmWLP,funk,1
1JJq541frMPfUIQiUoVrnp,funk,1
0i1s9WcIu0PrUvHzALgofo,rock,1
6mKwmTMzDrye9elc8JWiw3,funk,1
3Nipsl6GVwwGyeAk0J29C6,funk,1
1tKrZaph4cLsnEdqC5BNEQ,pop,1
5nP8x4uEFjAAmDzwOEc9b8,r&b,1
5nP8x4uEFjAAmDzwOEc9b8,rap,1
5nP8x4uEFjAAmDzwOEc9b8,trap,1
6YzSM19LzpLH0nVKKU6Jsy,funk,1
2Y3kRJYYun9lDcRMM7ulQg,funk,1
6m6e7D2TnV0aYMllFFwMxu,pop,1
7rXMvXRnWHaSwnVvPeUUfw,pop,1
7rXMvXRnWHaSwnVvPeUUfw,funk,1
6TYimByryGphZCtwYopH0y,pop,1
5O30nI9WzhHuxqFZqReBQu,funk,1
1mvpEXClANunyiHFtAXCxt,funk,1
4MQAbRFF5xtTAIYG8jzfZm,funk,1
6sEfX6ntbBxeWBLggUMyyq,pop,1
3CcA9m1Ivpp5XmLt8SxUpn,pop,1
2xZOjY3LYFt8mfHuBUOBwF,rock,1
4vczAVLBVJzhMndKRCsQls,pop,1
1WOWylyMYTYIkDJmKLeSpQ,pop,1
39mjWoyHE5RMghSx70h7pI,pop,1
1lxHE7dVKOVaIjGOIu8svG,pop,1
1vAwQYTE1k5MBhNsvqphp1,pop,1
2Dj0euYPa8eiI6Ee5VLBwg,pop,1
3Q71N3lHz2pijhljCNqOqw,pop,1
7Cg8hnSsmbfC6fxCykWYrh,pop,1
5f1C9EB4G4MrxxmWmZP5Wo,rap,1
5f1C9EB4G4MrxxmWmZP5Wo,hip hop,1
5f1C9EB4G4MrxxmWmZP5Wo,pop,1
5f1C9EB4G4MrxxmWmZP5Wo,trap,1
583wxBpo6S1maGz1bqYekZ,pop,1
2M8DUpSnqu7TlGxEgjUocd,pop,1
4v8n02xVhZK4CmdUAuipHn,pop,1
7JLPN5CklYCRotAvFGw4Q1,pop,1
1UUQq3z2RCIqSE1eiP00Jv,rap,1
1UUQq3z2RCIqSE1eiP00Jv,pop,1
1UUQq3z2RCIqSE1eiP00Jv,trap,1
556XyBuO17TCo0Bviw5nCW,rap,1
556XyBuO17TCo0Bviw5nCW,pop,1
556XyBuO17TCo0Bviw5nCW,trap,1
27m6NrJXMbLGlkoGBUy2IV,hip hop,1
27m6NrJXMbLGlkoGBUy2IV,pop,1
4oopAFtLdKXCoq2XoEjDZD,hip hop,1
4oopAFtLdKXCoq2XoEjDZD,pop,1
5M7RMcbgYy45XzC51HU355,pop,1
4AZihrM3P96d5mA9kvsxxH,pop,1
5amPFw5XVlNzP7uSKBXtai,pop,1
6NtH0d4qlaU5FakRdrdNwq,pop,1
4aPsL8sPDTXIR11gYfAb0i,pop,1
4aPsL8sPDTXIR11gYfAb0i,rock,1
696J4fiOALx5ifVKv10VbK,pop,1
29Hsg37sCbjeeCdDA0HIgt,pop,1
4FTXvsvz433gZR67rhxFfN,pop,1
1cqkZpQniJhO3wvhxqVz54,pop,1
12a4KgFut39rBB8WjeN2oL,pop,1
5mNFpEfI0KApCz2Y88LYW6,pop,1
2lKSCvxuWDRCyImWLIXqre,pop,1
64KEffDW9EtZ1y2vBYgq8T,house,1
64KEffDW9EtZ1y2vBYgq8T,pop,1
3oSJ7TBVCWMDMiYjXNiCKE,country,1
718COspgdWOnwOFpJHRZHS,country,1
4GGfAshSkqoxpZdoaHm7ky,country,1
4GGfAshSkqoxpZdoaHm7ky,pop,1
4Gso3d4CscCijv0lmajZWs,rap,1
2hlmm7s2ICUX0LVIhVFlZQ,rap,1
2hlmm7s2ICUX0LVIhVFlZQ,hip hop,1
2hlmm7s2ICUX0LVIhVFlZQ,trap,1
1QcutbFtA6u8A2ZFTZuLSL,rap,1
1QcutbFtA6u8A2ZFTZuLSL,trap,1
7hwlbJCUBQksiqlloB6x9K,cumbia,1
2OEZ0KKJrKXsRQ6hU9bbfS,rap,1
2OEZ0KKJrKXsRQ6hU9bbfS,trap,1
0x5lhIYknBUEozHuXjkwUs,drill,1
22QaKKmBIH3QiotuG30W3o,cumbia,1
6w9ToX5slZ4uIdmD17hJ3c,rap,1
6w9ToX5slZ4uIdmD17hJ3c,urbano latino,1
6w9ToX5slZ4uIdmD17hJ3c,trap,1
2XcZshqzPKm3iZcmt73R8D,rap,1
2XcZshqzPKm3iZcmt73R8D,urbano latino,1
2XcZshqzPKm3iZcmt73R8D,trap,1
0NnUMWDCDi1snuMja6IdxH,rap,1
0NnUMWDCDi1snuMja6IdxH,trap,1
4yxLYO2imECxGYTTV7RQKb,urbano latino,1
4yxLYO2imECxGYTTV7RQKb,drill,1
7kvnG7JhX0ycVMVb8SP8EL,rap,1
7kvnG7JhX0ycVMVb8SP8EL,trap,1
3i6lAgVHplDXb6zrjIeBeK,rap,1
3i6lAgVHplDXb6zrjIeBeK,trap,1
1cUpGtXcSQsovNYEZOQgOG,hip hop,1
7a0XAaPaK2aDSqa8p3QnC7,rap,1
7a0XAaPaK2aDSqa8p3QnC7,urbano latino,1
7a0XAaPaK2aDSqa8p3QnC7,trap,1
2NfSBtmWe7oPw1EmetJVso,urbano latino,1
2NfSBtmWe7oPw1EmetJVso,pop,1
0zO8yNnw5GQgutcIyXfGBY,r&b,1
7GQDI5Vmxs92RsIRZzYT11,rap,1
7GQDI5Vmxs92RsIRZzYT11,urbano latino,1
7GQDI5Vmxs92RsIRZzYT11,trap,1
3jGlU8UMMo44I2xeLQ6FD3,urbano latino,1
5J5DLfdC5YmPjVk8ljdOqU,rap,1
5J5DLfdC5YmPjVk8ljdOqU,hip hop,1
5J5DLfdC5YmPjVk8ljdOqU,trap,1
0eHQ9o50hj6ZDNBt6Ys1sD,rap,1
0eHQ9o50hj6ZDNBt6Ys1sD,urbano latino,1
0eHQ9o50hj6ZDNBt6Ys1sD,hip hop,1
0eHQ9o50hj6ZDNBt6Ys1sD,trap,1
28gNT5KBp7IjEOQoevXf9N,urbano latino,1
28gNT5KBp7IjEOQoevXf9N,pop,1
0GchaVw5KfSVEm0xl0OXEe,pop,1
4SsVbpTthjScTS7U2hmr1X,rap,1
4SsVbpTthjScTS7U2hmr1X,urbano latino,1
4SsVbpTthjScTS7U2hmr1X,hip hop,1
4SsVbpTthjScTS7U2hmr1X,trap,1
3SUT1jjM5hzZj9TLfLZGIP,rap,1
3SUT1jjM5hzZj9TLfLZGIP,urbano latino,1
3SUT1jjM5hzZj9TLfLZGIP,hip hop,1
3SUT1jjM5hzZj9TLfLZGIP,trap,1
17SY5q1CMOZJBRuPcKWwPI,rap,1
17SY5q1CMOZJBRuPcKWwPI,urbano latino,1
17SY5q1CMOZJBRuPcKWwPI,trap,1
4s6Xg38sbqh4xpf4OqhVUK,rap,1
4s6Xg38sbqh4xpf4OqhVUK,urbano latino,1
4s6Xg38sbqh4xpf4OqhVUK,trap,1
2cPqdH7XMvwaBJEVjheH8g,rap,1
2cPqdH7XMvwaBJEVjheH8g,urbano latino,1
2cPqdH7XMvwaBJEVjheH8g,trap,1
5lwmRuXgjX8xIwlnauTZIP,rap,1
5lwmRuXgjX8xIwlnauTZIP,hip hop,1
5lwmRuXgjX8xIwlnauTZIP,pop,1
5lwmRuXgjX8xIwlnauTZIP,bachata,1
5lwmRuXgjX8xIwlnauTZIP,urbano latino,1
5lwmRuXgjX8xIwlnauTZIP,trap,1
1qto4hHid1P71emI6Fd8xi,bachata,1
1qto4hHid1P71emI6Fd8xi,urbano latino,1
1qto4hHid1P71emI6Fd8xi,hip hop,1
1qto4hHid1P71emI6Fd8xi,pop,1
4cG43cUBRJWWDsRh4SW48i,hip hop,1
4cG43cUBRJWWDsRh4SW48i,drill,1
721o1Z0J6jQupyzLt9RnEk,hip hop,1
721o1Z0J6jQupyzLt9RnEk,drill,1
6gvVFtkTV4OCyQSCzGgU1h,hip hop,1
1jHpBumJuu1B6LCJQVh49x,rap,1
1jHpBumJuu1B6LCJQVh49x,hip hop,1
1jHpBumJuu1B6LCJQVh49x,trap,1
6xg3PSVEwviVyfnx3mtsPL,hip hop,1
4Vmja4orT3sZ2F3x3DanBZ,hip hop,1
4V1v1oFnKe0b42lZh1QBnF,hip hop,1
3qoxj1cR3W3crV51Wg38Ux,hip hop,1
1gRr6moof50L1b7XsbClvI,hip hop,1
3LujD0iQ9jRbSCMA39CGfO,hip hop,1
5RWzjEjUW2NWpSm00Ieo5X,hip hop,1
3FgZ0agsmQ50Y9VflHdcio,hip hop,1
2U1l35agymGrBDFeMIxVLG,rap,1
2U1l35agymGrBDFeMIxVLG,hip hop,1
33ngpBQcfq53FgLhpBDt8i,hip hop,1
5gRumjUBK1fHfuOlQxspJ9,rock,1
5lEkQtWa3UKlI1hj7sktcd,rap,1
5lEkQtWa3UKlI1hj7sktcd,hip hop,1
5iYtjtFv6SvHX95ny4fVEz,hip hop,1
1bpca6RQE5kp92pIwPMBE8,hip hop,1
1bpca6RQE5kp92pIwPMBE8,pop,1
2f1Czzz5n4BX80U6cksGr9,rock,1
28oxY7ZfDt1BJFf8FVfpEh,hip hop,1
2ZHJEckf6HJXMSuD2icSSW,hip hop,1
2ZHJEckf6HJXMSuD2icSSW,pop,1
7KjsjftPKKarTvZlawniPi,rap,1
7KjsjftPKKarTvZlawniPi,pop,1
1GKN1Js8fa19K23eIhOMhg,pop,1
74HomvqoUecDcUPRespyqg,hip hop,1
74HomvqoUecDcUPRespyqg,pop,1
5FIdLxucf1EKqZfxeeXZzD,pop,1
4ZwOlDVAGXQo66ykbLQ8dP,hip hop,1
4ZwOlDVAGXQo66ykbLQ8dP,pop,1
1d5Y2zrhRQ6R0plv652L67,hip hop,1
1d5Y2zrhRQ6R0plv652L67,pop,1
2eBqkaIfoNsOPCQCQEy5fD,hip hop,1
2eBqkaIfoNsOPCQCQEy5fD,pop,1
2KbikmQKGiUPR2ARs1h0sq,hip hop,1
2KbikmQKGiUPR2ARs1h0sq,pop,1
2dfY7zXIP61MKHtD175hFp,hip hop,1
2dfY7zXIP61MKHtD175hFp,pop,1
7JoViNQIqOIaxcBswboN5d,hip hop,1
7JoViNQIqOIaxcBswboN5d,pop,1
3pVuaUisHmRfVy53qWwmql,pop,1
3SyJZpVRYuncgXPtjAceOJ,pop,1
2d7AMvzFwh5wUTuqQl3BAE,hip hop,1
2d7AMvzFwh5wUTuqQl3BAE,pop,1
5RaTuqY7SJHvh6MNzMagut,hip hop,1
5RaTuqY7SJHvh6MNzMagut,pop,1
14nVYgOiwVBJIEATXIDYC8,pop,1
3elCsuJ1JjDeAd8mjlRRX5,pop,1
6xfKNngTw1zxViM96HSTCq,pop,1
7nCIXUCqZmxntAGJMyls5c,pop,1
1w2fVGZN37TieWhlqS8UwB,pop,1
3RYYha3CC7js2PHbcBHewt,hip hop,1
3RYYha3CC7js2PHbcBHewt,pop,1
4ysmSq2N7badobfVT6YZ82,hip hop,1
4ysmSq2N7badobfVT6YZ82,pop,1
3UaEtP4pJGDhyEzy47AMzl,pop,1
1GLzVjVa7bLnAcD1At98j3,hip hop,1
1GLzVjVa7bLnAcD1At98j3,pop,1
028xhPwqtWva4J0MkFHY2x,pop,1
028xhPwqtWva4J0MkFHY2x,rock,1
0thQkzSyTo4l3zbpibZznQ,pop,1
0yqCOSZ1i0c49UUbE8AzbQ,pop,1
1YwMnnHvnG64fJxYSVwmN6,hip hop,1
1YwMnnHvnG64fJxYSVwmN6,pop,1
1uNFoZAHBGtllmzznpCI3s,pop,1
4ncaw2cfA3Wlly1tBD2eWt,dembow,1
0TnOYISbd1XYRBk9myaseg,hip hop,1
0TnOYISbd1XYRBk9myaseg,pop,1
3OcvS8PzSGYMBvLdzY6g3e,pop,1
4VVEpEhC8NcR7AqNEds42U,rap,1
4VVEpEhC8NcR7AqNEds42U,dembow,1
7w0t8O8nbirfLvGJgKK0xk,dembow,1
3Z8i7zAQr7lPwH7pUQnlXJ,dembow,1
7eUSP77ZhnXleSue48JWiT,pop,1
5rlinmh5Y0p4zfMY5qngpX,trap,1
5rlinmh5Y0p4zfMY5qngpX,rap,1
5rlinmh5Y0p4zfMY5qngpX,dembow,1
4UcGO4hOufILa9qGd3KOCo,trap,1
4UcGO4hOufILa9qGd3KOCo,rap,1
4UcGO4hOufILa9qGd3KOCo,dembow,1
30TfJAUX5Aeh7qKjyndmsO,dembow,1
2rMFPjySMqkgBajkLKL6zo,dembow,1
2dHbjVgpO3NvzY8D7yZvji,dembow,1
0L7AJNWmGtSjzASON8eTDW,dembow,1
1y8spb5Thg0p5ybNtdk4tu,dembow,1
6kq4GHwUcUojGIu0ziSNXf,rap,1
6kq4GHwUcUojGIu0ziSNXf,urbano latino,1
6kq4GHwUcUojGIu0ziSNXf,trap,1
6GlX3FdCQrMftGfVaWcmPZ,dembow,1
7qYeIN2r4H1kBvr0Gm9Iav,urbano latino,1
44cW3xznP61BXbu0e7fgxn,rap,1
44cW3xznP61BXbu0e7fgxn,trap,1
12lHTAdc9T204lw5qPtasv,rap,1
12lHTAdc9T204lw5qPtasv,urbano latino,1
12lHTAdc9T204lw5qPtasv,trap,1
0XXR1ghu7pFEcfdmhq52E9,dembow,1
1f7FtdbdaRjeeOr0gK9f3L,dembow,1
0B4uq7LA4vdVwFPDoOcVtw,dembow,1
0tR60pwxQ5WKjPxQcKoCQ7,rap,1
0tR60pwxQ5WKjPxQcKoCQ7,trap,1
0PPgD3dY7wrxsMe021mByK,dembow,1
2kF83E9c7WmW5XdqwUrJd2,dembow,1
60uh2KYYSCqAgJNxcU4DA0,pop,1
60uh2KYYSCqAgJNxcU4DA0,rock,1
1Ts9of7VPZElwPQnqnDSfW,rap,1
1Ts9of7VPZElwPQnqnDSfW,urbano latino,1
1Ts9of7VPZElwPQnqnDSfW,trap,1
1GKIlPFdcewHtpDVCQ8zmJ,rap,1
1GKIlPFdcewHtpDVCQ8zmJ,urbano latino,1
1GKIlPFdcewHtpDVCQ8zmJ,trap,1
4IMgqWorWJUqUlbULGdoBa,pop,1
7yBuSjd5Z3w7acodk51evR,rap,1
7yBuSjd5Z3w7acodk51evR,hip hop,1
7yBuSjd5Z3w7acodk51evR,trap,1
5CSaIf8OAstAYE5oqQeS15,pop,1
3mUUUQDWnVlttF1yERxmPQ,rap,1
3mUUUQDWnVlttF1yERxmPQ,trap,1
5764EiAfWT26wi1CdLcnwz,rap,1
5764EiAfWT26wi1CdLcnwz,hip hop,1
5764EiAfWT26wi1CdLcnwz,trap,1
5QKGejJMncXUNUb9pUFbEf,rap,1
5QKGejJMncXUNUb9pUFbEf,trap,1
2KJgliIl1dMyeOMyCcnYv7,pop,1
5rCq30EbJ3DfZPKybGZj8F,pop,1
2PM82jOCB674w4BL08zFVS,pop,1
4BKC2HOGEqtYz2Xbgp9N1q,rap,1
4BKC2HOGEqtYz2Xbgp9N1q,hip hop,1
4BKC2HOGEqtYz2Xbgp9N1q,trap,1
2GVksDv9UpY60i4CvytrZK,pop,1
2GVksDv9UpY60i4CvytrZK,rock,1
2iToE4LH0W9zs4hVw3A7m6,pop,1
2KjiHtx0h8tyJXbg8aYRgu,pop,1
5HczG7gdd89oDKY0CUyPof,pop,1
4o6vIkdmHiEXZOesrJj3KO,rap,1
4o6vIkdmHiEXZOesrJj3KO,hip hop,1
4o6vIkdmHiEXZOesrJj3KO,pop,1
4o6vIkdmHiEXZOesrJj3KO,trap,1
5LtHZB7vU02HtNoOzNcVhc,pop,1
6bb9VI1PpPTEmdgcgjTppX,pop,1
0IiR4LJwslf6HBSdk9W3Dg,pop,1
5OaC42gxOxSYgfmmSxe672,pop,1
2N72bJ8IYB4KZmKmxz5Xkk,pop,1
56chSp36PsMhpQvUn1kdR3,rap,1
56chSp36PsMhpQvUn1kdR3,hip hop,1
56chSp36PsMhpQvUn1kdR3,trap,1
57UiSuUcw9m0MV4bC2DukM,rap,1
57UiSuUcw9m0MV4bC2DukM,hip hop,1
57UiSuUcw9m0MV4bC2DukM,trap,1
63OMTYC88PAsd7ffM3ErQv,pop,1
5miyPYjh5EcpOSqloDJPID,pop,1
1bfl0AU8SqmLkElptOprhC,sierreno,1
5eumcnUkdmGvkvcsx1WFNG,corrido,1
0pePYDrJGk8gqMRbXrLJC8,corrido,1
0pePYDrJGk8gqMRbXrLJC8,sierreno,1
6pV5zH2LzjOUHaAvENdMMa,corrido,1
0elWFr7TW8piilVRYJUe4P,corrido,1
0elWFr7TW8piilVRYJUe4P,sierreno,1
6dLuQ5qXxIuWc5urxfIiZR,corrido,1
6dLuQ5qXxIuWc5urxfIiZR,sierreno,1
2rmkQLzj0k4nZdQehOUByO,corrido,1
33ScadVnbm2X8kkUqOkC6Z,rap,1
33ScadVnbm2X8kkUqOkC6Z,hip hop,1
33ScadVnbm2X8kkUqOkC6Z,pop,1
33ScadVnbm2X8kkUqOkC6Z,urbano latino,1
33ScadVnbm2X8kkUqOkC6Z,trap,1
7Gi6gjaWy3DxyilpF1a8Is,corrido,1
7Gi6gjaWy3DxyilpF1a8Is,sierreno,1
1pgDilWYDWLoOgGjf1iHNu,urbano latino,1
5lFhCi03HDneWzvCxGctrT,rap,1
5lFhCi03HDneWzvCxGctrT,urbano latino,1
5lFhCi03HDneWzvCxGctrT,trap,1
3LKXWvXFWrkwUzJWxzwVpW,urbano latino,1
3TVXtAsR1Inumwj472S9r4,rap,1
3TVXtAsR1Inumwj472S9r4,hip hop,1
3TVXtAsR1Inumwj472S9r4,pop,1
2cNMMulo6S2a0tHrwX2s6i,pop,1
6kSiYWWt4597uZNH0Cpjig,pop,1
13ubrt8QOOCPljQ2FL1Kca,rap,1
13ubrt8QOOCPljQ2FL1Kca,hip hop,1
6Xb4ezwoAQC4516kI89nWz,pop,1
5vSQUyT33qxr1xAX2Tkf3A,rap,1
5vSQUyT33qxr1xAX2Tkf3A,hip hop,1
5nZADoZFWVB90dHpk5zvXy,hip hop,1
5nZADoZFWVB90dHpk5zvXy,pop,1
55I7E3FxDsnuRqr0sQSrMf,hip hop,1
6TsAG8Ve1icEC8ydeHm3C8,rap,1
4S18DTzCeExY2k5vi6rGWW,pop,1
6acByqWJeuaM0TX5VoY6an,hip hop,1
6kvEy25jX5e1RtdFn1Eo3X,pop,1
1QAJqy2dA3ihHBFIHRphZj,pop,1
4oLeXFyACqeem2VImYeBFe,house,1
5SXuuuRpukkTvsLuUknva1,rap,1
5SXuuuRpukkTvsLuUknva1,hip hop,1
78rUTD7y6Cy67W1RVzYs7t,pop,1
2SrSdSvpminqmStGELCSNd,hip hop,1
2Pn8JMNrnRnSpNRPPgtiWA,rap,1
2Pn8JMNrnRnSpNRPPgtiWA,hip hop,1
2Pn8JMNrnRnSpNRPPgtiWA,trap,1
6IKJyoGeFRCRDb90U6AEzp,rap,1
6IKJyoGeFRCRDb90U6AEzp,drill,1
6IKJyoGeFRCRDb90U6AEzp,trap,1
5m8QXFAKCuty66pOzy9aPZ,pop,1
0hVN0MWgK3oTTBoqBVSRwt,hip hop,1
1iRlPYW9AnnyLTPfy53Mj9,hip hop,1
3Lc2yroP05lRK5z9NtQTkc,hip hop,1
3Lc2yroP05lRK5z9NtQTkc,pop,1
2E93OTghhH2JKYUWt48gFK,hip hop,1
2E93OTghhH2JKYUWt48gFK,pop,1
3aD9K1zaLQ3G7yp9XV5E4D,hip hop,1
3aD9K1zaLQ3G7yp9XV5E4D,pop,1
4cmLVUbkth6BauCptSGKsV,hip hop,1
7meg3neLTT2WR1LDjL8jze,hip hop,1
7meg3neLTT2WR1LDjL8jze,pop,1
0hidKEfknd2aNabseugaN2,rap,1
0hidKEfknd2aNabseugaN2,hip hop,1
0hidKEfknd2aNabseugaN2,trap,1
5aF5rqONOxygQlthvJ5Wjr,drill,1
56fNXc6wRoO6rkxs0mNtL4,hip hop,1
3kKa5RWsRwK2f5Xu2RHBB7,drill,1
2JSX0lIYekUp6F301cTHkq,hip hop,1
3I4GcOB25cSJHa9d7Bsgji,hip hop,1
3I4GcOB25cSJHa9d7Bsgji,pop,1
2zd9YxlsQvA5mkZ1NarYVQ,rap,1
2zd9YxlsQvA5mkZ1NarYVQ,pop,1
0cv9YYFgE0vLVgTjMrOZup,pop,1
0PyeoSEt7RQPbjuzy3JK9O,hip hop,1
3bAa4FKwIgwWYHdaUJicmE,pop,1
4Q4b4S784htx6DtxcMUfMO,pop,1
4yJlK8mRoESpFoPq3sOAi5,hip hop,1
4yJlK8mRoESpFoPq3sOAi5,pop,1
6LkMGN0t3HDNL8hIvma70r,pop,1
5BTRN678gL6XT4kv3TBopQ,hip hop,1
3YC5DVJDjyazvB8hxJSybr,pop,1
4gl9wpGYA4o15ykU2FBnd3,pop,1
4gl9wpGYA4o15ykU2FBnd3,rock,1
5H34mYQz0gLcqPWIOTyDaJ,pop,1
5H34mYQz0gLcqPWIOTyDaJ,rock,1
69pjn3Oxt0azUYEw9NE4S0,pop,1
1fy2OEMI7TX9ayBKxErHK0,hip hop,1
3vUMXQ9kPnZAQkMkZZ7Hfh,hip hop,1
3vUMXQ9kPnZAQkMkZZ7Hfh,pop,1
5Vf6gyVzfo8TnzrPRBg3qo,pop,1
6Te49r3A6f5BiIgBRxH7FH,hip hop,1
6Te49r3A6f5BiIgBRxH7FH,pop,1
7CUFPNi1TU8RowpnFRSsZV,r&b,1
7CUFPNi1TU8RowpnFRSsZV,hip hop,1
7CUFPNi1TU8RowpnFRSsZV,pop,1
7x3eTVPlBiPjXHn3qotY86,r&b,1
7x3eTVPlBiPjXHn3qotY86,hip hop,1
7x3eTVPlBiPjXHn3qotY86,pop,1
4uJNQGa3L2frXDxwgouTIw,r&b,1
4uJNQGa3L2frXDxwgouTIw,hip hop,1
4uJNQGa3L2frXDxwgouTIw,pop,1
26zgIfFyTCImkHAp5gwKW8,r&b,1
2GlEiSHYEKlq9cUYDa9oZb,r&b,1
0PcU18DNfkn3pmbjy5yMFz,r&b,1
3igykO7sW43wfhSjvnETTo,rap,1
6HCBnyTBSLdb3TFn2ayulY,rap,1
6HCBnyTBSLdb3TFn2ayulY,hip hop,1
6HCBnyTBSLdb3TFn2ayulY,pop,1
5gqmbbfjcikQBzPB5Hv13I,rap,1
5gqmbbfjcikQBzPB5Hv13I,hip hop,1
5gqmbbfjcikQBzPB5Hv13I,pop,1
5gqmbbfjcikQBzPB5Hv13I,r&b,1
5gqmbbfjcikQBzPB5Hv13I,drill,1
3YBJLs7RqR0aPGBgU27nDh,hip hop,1
3YBJLs7RqR0aPGBgU27nDh,pop,1
58wXmynHaAWI5hwlPZP3qL,rap,1
58wXmynHaAWI5hwlPZP3qL,hip hop,1
58wXmynHaAWI5hwlPZP3qL,pop,1
7DUTsWY3RBd64vh8UtgtYA,hip hop,1
7DUTsWY3RBd64vh8UtgtYA,pop,1
20JMfmzDb5cjHxEoMXXMyY,rap,1
20JMfmzDb5cjHxEoMXXMyY,drill,1
20JMfmzDb5cjHxEoMXXMyY,pop,1
4IS4EyXNmiI2w5SRCjMtEF,pop,1
5gs4Sm2WQUkcGeikMcVHbh,rap,1
5gs4Sm2WQUkcGeikMcVHbh,hip hop,1
5gs4Sm2WQUkcGeikMcVHbh,pop,1
7CW7QdOgRStOg7JktRuZ3E,r&b,1
7CW7QdOgRStOg7JktRuZ3E,pop,1
2z2TRvloJt4EfUNQp9rHAi,r&b,1
2z2TRvloJt4EfUNQp9rHAi,rap,1
2z2TRvloJt4EfUNQp9rHAi,hip hop,1
2z2TRvloJt4EfUNQp9rHAi,pop,1
2jFnPm8VeSO19i6B8blXB5,r&b,1
2jFnPm8VeSO19i6B8blXB5,hip hop,1
2jFnPm8VeSO19i6B8blXB5,pop,1
2rEVnwCPBeGkWMv425KoG1,pop,1
1qQLhymHXFPtP5U8KNKsm6,hip hop,1
39KEQQAG9JhIt71g9NEVhh,hip hop,1
1aS5tqEs9ci5P9KD9tZWa6,hip hop,1
6h1s4i4XKIYv4ErDelLDN0,hip hop,1
1yIifIA91WgmfzBcjbQB8i,hip hop,1
07SFzTMeYf5P8Rd32a9Zzw,hip hop,1
3NZPZUWDcJngcu8MuBpT69,hip hop,1
0PPCPsuv0iOAYKGR2SkFal,rap,1
0PPCPsuv0iOAYKGR2SkFal,hip hop,1
6GoNVmYCl0yUm4pEp80vn6,rap,1
6GoNVmYCl0yUm4pEp80vn6,hip hop,1
4hK7sEnm0se5bqoI3Yb5o1,pop,1
4Yttlv9ndGjCDCVLqM7ACq,hip hop,1
4Yttlv9ndGjCDCVLqM7ACq,pop,1
3F2BUPEkX9IDaRYAeJN0Gh,hip hop,1
3ZuBEj9ppJe8GSdKaMTfMN,hip hop,1
0t84CBqmvihsUVFme33TLd,hip hop,1
5j21TGkrNEAJe3gG9VlS34,hip hop,1
5pVRwX5ZQR7hfJ18w8ZYkl,rap,1
5pVRwX5ZQR7hfJ18w8ZYkl,hip hop,1
3pjq2pDV9RR6VY55wBjVnp,hip hop,1
1yBH6dqnD6xzSeCjXp9pKm,rap,1
1yBH6dqnD6xzSeCjXp9pKm,trap,1
0cy6ZMOTeautXRNJsR6PiV,rap,1
0cy6ZMOTeautXRNJsR6PiV,drill,1
0cy6ZMOTeautXRNJsR6PiV,trap,1
6WzxopGY3sy97IeNFaDELc,rap,1
6WzxopGY3sy97IeNFaDELc,drill,1
6WzxopGY3sy97IeNFaDELc,trap,1
6wN4QyhoM6fN49kEB25rnl,rap,1
6wN4QyhoM6fN49kEB25rnl,hip hop,1
6wN4QyhoM6fN49kEB25rnl,trap,1
6hyFvbMnKrLVujJZnovsWz,rap,1
6hyFvbMnKrLVujJZnovsWz,hip hop,1
6hyFvbMnKrLVujJZnovsWz,pop,1
2bucjueNUx2aVTUA7zj6w7,rap,1
2bucjueNUx2aVTUA7zj6w7,trap,1
1zeAbUJAbLOWeYpgRVnYmu,rap,1
1zeAbUJAbLOWeYpgRVnYmu,drill,1
1zeAbUJAbLOWeYpgRVnYmu,trap,1
7zYmrye7LvmpMkfHWrENu9,rap,1
7zYmrye7LvmpMkfHWrENu9,trap,1
3KcZf8BFeFBtnGyOZmUggd,rap,1
3KcZf8BFeFBtnGyOZmUggd,hip hop,1
3KcZf8BFeFBtnGyOZmUggd,trap,1
29Bl0nvClztM0dpgY2vvcc,rap,1
29Bl0nvClztM0dpgY2vvcc,hip hop,1
29Bl0nvClztM0dpgY2vvcc,trap,1
48h12D3cJbqfn1ReVL9qbw,drill,1
6YYOTK6Qyv6PuFipPxCCoe,drill,1
7AWAljMatr7bxddF4kWzXG,rap,1
7AWAljMatr7bxddF4kWzXG,hip hop,1
7AWAljMatr7bxddF4kWzXG,trap,1
1LxWE4LOhnqeaAx2tVUK6p,rap,1
1LxWE4LOhnqeaAx2tVUK6p,hip hop,1
1LxWE4LOhnqeaAx2tVUK6p,trap,1
39E15l8zeCDYpSZwFNX4G2,pop,1
69EosSfMcqIxCMw7VeVPVC,pop,1
6OBgaDVTONTa4rkGpE7sVE,rap,1
6OBgaDVTONTa4rkGpE7sVE,trap,1
5YquORfLTx6nWMlBzJstx7,pop,1
1UdbiTrv73Dp7F0s3OHmn2,rap,1
1UdbiTrv73Dp7F0s3OHmn2,hip hop,1
1UdbiTrv73Dp7F0s3OHmn2,trap,1
3qg78GGGWP04yTv0ZQMsXl,pop,1
5XABVWdxtyuupsE2YUGrma,rap,1
5XABVWdxtyuupsE2YUGrma,trap,1
2ra3quFhImLyv0c9XTnWFl,rap,1
2ra3quFhImLyv0c9XTnWFl,pop,1
2ra3quFhImLyv0c9XTnWFl,trap,1
2wn1GEkgU8x5i1fstfxog4,hip hop,1
5svarA8QyRUWetgH9ZouQq,rap,1
5svarA8QyRUWetgH9ZouQq,drill,1
5svarA8QyRUWetgH9ZouQq,trap,1
1OJxI4NQfY6osMvhfRMMEX,hip hop,1
1OJxI4NQfY6osMvhfRMMEX,drill,1
2SabhGDiBSyaM6QSuBUVqB,rap,1
2SabhGDiBSyaM6QSuBUVqB,hip hop,1
2SabhGDiBSyaM6QSuBUVqB,pop,1
2SabhGDiBSyaM6QSuBUVqB,trap,1
0vUcZVCNG7i5OV0zb8Icfw,rap,1
0vUcZVCNG7i5OV0zb8Icfw,hip hop,1
0vUcZVCNG7i5OV0zb8Icfw,trap,1
1RqOmrtivmvKrfBO81j1ou,rap,1
1RqOmrtivmvKrfBO81j1ou,trap,1
3jPN2U65cMPzvozEBue5zp,rap,1
3jPN2U65cMPzvozEBue5zp,trap,1
0WxSlQlue0fq99fXfGBmxA,rap,1
0WxSlQlue0fq99fXfGBmxA,trap,1
2FTua3TeIGnmQQrN80DinP,pop,1
4Rh80sXmcG4xDP1r6dTNiQ,corrido,1
6Sbl0NT50roqWvy746MfVf,corrido,1
6Sbl0NT50roqWvy746MfVf,sierreno,1
5YqI7p8zYsOpKJtjxYdOce,corrido,1
3p8PwzenE7ktd4BVFuQzMD,corrido,1
3p8PwzenE7ktd4BVFuQzMD,sierreno,1
5vV3bFXnN6D6N3Nj4xRvaV,k-pop,1
5vV3bFXnN6D6N3Nj4xRvaV,pop,1
4dqqy9z09htrVsRiJpoQmw,hip hop,1
4dqqy9z09htrVsRiJpoQmw,pop,1
0zmW213tzA7NFv6ESRso7N,hip hop,1
0zmW213tzA7NFv6ESRso7N,pop,1
6EIriUxo7vznEgJtTDlXpq,pop,1
7JOS2dpikWR1qxVZfLbKju,rap,1
7JOS2dpikWR1qxVZfLbKju,trap,1
3RDALl5RyRDHPryF1uyWwG,rap,1
3RDALl5RyRDHPryF1uyWwG,hip hop,1
3RDALl5RyRDHPryF1uyWwG,pop,1
3RDALl5RyRDHPryF1uyWwG,trap,1
35BhE5C6szF898n5WgUSgO,rap,1
35BhE5C6szF898n5WgUSgO,pop,1
35BhE5C6szF898n5WgUSgO,trap,1
5Zwlr28h134D0OzxzUfVCA,rap,1
5Zwlr28h134D0OzxzUfVCA,hip hop,1
5Zwlr28h134D0OzxzUfVCA,pop,1
5Zwlr28h134D0OzxzUfVCA,trap,1
2dmFGufs1lJpgKnb5NyPNS,pop,1
2O9w0WQhGtr7oQWG6nUqh5,hip hop,1
2O9w0WQhGtr7oQWG6nUqh5,pop,1
5ALUgNuS421MZrrrAhM9Bv,hip hop,1
5ALUgNuS421MZrrrAhM9Bv,pop,1
0Qld3F5Dr62sYbuivSzEMw,hip hop,1
0Qld3F5Dr62sYbuivSzEMw,pop,1
3PMRY3PR5xAe5UpRfPPuaG,rap,1
3PMRY3PR5xAe5UpRfPPuaG,hip hop,1
3PMRY3PR5xAe5UpRfPPuaG,pop,1
3PMRY3PR5xAe5UpRfPPuaG,trap,1
5Y82XghASZwxaZGe7tJVUJ,pop,1
1O4dvMoyQSIClCii6DSai8,pop,1
3T7cPgj4vAIoSdypl7cNH8,pop,1
0EQbKeNi7GXjfN2LndmReh,pop,1
5x9gQC3VztdH5mQO5EEi9y,rap,1
5x9gQC3VztdH5mQO5EEi9y,pop,1
5x9gQC3VztdH5mQO5EEi9y,trap,1
4imSxhDqtkiuKUamV1AL2l,pop,1
6MBiPjSFsYijvVDtKDwVs4,hip hop,1
6MBiPjSFsYijvVDtKDwVs4,pop,1
0OCQtSY66ZM9xUUsuvjDXw,pop,1
4jfe3cL8wzjPxD9CViP2dW,hip hop,1
4jfe3cL8wzjPxD9CViP2dW,pop,1
1tNJibl39hvCIVSnGaiwx5,pop,1
7FRQP6Ivwv3DQCLxpR3I6Z,hip hop,1
5fxRKBJNkss9n22ePnifL6,hip hop,1
734Ea35ORu5chErtoqMMtU,hip hop,1
6100Rwk1ypJpElhvxSKju4,pop,1
3hvKmeo12OU7ai8Mpgraf7,hip hop,1
5A5hVxY3BogJUch1IUcuw7,pop,1
6opz1Ax3VqCmeQBGax1erx,pop,1
7rjcERw1K9oR9vtik3YSJN,hip hop,1
7rjcERw1K9oR9vtik3YSJN,pop,1
4ynaUZA4BVF6d2XaNuflVz,pop,1
6TBRY5HueSwE3yVgBIHcy2,pop,1
4gdMJYnopf2nEUcanAwstx,pop,1
05etL4pzWd6TSv1x5WrlG3,pop,1
22UtphG4LcwxlhhV0aP4js,pop,1
1SyKki7JI1AZNKwgNMkn25,pop,1
1E6arsXf5Fgsnv9YpSzjpE,pop,1
1mBydYMVBECdDmMfE2sEUO,pop,1
7uIbLdzzSEqnX0Pkrb56cR,hip hop,1
4zCH9qm4R2DADamUHMCa6O,hip hop,1
5VVN3xZw1i2qihfITZlvCZ,pop,1
1T7MiVJ2MJlR5GKi11w4VT,pop,1
2rN8LHqK4TBI7y3d9POvJb,hip hop,1
2rN8LHqK4TBI7y3d9POvJb,pop,1
4PY2xnTu90K0hvkgcljRJl,pop,1
2FKWNmZWDBZR4dE5KX4plR,pop,1
6DARBhWbfcS9E4yJzcliqQ,hip hop,1
6DARBhWbfcS9E4yJzcliqQ,pop,1
3nqS8jzqmsPKFJTp0BOIel,pop,1
4f7KfxeHq9BiylGmyXepGt,pop,1
5wJ1H6ud777odtZl5gG507,pop,1
0y59o4v8uw5crbN9M3JiL1,rap,1
0y59o4v8uw5crbN9M3JiL1,hip hop,1
0y59o4v8uw5crbN9M3JiL1,trap,1
183DgO92lAqgpVVNKI7ZKF,pop,1
3ozYqVCLohfpXIhalkhM8D,pop,1
5TNSXFCNwlq2CfiMcNOCDP,pop,1
3iGhlvzpXc0UHBQ7klAItX,pop,1
05dG9pMLRWenxzvSmefE6U,pop,1
6WOdPJmexxFINcKMkP2jMG,pop,1
6q29t5RuXxlBuqIZsOMQss,pop,1
2cjQTf2J5yCaNY8qHpW855,hip hop,1
2cjQTf2J5yCaNY8qHpW855,pop,1
4gzrZDyL5gYiROkv27pYKx,pop,1
5r3wPya2PpeTTsXsGhQU8O,hip hop,1
2oSONSC9zQ4UonDKnLqksx,pop,1
3qpyErDI4i90q5EGgSRmNK,pop,1
682M6cmwGHOyAB1ZmPv38W,pop,1
4xNgNFUMUuGCoy7IX74Y60,pop,1
5gZhfbckaWo89OzDSk3gdT,pop,1
6LEG9Ld1aLImEFEVHdWNSB,hip hop,1
6LEG9Ld1aLImEFEVHdWNSB,pop,1
74OaRjmyh0XyRZsQQQ5l7c,pop,1
2GoeZ0qOTt6kjsWW4eA6LS,pop,1
3dN9MQpjIyNxyeRfz4EDZe,pop,1
3nLLr3ShsQC2Hdrwjl14ie,pop,1
5Plk4JdCzMxhAHSRTEsxJp,pop,1
6X28gNASnalAWseUA8uI4X,hip hop,1
6X28gNASnalAWseUA8uI4X,pop,1
3tMTXQyRrPmMyHv5SoC0TV,pop,1
1v1khTmozNfxB2ET1Ep288,pop,1
1v1khTmozNfxB2ET1Ep288,rock,1
6Sv2jkzH9sWQjwghW5ArMG,pop,1
6YPfs6tdZXvnlzgZNU3SYT,pop,1
3wOsYKZM0zcKNasi3I7fP4,pop,1
327ipGIr9bD3MkLb2eucqC,pop,1
66NmU5epI0ONGmdCRbLpmW,pop,1
1JvbNeV9zG9Sew1JyaWsyx,pop,1
20zafXaLhm5IcXnSU93rNn,pop,1
1WX2v0BiEW19Vw7xmznLdZ,pop,1
06QVnTCdjs4jPKO0487EGV,pop,1
51kyrUsAVqUBcoDEMFkX12,pop,1
1NjxFrpEGZTV2Ny0OJxeWu,pop,1
0kw7tMniMnrp9Pcr7vgDAm,pop,1
6UgERnTHmjk3qXM9x5vzyO,r&b,1
4sEWznAKWWNcicTuLxzb6d,pop,1
4sEWznAKWWNcicTuLxzb6d,rock,1
1ZT1OfVAO3kpOEHVejBxV8,pop,1
2iDVt6mFbtbDEZG5ax0dTi,pop,1
4bAgr9zaF0bpzVGHdHuf0f,pop,1
611ajYp7fMbkU5CYF08tje,pop,1
6O74knDqdv3XaWtkII7Xjp,r&b,1
2dyCbip3jAVmQNAs7Sg8Y9,pop,1
3DHOtJqv0Bw65ENlK4FiSF,pop,1
3DHOtJqv0Bw65ENlK4FiSF,rock,1
4IWBUUAFIplrNtaOHcJPRM,pop,1
1zNqDE7qDGCsyzJwohVaoX,pop,1
0kPb52ySN2k9P6wEZPTUzm,pop,1
6RoZip1Hn7ahR6MjzBKKLK,pop,1
5L1lO4eRHmJ7a0Q6csE5cT,k-pop,1
5L1lO4eRHmJ7a0Q6csE5cT,pop,1
7Ln5yumFjHCkeZ8bAzHUcp,pop,1
4ubEZ6sMsrrbQChueyouCC,pop,1
39B7ChWwrWDs7zXlsu3MoP,house,1
39B7ChWwrWDs7zXlsu3MoP,pop,1
7zAAwgV5Wqmvpb4GzvlRkP,pop,1
0Cs47vvRsPgEfliBU9KDiB,house,1
0Cs47vvRsPgEfliBU9KDiB,pop,1
4qU7IJSReZnsLy5907Mtau,rock,1
1Wq2STGiL7ZaIHAm5jMakc,pop,1
7lwdlhwSxbB36wqnOwo5Kd,hip hop,1
1IAEef07H0fd9aA8aUHUlL,pop,1
1wak0ZG1LUrZPYx8RDTQoD,pop,1
28jEBK1RysfSUBHFofFflA,pop,1
3cDi1D2FHMVgljfdB1QVgr,pop,1
7o5IkQicos4SrXeny1LOZr,pop,1
2YHuWGXNWLmpBTKo1rQ3me,hip hop,1
0pv7p5CElqhjhzyPD4eXpe,hip hop,1
01r7peBt7lJhz42nE04rpM,rap,1
01r7peBt7lJhz42nE04rpM,hip hop,1
01r7peBt7lJhz42nE04rpM,trap,1
7MKSeamhiRpa0xiS4FHGSC,rap,1
7MKSeamhiRpa0xiS4FHGSC,trap,1
3umXlcgiDTcCRkvPVobeJc,hip hop,1
3umXlcgiDTcCRkvPVobeJc,pop,1
17pbOSPIn3lmY0vHhOlKGL,hip hop,1
17pbOSPIn3lmY0vHhOlKGL,pop,1
1CD5WWtF6AFUq6BTY20I4k,rock,1
6ltKIf1bortd0DQbpgKdQu,hip hop,1
78u2puZeKJRYIfNHkx2Jdh,hip hop,1
0T0COcAFHD9oZ704HbZr2A,pop,1
2JQK9mzxqKz16lSgICHDTx,rap,1
2JQK9mzxqKz16lSgICHDTx,hip hop,1
2JQK9mzxqKz16lSgICHDTx,trap,1
72UMGUwvrkXSesefytfLWy,pop,1
2PEMswqQspTSsAltdeF5kO,hip hop,1
2PEMswqQspTSsAltdeF5kO,drill,1
0hk4xVujcyOr6USD95wcWb,rap,1
0hk4xVujcyOr6USD95wcWb,hip hop,1
0hk4xVujcyOr6USD95wcWb,trap,1
25u1DN0MwQVSav4XoJS7hl,rap,1
25u1DN0MwQVSav4XoJS7hl,pop,1
1A6HBLulvBFzNtlMb7b08f,pop,1
4rj3KWaLAnuxgtMMkypZhf,pop,1
7GacyaFUp0qkEJglERX9N7,pop,1
396Jr76018oUMR6QBnqT8T,pop,1
0lI3rF4hi4op6UxqlLHPzv,hip hop,1
0lI3rF4hi4op6UxqlLHPzv,pop,1
3yGA8yyowtKVXgNIXguMfz,rap,1
3yGA8yyowtKVXgNIXguMfz,hip hop,1
27LlKWxS3KXW7RRAxN5S8s,rap,1
27LlKWxS3KXW7RRAxN5S8s,hip hop,1
27LlKWxS3KXW7RRAxN5S8s,pop,1
27LlKWxS3KXW7RRAxN5S8s,trap,1
7K80yOTC0Id95gRaOxDG5u,hip hop,1
7K80yOTC0Id95gRaOxDG5u,pop,1
4w9mPW732RnZkoqsy3lRsg,hip hop,1
0jdNdfi4vAuVi7a6cPDFBM,rap,1
0jdNdfi4vAuVi7a6cPDFBM,hip hop,1
0jdNdfi4vAuVi7a6cPDFBM,pop,1
0jdNdfi4vAuVi7a6cPDFBM,trap,1
0EUR8jz8L936AEbV2Spkca,hip hop,1
6RdcIWVKYYzNzjQRd3oyHS,pop,1
76UCIJTB0jcJvBaL0CdIqx,hip hop,1
76UCIJTB0jcJvBaL0CdIqx,pop,1
3wDn3kW2zDRLnaQAnX0S3x,rap,1
3wDn3kW2zDRLnaQAnX0S3x,hip hop,1
2pzFTbri7ew8mW2CbYpCNq,hip hop,1
35V1WomiedCJeGfupcPm7s,pop,1
2K5nCggbhSZ00YCYP5qkZS,rap,1
2K5nCggbhSZ00YCYP5qkZS,hip hop,1
2K5nCggbhSZ00YCYP5qkZS,pop,1
2K5nCggbhSZ00YCYP5qkZS,trap,1
3egWSWp7Y4FyCKIyvXbw7L,hip hop,1
3egWSWp7Y4FyCKIyvXbw7L,pop,1
7GgpsUpkj3olseoaTY7TEY,pop,1
11TplWqOPQBTmg2eiSLt1m,pop,1
1rWg0CyGoCsRYYtpj5NC5P,pop,1
1AgAVqo74e2q4FVvg0xpT7,rap,1
1AgAVqo74e2q4FVvg0xpT7,hip hop,1
1AgAVqo74e2q4FVvg0xpT7,pop,1
1AgAVqo74e2q4FVvg0xpT7,trap,1
0EqkKYDK9EkKY5N7zU3FPv,pop,1
6CKch2otN4SPznHf9ms5JF,rap,1
6CKch2otN4SPznHf9ms5JF,hip hop,1
6CKch2otN4SPznHf9ms5JF,pop,1
6CKch2otN4SPznHf9ms5JF,trap,1
3AVx3OBPIk4pJQllAXoVs1,pop,1
5f7VJjfbwm532GiveGC0ZK,rap,1
5f7VJjfbwm532GiveGC0ZK,hip hop,1
5f7VJjfbwm532GiveGC0ZK,trap,1
2E6AK3UPEGCvjnzuygCh2h,rap,1
2E6AK3UPEGCvjnzuygCh2h,hip hop,1
2E6AK3UPEGCvjnzuygCh2h,trap,1
6PsQc21YZU7WNfiODG69Qk,rap,1
6PsQc21YZU7WNfiODG69Qk,hip hop,1
5SulO4l40qDuV9zUGLZx7n,rap,1
5SulO4l40qDuV9zUGLZx7n,hip hop,1
5SulO4l40qDuV9zUGLZx7n,pop,1
5SulO4l40qDuV9zUGLZx7n,trap,1
3LvwPiJQJ0da0GurKMToV0,rap,1
3LvwPiJQJ0da0GurKMToV0,trap,1
1UjxAZqzphB1tsMb1aWBj0,rap,1
2R4kNOwHUUsuDYhKsESVbF,hip hop,1
3hN3iJMbbBmqBSAMx5veDa,pop,1
3XTUciJcdix4GkO9YoBdtP,pop,1
23TFHmajVfBtlRx5MXqgoz,rap,1
23TFHmajVfBtlRx5MXqgoz,hip hop,1
23TFHmajVfBtlRx5MXqgoz,pop,1
23TFHmajVfBtlRx5MXqgoz,trap,1
06nvjg4wBANK6DCHjqtPNd,pop,1
0gzwXezN4IUHAwLufA6YcX,pop,1
5FEh6KHK99CyLXp3qFvZFM,r&b,1
5FEh6KHK99CyLXp3qFvZFM,rap,1
5FEh6KHK99CyLXp3qFvZFM,hip hop,1
4MR6tQyIrWK82b56cYPBDv,pop,1
08ppjXEpROUgrG1X0DEquB,rap,1
08ppjXEpROUgrG1X0DEquB,hip hop,1
08ppjXEpROUgrG1X0DEquB,trap,1
0vAALEhfbmllIOX1t7k5KU,hip hop,1
4QvgGvpgzgyUOo8Yp8LDm9,rock,1
4QvgGvpgzgyUOo8Yp8LDm9,pop,1
0pWR7TsFhvSCnbmHDjWgrE,pop,1
0IwZVmMMGE7nNXS7vN9SIo,k-pop,1
0IwZVmMMGE7nNXS7vN9SIo,pop,1
6YVMFz59CuY7ngCxTxjpxE,k-pop,1
6YVMFz59CuY7ngCxTxjpxE,pop,1
5Vo1hnCRmCM6M4thZCInCj,rock,1
5Vo1hnCRmCM6M4thZCInCj,pop,1
6rs1KAoQnFalSqSU4LTh8g,pop,1
6rs1KAoQnFalSqSU4LTh8g,rock,1
71UIOLnsacxQHlU55TvfiH,pop,1
71hQB5jxdNiHk5gzZRhicQ,rock,1
71hQB5jxdNiHk5gzZRhicQ,pop,1
63ylN6WBUUxxMsySiDmr0B,pop,1
2IUl3m1H1EQ7QfNbNWvgru,pop,1
6wxfx1yhyqjCPYwwxJktR2,pop,1
0ixzjrK1wkN2zWBXt3VW3W,pop,1
4SpbR6yFEvexJuaBpgAU5p,k-pop,1
4SpbR6yFEvexJuaBpgAU5p,pop,1
6sX1XKgDIiAcVZof0SgWUe,rock,1
64tJ2EAv1R6UaZqc4iOCyj,pop,1
36cgvBn0aadzOijnjjwqMN,k-pop,1
36cgvBn0aadzOijnjjwqMN,pop,1
0LOK81e9H5lr61HlGGHqwA,k-pop,1
0LOK81e9H5lr61HlGGHqwA,pop,1
4UK2Lzi6fBfUi9rpDt6cik,pop,1
7mvhRvEAHiCTQHUnH7fgnv,pop,1
1snhtMLeb2DYoMOcVbb8iB,pop,1
38WbKH6oKAZskBhqDFA8Uj,pop,1
72owWXEwmyfKq3ajrajPAN,rock,1
6mEQK9m2krja6X1cfsAjfl,pop,1
5TZ0uM0InXX4LtI8hTsXlv,hip hop,1
5TZ0uM0InXX4LtI8hTsXlv,pop,1
6e7rMLAtwn5YRapc2iHAlG,pop,1
3JLa8aXwsmX727vtb4bPUi,pop,1
1e9PC6DAoGYlg0r6Q1VWcI,pop,1
2RntBZZLAjvQxQhOKHHhX9,hip hop,1
2RntBZZLAjvQxQhOKHHhX9,pop,1
7Ln80lUS6He07XvHI8qqHH,rock,1
1nQdZyarkEApwhC24Ftdpk,rap,1
1nQdZyarkEApwhC24Ftdpk,hip hop,1
47UTUDCdtoo8P4YQAq9uFr,hip hop,1
47UTUDCdtoo8P4YQAq9uFr,pop,1
7aNi4lXLvcdKjZGIVbzdmu,pop,1
4CMquFsyU5t2qKaveFHv3B,pop,1
0Qy71aidwpN3kMH1fG8cJt,pop,1
5Srmck3vhC1RB1hAhqUk3W,pop,1
6Z6djJ1zi15vWmODy2Qt08,pop,1
6XlJ3b8DflSGBQmAOd38aj,hip hop,1
6XlJ3b8DflSGBQmAOd38aj,pop,1
1nzIoHG5B7klgAPdwjqRDj,funk,1
7ANOnrs1reQqbI9CGpQCQy,hip hop,1
250b0Wlc5Vk0CoUsaCY84M,k-pop,1
250b0Wlc5Vk0CoUsaCY84M,pop,1
1pBLC0qVRTB5zVMuteQ9jJ,pop,1
1bYE7N4miu1B9YOETbsxc4,pop,1
5u6VEc0OwUChkBhYfAcSWS,hip hop,1
4GQp7nMuGPcy2EgiWV2GoK,pop,1
1x6BAYMOuypMaYEDC7cqU7,pop,1
6jAmGa0ssb0T7yCsDCvMvk,hip hop,1
7shMk1uQMXeODDEGmbC8IL,pop,1
7Buj3BepqTe1ACFEa8x93l,hip hop,1
5IxWv5qXFhkzRt91O4i6gU,hip hop,1
3X4o7qy1ci4qtCVg2AtuXb,hip hop,1
7u9HzYQPhBC92mdvpzGqu8,hip hop,1
4qvH4YJ2ESxPSJ2sLMHxM5,hip hop,1
2kCcBybjl3SAtIcwdWpUe3,rap,1
2kCcBybjl3SAtIcwdWpUe3,hip hop,1
15UsOTVnJzReFVN1VCnxy4,rap,1
15UsOTVnJzReFVN1VCnxy4,hip hop,1
5p9HO3XC5P3BLxJs5Mtrhm,pop,1
4Oa84NTjAiJwpRMRMnMqlY,pop,1
0CinAWYkte8opxVAPI3nMu,pop,1
3jfKIjYYnAfdUW40Uragnd,hip hop,1
3jfKIjYYnAfdUW40Uragnd,pop,1
17IHT4KW6k85SHKiSAssQt,pop,1
2YLwIrzSnsbpBMKWzwu6JD,pop,1
6fuceMe1tElXcrzMaSjdcy,pop,1
45gxkYJJ7Od6URk57yexCs,pop,1
7o4wZjVHHWe4gw4oenPmcK,pop,1
53xjuOkCa7byXggNs2VZOw,rap,1
53xjuOkCa7byXggNs2VZOw,trap,1
6jx9UX4W6wVbifcN8U246U,pop,1
7AczdBjiNUjo4pxVVucvw1,pop,1
7HOmuShc6sajk74rYV7zR2,house,1
314gEtVHpWMBWfExBpeBwz,pop,1
0Y2zzjMum7MSOCvI0GNbv5,rap,1
0Y2zzjMum7MSOCvI0GNbv5,hip hop,1
0Y2zzjMum7MSOCvI0GNbv5,trap,1
56OLtN2Eqc3fMT40ehCj5d,pop,1
5YGY8feqx7naU7z4HrwZM6,pop,1
3uSnvyMAFJTm7XkZJFo0xP,pop,1
1SIocsqdEefUTE6XKGUiVS,k-pop,1
1SIocsqdEefUTE6XKGUiVS,pop,1
0zo8fkOQyrawuBfIhy99jb,pop,1
3c0gDdb9lhnHGFtP4prQpn,k-pop,1
3c0gDdb9lhnHGFtP4prQpn,pop,1
7hr9W3IjXcm3UlLY7guLk5,pop,1
6FTLayBxjkQeanFdUusk1I,pop,1
70NcAr4ZtA3FAqU16iQZSb,pop,1
30b9WulBM8sFuBo17nNq9c,k-pop,1
30b9WulBM8sFuBo17nNq9c,rap,1
30b9WulBM8sFuBo17nNq9c,pop,1
4TEK9tIkcoxib4GxT3O4ky,k-pop,1
4TEK9tIkcoxib4GxT3O4ky,pop,1
5fS7aONqrIhiw6YzgKVOsd,pop,1
0NlNru2YcUz6RbnpYGQz26,corrido,1
4yjm4SvYqC5FFuLbB6TyHr,urbano latino,1
7yCGrS6Xh3UngvY6Ad5sMJ,corrido,1
7yCGrS6Xh3UngvY6Ad5sMJ,sierreno,1
0T8Ix53aIN4F7aEKj4EnKy,corrido,1
4BFLElxtBEdsdwGA1kHTsx,rap,1
4BFLElxtBEdsdwGA1kHTsx,hip hop,1
7DBIKXxSh2BMPqSN7UB4rS,rap,1
7DBIKXxSh2BMPqSN7UB4rS,hip hop,1
7DBIKXxSh2BMPqSN7UB4rS,trap,1
0eLoiWLwWeaHGNkYke5G1k,rap,1
4PgPJfNYhFaHAV5C5dFhYS,rap,1
7vg7wkmGzMEM7p2ZkMPHJS,rap,1
5Et8bRmkENeaA7SPwj1OxL,rap,1
5Et8bRmkENeaA7SPwj1OxL,trap,1
7LC7LQ1f1CzaRLobFcblZN,rap,1
0rqQfmTWtmxzlrNmnruQXS,rap,1
5CtPAGoxpJ4yLJLx6CSrO8,rap,1
5CtPAGoxpJ4yLJLx6CSrO8,hip hop,1
5CtPAGoxpJ4yLJLx6CSrO8,pop,1
76wDwepIombkHCdm0kas1h,rap,1
76wDwepIombkHCdm0kas1h,pop,1
2XgBaGUId4RuYzvXYEKikZ,rap,1
2XgBaGUId4RuYzvXYEKikZ,pop,1
2g8Pu5gVtDpkYGsP3RLepJ,rap,1
5k63RPpkbbyVuufLXS2GTe,drill,1
3kd62SrugthLOzen7XmzG6,pop,1
1H0D7p5aN8tGG8DPLt0Nbv,rap,1
1H0D7p5aN8tGG8DPLt0Nbv,hip hop,1
1H0D7p5aN8tGG8DPLt0Nbv,pop,1
3IRAzpoLeNDGv7kqwNK3bp,rap,1
3IRAzpoLeNDGv7kqwNK3bp,pop,1
0bmKQDkU4J3gUykZS8tb6v,rap,1
0bmKQDkU4J3gUykZS8tb6v,hip hop,1
25eYSizNX4BK5ZtqAq8pE8,pop,1
6g4L5CJkiMINgAzUQsb7fr,rap,1
6g4L5CJkiMINgAzUQsb7fr,trap,1
4vyibjuGePnrB7BzbHkA6u,rap,1
1wAtSe79kItIb9nf5EhI2Q,rap,1
1wAtSe79kItIb9nf5EhI2Q,hip hop,1
1wAtSe79kItIb9nf5EhI2Q,pop,1
5Do9u0GoN4gFn6Nk8NGDhh,rap,1
7douYKOyzk9ZRvGFu9UOnm,rap,1
3898xesz6JuQkpz7Kiu4uM,pop,1
010ZclHHy7BrTO5AQ0xGgn,hip hop,1
010ZclHHy7BrTO5AQ0xGgn,drill,1
6uQiTAaIF0UBTED52UMcZp,hip hop,1
6uQiTAaIF0UBTED52UMcZp,drill,1
5aR7M98Z0H5SzbGOIfkIQt,rap,1
5aR7M98Z0H5SzbGOIfkIQt,hip hop,1
5aR7M98Z0H5SzbGOIfkIQt,pop,1
2ylIKKdMukkuprCgY4ZDFE,hip hop,1
6m1LYS5NQonxjOcQFPQOb5,rap,1
6m1LYS5NQonxjOcQFPQOb5,hip hop,1
6m1LYS5NQonxjOcQFPQOb5,pop,1
5GvMLzUp6tMBpaCbr903RN,rap,1
5GvMLzUp6tMBpaCbr903RN,hip hop,1
5GvMLzUp6tMBpaCbr903RN,pop,1
30mNTnmvPn3HwXA5dW1Iza,pop,1
30mNTnmvPn3HwXA5dW1Iza,rock,1
70SvhGqakpocD7GxVYnnBC,rap,1
70SvhGqakpocD7GxVYnnBC,hip hop,1
70SvhGqakpocD7GxVYnnBC,drill,1
70SvhGqakpocD7GxVYnnBC,pop,1
0Kwf0zcciIFGLCKiqNcO6Q,rap,1
0Kwf0zcciIFGLCKiqNcO6Q,hip hop,1
0Kwf0zcciIFGLCKiqNcO6Q,pop,1
0uBVyPbLZRDNEBiA4fZUlp,pop,1
1zT9SWCzN45r7oVhy0VYLK,pop,1
2YkP9pfIZ6hJKeuppuz8qT,rap,1
2YkP9pfIZ6hJKeuppuz8qT,pop,1
6zEaCvF0CqEHs7kFyBkLHi,hip hop,1
5adKMaYrGOMyOfnbiLPuHg,rap,1
5adKMaYrGOMyOfnbiLPuHg,hip hop,1
5adKMaYrGOMyOfnbiLPuHg,pop,1
7bTUZU8QavxiW0GtvEVP0M,drill,1
7bTUZU8QavxiW0GtvEVP0M,rap,1
7bTUZU8QavxiW0GtvEVP0M,pop,1
3Ptyea6E1lJgg6W64f0OQa,rap,1
3Ptyea6E1lJgg6W64f0OQa,hip hop,1
3Ptyea6E1lJgg6W64f0OQa,pop,1
0MSYpagcvnSP2o91Ji2OCw,rap,1
0MSYpagcvnSP2o91Ji2OCw,hip hop,1
0MSYpagcvnSP2o91Ji2OCw,pop,1
3AlRiyjMywTVNzTcHbf9QT,rap,1
3AlRiyjMywTVNzTcHbf9QT,hip hop,1
3AlRiyjMywTVNzTcHbf9QT,pop,1
5yDkaiPTFbHGWCMXAEBt5Q,hip hop,1
5qeFPM2PZUCzcpkY4e4RC8,hip hop,1
3IYUhFvPQItj6xySrBmZkd,country,1
3IYUhFvPQItj6xySrBmZkd,rock,1
0L8ExT028jH3ddEcZwqJJ5,rock,1
0L8ExT028jH3ddEcZwqJJ5,funk,1
7ohlPA8dRBtCf92zaZCaaB,rock,1
39T6qqI0jDtSWWioX8eGJz,country,1
39T6qqI0jDtSWWioX8eGJz,rock,1
4YLtscXsxbVgi031ovDDdh,country,1
0UWZUmn7sybxMCqrw9tGa7,pop,1
0UWZUmn7sybxMCqrw9tGa7,rock,1
7lKk7yXNockkDjhb1GCeOy,rap,1
7lKk7yXNockkDjhb1GCeOy,hip hop,1
7lKk7yXNockkDjhb1GCeOy,pop,1
7lKk7yXNockkDjhb1GCeOy,drill,1
7lKk7yXNockkDjhb1GCeOy,trap,1
0elSJZFrHnayc7AUCkbWAl,rap,1
0elSJZFrHnayc7AUCkbWAl,pop,1
0TW5M8RYADmgeCP1q523hf,rap,1
0TW5M8RYADmgeCP1q523hf,hip hop,1
0TW5M8RYADmgeCP1q523hf,pop,1
6Lu4e8FvAWcp1S5BVoDLjJ,rap,1
6Lu4e8FvAWcp1S5BVoDLjJ,pop,1
5N9d9BMxodykFktDttHERD,rap,1
5N9d9BMxodykFktDttHERD,pop,1
3scNK8e4mqnP6Rb8a3lwZY,hip hop,1
3scNK8e4mqnP6Rb8a3lwZY,pop,1
1nCZUpBIcyOxufOx0lPeIW,hip hop,1
1nCZUpBIcyOxufOx0lPeIW,pop,1
1Bz46nDCMO1UOKp9GJjL92,pop,1
6gIqKYKRmltKfkTnxhMv8V,hip hop,1
1n6pjRJkTY5v8RtUCAv5pi,hip hop,1
6QoCrBHsojKnOrsGNfRcTN,hip hop,1
6QoCrBHsojKnOrsGNfRcTN,pop,1
69xcFpmqTOmFNOL08Bxyci,hip hop,1
5Us2dsq4VHlfLbKOrskg7K,pop,1
47SaOSOqcrxSJNZUuqpLuu,pop,1
5DHi2MeoRgAwPE0A0qwRMl,hip hop,1
5DHi2MeoRgAwPE0A0qwRMl,pop,1
0OS0NZnK7TGIAWx8MkWNFN,pop,1
7frYUe4C7A42uZqCzD34Y4,hip hop,1
7frYUe4C7A42uZqCzD34Y4,pop,1
7hHDO4bJGlEaEHlY2lj1eZ,hip hop,1
7hHDO4bJGlEaEHlY2lj1eZ,pop,1
4qjiRRFcM4WZ0aJ3IHdWPN,pop,1
5mWQT8CLTa4mAQAJdFjHb1,hip hop,1
5mWQT8CLTa4mAQAJdFjHb1,pop,1
01pFDtbY3k5uOmy0Pbg93C,pop,1
3R1penrqtuKNTeWABjKT5N,pop,1
54BjV0qctcWp8xOip7uaJD,pop,1
1yMP2gzEFgUkib4khXN6hi,rap,1
1yMP2gzEFgUkib4khXN6hi,hip hop,1
01PyusFVbXgoD5Kl1mR8CC,hip hop,1
3mGW1eoqwNtCxd8R3hIOM5,hip hop,1
3atMq790wQ7IqjeSO0HFeP,rock,1
71DQO8pgnTwS3lNCq0cDcr,pop,1
5A0VwTrVvV03LMeBZYT99d,pop,1
6oYwraA8pyfDH4Otny6ooZ,pop,1
6g6DtbtyBi3Ir0mxiDlouJ,pop,1
4ebruhG8pei8qFQOfNxxLs,pop,1
57GVeZvmrO7oCLm0Uacrjy,pop,1
77ziqFxp5gaInVrF2lj4ht,rap,1
77ziqFxp5gaInVrF2lj4ht,urbano latino,1
77ziqFxp5gaInVrF2lj4ht,pop,1
77ziqFxp5gaInVrF2lj4ht,trap,1
1i8SpTcr7yvPOmcqrbnVXY,rap,1
1i8SpTcr7yvPOmcqrbnVXY,urbano latino,1
1i8SpTcr7yvPOmcqrbnVXY,pop,1
1i8SpTcr7yvPOmcqrbnVXY,trap,1
5H1nN1SzW0qNeUEZvuXjAj,rap,1
5H1nN1SzW0qNeUEZvuXjAj,urbano latino,1
5H1nN1SzW0qNeUEZvuXjAj,pop,1
5H1nN1SzW0qNeUEZvuXjAj,trap,1
0ghH5fsPlkf2XIALKJNSsb,pop,1
2R21vXR83lH98kGeO99Y66,rap,1
2R21vXR83lH98kGeO99Y66,urbano latino,1
2R21vXR83lH98kGeO99Y66,trap,1
4VMYDCV2IEDYJArk749S6m,rap,1
4VMYDCV2IEDYJArk749S6m,urbano latino,1
4VMYDCV2IEDYJArk749S6m,hip hop,1
4VMYDCV2IEDYJArk749S6m,trap,1
21451j1KhjAiaYKflxBjr1,urbano latino,1
329e4yvIujISKGKz1BZZbO,rap,1
329e4yvIujISKGKz1BZZbO,urbano latino,1
329e4yvIujISKGKz1BZZbO,trap,1
3E6xrwgnVfYCrCs0ePERDz,urbano latino,1
52iwsT98xCoGgiGntTiR7K,rap,1
52iwsT98xCoGgiGntTiR7K,urbano latino,1
52iwsT98xCoGgiGntTiR7K,trap,1
1WUEWZGTvX4AjC2y5PoSDd,cumbia,1
2fuu7gBnfDhgJNt1Yr4ERu,pop,1
0WleeEe3UurwlNbDGhb5Yz,r&b,1
0WleeEe3UurwlNbDGhb5Yz,rap,1
0WleeEe3UurwlNbDGhb5Yz,hip hop,1
7uDdl5V5AETSFY7K3muu22,pop,1
61nn6nOoLWjVC1ER2qFAvN,pop,1
1hMAGfvamVXuSWBFQRFMeq,rock,1
2WzWSpOB41g3gb78Raj6RK,rap,1
2WzWSpOB41g3gb78Raj6RK,hip hop,1
3Y7RZ31TRPVadSFVy1o8os,r&b,1
3Y7RZ31TRPVadSFVy1o8os,rap,1
3AQRLZ9PuTAozP28Skbq8V,rock,1
3AQRLZ9PuTAozP28Skbq8V,pop,1
57yOAX6apIrclpBG736Uy2,rap,1
57yOAX6apIrclpBG736Uy2,hip hop,1
0DpLoyGVbhOHNR3ht2oO9y,pop,1
7dFzqx2qyelGPiBKmdSEOT,pop,1
24fEOzlKhgSNLIcy9NdmwH,r&b,1
4Rxn7Im3LGfyRkY2FlHhWi,pop,1
0NIIxcxNHmOoyBx03SfTCD,r&b,1
0NIIxcxNHmOoyBx03SfTCD,pop,1
0MIG6gMcQTSvFbKvUwK0id,rap,1
0MIG6gMcQTSvFbKvUwK0id,hip hop,1
0MIG6gMcQTSvFbKvUwK0id,trap,1
7GsITNaWwtgl2FCpmNdxcH,rap,1
7GsITNaWwtgl2FCpmNdxcH,drill,1
6Lf4vAUaFUR2jAsybC7cGV,pop,1
2IHoZ3RrDJIikMRsYgHjhy,rap,1
2IHoZ3RrDJIikMRsYgHjhy,hip hop,1
2IHoZ3RrDJIikMRsYgHjhy,trap,1
4QYitR7yrCaf5CLQ09hX1m,pop,1
0Wi2fADbhwXlPUWxBmzo99,hip hop,1
2Qk1uZpDnwDozHdxmB0dDx,pop,1
56VhOZOF6hwqrbNYwkmcsH,rap,1
56VhOZOF6hwqrbNYwkmcsH,hip hop,1
56VhOZOF6hwqrbNYwkmcsH,trap,1
0TMvoNR0AIJV138mHY6jdE,pop,1
2FtYzWBUVhZ2vfy8S207Zf,hip hop,1
6HdxibJzoNkDUUDHagx3Ko,hip hop,1
2GzZAv52VCMdVli7QzkteT,rap,1
2GzZAv52VCMdVli7QzkteT,hip hop,1
2GzZAv52VCMdVli7QzkteT,trap,1
7BIHYaTeyOxOKV7EyHF0Z4,hip hop,1
5ic8bWWvZHWf0dDBi9ThNk,hip hop,1
5ic8bWWvZHWf0dDBi9ThNk,pop,1
1PFMCqDezh9wVkmmWZlv16,rap,1
19zuiWthJYU6FCqnV4mJYC,hip hop,1
2dLhpezBEgAELn73fiMEak,hip hop,1
1T4HxOYolAEb5PadIVKdWZ,hip hop,1
0WDJa0qnagyOnMaiD26wht,rap,1
0WDJa0qnagyOnMaiD26wht,hip hop,1
0WDJa0qnagyOnMaiD26wht,trap,1
3cBLJizprytrMpuFbnRnaE,pop,1
75wMNgYkzacOI08FN7BaG0,pop,1
3bS0MLzGAoO6lLUy7gguHY,hip hop,1
1fZAAHNWdSM5gqbi9o5iEA,rap,1
1fZAAHNWdSM5gqbi9o5iEA,hip hop,1
1fZAAHNWdSM5gqbi9o5iEA,trap,1
7FauNoLr3HWvWfsaBlFPhs,pop,1
3gm9b6AeMf2eGQTLashkDt,rap,1
3gm9b6AeMf2eGQTLashkDt,hip hop,1
3gm9b6AeMf2eGQTLashkDt,trap,1
1oxn6cQ37twQ7yGnlE3ETd,hip hop,1
3ClL18AtCAPwXVT6mUkBDN,pop,1
1silJqJQfrrZNFvWWjAyhh,hip hop,1
5RwiBwEEW5dOXGUlEVA0LT,rap,1
5RwiBwEEW5dOXGUlEVA0LT,pop,1
37Pprth5H294i7rSnIkVVV,hip hop,1
0iBTVnJ1Sff92zCDujfvyJ,hip hop,1
0iBTVnJ1Sff92zCDujfvyJ,pop,1
1efYxTvCNTpqYqfiEsxawq,hip hop,1
7uWyXPJ04ihdQdYGGw3xVV,hip hop,1
16TsNPlesuA1R9kPLS6nta,rap,1
16TsNPlesuA1R9kPLS6nta,hip hop,1
16TsNPlesuA1R9kPLS6nta,trap,1
5qgkVkdZIIBHLdnrpa3w3s,hip hop,1
5k96hVqrpJoo0zmlVggVzv,hip hop,1
3gQDpnU208VW54WF9EMsuw,pop,1
7li6R0hKFXu7496e0Yialv,drill,1
1Kjs5u8GQf6zCFdTj6SI9E,rap,1
1Kjs5u8GQf6zCFdTj6SI9E,hip hop,1
1Kjs5u8GQf6zCFdTj6SI9E,drill,1
1Kjs5u8GQf6zCFdTj6SI9E,trap,1
3bSbo5ZCbrTle7S2q8nqf8,rap,1
3bSbo5ZCbrTle7S2q8nqf8,hip hop,1
66NiiFgb74HLBN1A5ylO5t,rap,1
66NiiFgb74HLBN1A5ylO5t,pop,1
0tdKRrbItnLj40yUFi23jx,pop,1
7v49oVVUhvIQG5EK0jkcF7,hip hop,1
2TRVhYMkHV4jwB92R3McaS,pop,1
28WXX79U4jzq1kfjx5QXPy,hip hop,1
6EjCs0fSiq0HvAbCzIPeq1,hip hop,1
6yTJ8tQyoUxgf6aqbpsXhQ,rap,1
6yTJ8tQyoUxgf6aqbpsXhQ,trap,1
5BUJV1dbGNb61hYPK6rhtM,rap,1
5BUJV1dbGNb61hYPK6rhtM,trap,1
3E7XNzGG6qqnjwV9nOCxQM,rap,1
3E7XNzGG6qqnjwV9nOCxQM,trap,1
6ocuMBOl5OFS3AViv3DnG6,rap,1
6ocuMBOl5OFS3AViv3DnG6,trap,1
5tXxrzPQRZ7UK2cAQNSQW2,rap,1
5tXxrzPQRZ7UK2cAQNSQW2,trap,1
5ChWT8CfHjk2PnRG70ZgWV,rap,1
5ChWT8CfHjk2PnRG70ZgWV,trap,1
2S3C9sCcaSXmGzH4dVoiHF,pop,1
1fYKCWegShlSGe4yATnpdp,rap,1
1fYKCWegShlSGe4yATnpdp,trap,1
040gmk9Wd9sKXx199imiSM,rap,1
040gmk9Wd9sKXx199imiSM,trap,1
5ZBJ4rLeQx0IEN3ut3O1fC,pop,1
0yjc2FN5zju7xyuJsTfGkh,rap,1
0yjc2FN5zju7xyuJsTfGkh,trap,1
5dJZz1wDTaRM9UBo1AODI2,rap,1
5dJZz1wDTaRM9UBo1AODI2,trap,1
6dKPNkSEQOrRRvZz63Y47F,rap,1
6dKPNkSEQOrRRvZz63Y47F,trap,1
2vPnS0IpayC2RVFuQA08R4,funk,1
1Sdc6ySbIvzO0X9vbyHzWm,funk,1
4Ga1P7PMIsmqEZqhYZQgDo,rap,1
3pc0bOVB5whxmD50W79wwO,r&b,1
6fOqdhRNsMQqtwRwgo3NUv,pop,1
6RHTUrRF63xao58xh9FXYJ,k-pop,1
6RHTUrRF63xao58xh9FXYJ,pop,1
1Cs0zKBU1kc0i8ypK3B9ai,pop,1
6Ff53KvcvAj5U7Z1vojB5o,pop,1
2elBjNSdBE2Y3f0j1mjrql,pop,1
0lf8LVkrjg9GudchoppC5q,rap,1
0lf8LVkrjg9GudchoppC5q,hip hop,1
0lf8LVkrjg9GudchoppC5q,trap,1
5TUkb2q1sX3DiWtwBPHErg,rap,1
5TUkb2q1sX3DiWtwBPHErg,hip hop,1
5TUkb2q1sX3DiWtwBPHErg,trap,1
7vdksiaT0UGPpZgCCPCKrU,hip hop,1
7vdksiaT0UGPpZgCCPCKrU,drill,1
4eWCc0DOwhdz3GHxlSnYE1,hip hop,1
5QLfxY8Phcamadzx1r79ck,rap,1
5QLfxY8Phcamadzx1r79ck,hip hop,1
5QLfxY8Phcamadzx1r79ck,trap,1
1bNjWBFWsAAzZSR59lRdpR,amapiano,1
2mF7ygWz9oyJ3L6ZPWlZVH,amapiano,1
0mMqD2uqwvCjFvlzo6ayGi,amapiano,1
6WQFTzqYHmh8Ph2X0L0QLQ,amapiano,1
5kwZB1xNLgB3lln1JGS2B9,house,1
2GJMSZ7M3D0KyyKRhYgWju,amapiano,1
0fs9otT9TtwXUOcFXZomZY,house,1
3flcjKgRCeBVZTR8n8iShE,pop,1
13TUuvzi6FAkiA5F9MiYF8,amapiano,1
2SuwWqS2g4w2GSE4lxD1UM,pop,1
5ln4EWpJqQZEWXAlSNTtVz,pop,1
6k8odn7NzzTT4K3NBNtsfV,amapiano,1
1YO25RWxpZ2Pvg82Bs4ING,amapiano,1
5MJ5f1XKD9yu7aWfG8OGjz,amapiano,1
4RfOLIFy2xEmlWzXEVmLJn,pop,1
2iN5MhOgkenO5FtkPtEVAF,amapiano,1
4AnNB3lPD0Sv7ziKVHqI66,amapiano,1
523y9KSneKh6APd1hKxLuF,house,1
6sNKQgLUy4LVNEX3r1kG1A,rap,1
6sNKQgLUy4LVNEX3r1kG1A,hip hop,1
6sNKQgLUy4LVNEX3r1kG1A,pop,1
5m5lgddffBHA2pv0m5E2Ro,amapiano,1
1W5wfiEUdPebJdwmyglKP4,amapiano,1
3Px6IenueysHsgCQf9xFVr,rap,1
3Px6IenueysHsgCQf9xFVr,hip hop,1
3Px6IenueysHsgCQf9xFVr,pop,1
1ELUrmWBlXkqVabjVincQ6,amapiano,1
5vFGtc23dtvt3f7FSK7vtg,amapiano,1
6Wqpl1YTjgy5TiTluzFzjx,amapiano,1
0sN5oRkFliiyjSNqPIEjML,rap,1
0sN5oRkFliiyjSNqPIEjML,trap,1
5M9mFjVaPT2T1HFYFFSoCt,pop,1
2oA819q93vu53ZDkCJYdbN,amapiano,1
241x5prRiXJmnk4vSGEHcr,pop,1
3i9UjIGeZT2cRyltQrr8nj,pop,1
4QkKUb73NVonTlAZaShsuY,amapiano,1
2krUPP3nMYoF1C5WX3yB7J,pop,1
68McnNC9twEtiynOAJRRgZ,amapiano,1
22Bl1QCNEZvpqVwRPYscE4,amapiano,1
1BC2o2RW9sGr2NB8jXlYQv,amapiano,1
2qixIA7qPFts4yN1Av017D,pop,1
7Hb7ZlUE4ByWsV1Rkc4Uo2,amapiano,1
3xXIOO328Ieh0PWOcxivjL,amapiano,1
3fdFRgy3GmfiWQqeKbmFS8,amapiano,1
6EG9v86LsCoq5HS4Jj1zCQ,amapiano,1
2oIQCM7hRZI9tS5b9S8rj4,amapiano,1
4Ijr6oNjLibby38inghdKO,amapiano,1
5DuhT9Ix9p7qvE42w9liWY,amapiano,1
1lDWyPzSZOqP5jfZNm5lLI,amapiano,1
34RwSIfWKAwRdIq6cdYnZv,amapiano,1
7HpriU9gAJThxAfPfXpZ6N,amapiano,1
4VlxI0WKDh7HFgHjXcfj6v,amapiano,1
3ZUn6LYxdmmPYQqBhFWI3h,pop,1
5jCHpUIjSnOXUzVaxwBA2k,house,1
0dUHzfa2msKEpMevzsdwqG,house,1
3rIVgeRWFhGxhFF9wgJFC2,amapiano,1
3bvfu2KAve4lPHrhEFDZna,pop,1
4ixNZvQuuzCDxBsxO9zE6L,urbano latino,1
2YRyPiW98bpkARAS4B3OQP,rap,1
2YRyPiW98bpkARAS4B3OQP,urbano latino,1
2YRyPiW98bpkARAS4B3OQP,trap,1
2O8vbr4RYPpk6MRA4fio7u,rap,1
2O8vbr4RYPpk6MRA4fio7u,urbano latino,1
2O8vbr4RYPpk6MRA4fio7u,trap,1
1TtXnWcUs0FCkaZDPGYHdf,rap,1
1TtXnWcUs0FCkaZDPGYHdf,urbano latino,1
1TtXnWcUs0FCkaZDPGYHdf,hip hop,1
1TtXnWcUs0FCkaZDPGYHdf,trap,1
5Q30fhTc0Sl0Q4C5dOjhhQ,pop,1
31IVfzTQ5bAPL8XMrO6dVx,pop,1
0GgyFUpOyzWDRDqx8FCTDN,rap,1
0GgyFUpOyzWDRDqx8FCTDN,urbano latino,1
0GgyFUpOyzWDRDqx8FCTDN,trap,1
3RtNN1VnooWEn3KQk03DUL,rap,1
3RtNN1VnooWEn3KQk03DUL,urbano latino,1
3RtNN1VnooWEn3KQk03DUL,trap,1
4CQdcx66F116k2db2Y0rjE,rap,1
4CQdcx66F116k2db2Y0rjE,urbano latino,1
4CQdcx66F116k2db2Y0rjE,trap,1
0NRMzT05nsc8mTm4iUvuHY,pop,1
6RJXSfbIkEMoCJ8GAg2dVO,pop,1
6rYEqmajzlhGVaayOJ2bpJ,rap,1
6rYEqmajzlhGVaayOJ2bpJ,hip hop,1
6rYEqmajzlhGVaayOJ2bpJ,pop,1
6rYEqmajzlhGVaayOJ2bpJ,trap,1
3M1eBsR4rSTcDAzYopumeG,rap,1
3M1eBsR4rSTcDAzYopumeG,hip hop,1
3M1eBsR4rSTcDAzYopumeG,pop,1
3M1eBsR4rSTcDAzYopumeG,trap,1
2r9JAY6ISvp0VvZsT6cBJo,rap,1
2r9JAY6ISvp0VvZsT6cBJo,hip hop,1
2r9JAY6ISvp0VvZsT6cBJo,pop,1
2r9JAY6ISvp0VvZsT6cBJo,trap,1
1n3grwmOigAA2UYtlF91gc,rap,1
1n3grwmOigAA2UYtlF91gc,pop,1
1n3grwmOigAA2UYtlF91gc,trap,1
6E4YKq2KF72sNDThe2TaE8,rap,1
6E4YKq2KF72sNDThe2TaE8,pop,1
6E4YKq2KF72sNDThe2TaE8,trap,1
2EWsHDexsSInArfFkhA2i6,rap,1
2EWsHDexsSInArfFkhA2i6,hip hop,1
2EWsHDexsSInArfFkhA2i6,pop,1
2EWsHDexsSInArfFkhA2i6,drill,1
2EWsHDexsSInArfFkhA2i6,trap,1
55ZGFvikpNjQHvtTWS5aZF,pop,1
2Dor6diK1zw9BEluKBOdoA,rap,1
2Dor6diK1zw9BEluKBOdoA,hip hop,1
2Dor6diK1zw9BEluKBOdoA,pop,1
2Dor6diK1zw9BEluKBOdoA,drill,1
2Dor6diK1zw9BEluKBOdoA,trap,1
4kUfJdASJDMPLuo1t1N2zi,rap,1
4kUfJdASJDMPLuo1t1N2zi,hip hop,1
4kUfJdASJDMPLuo1t1N2zi,pop,1
4kUfJdASJDMPLuo1t1N2zi,trap,1
3vHwJg9XHrACvX9ZlwV8pT,rap,1
3vHwJg9XHrACvX9ZlwV8pT,hip hop,1
3vHwJg9XHrACvX9ZlwV8pT,pop,1
3vHwJg9XHrACvX9ZlwV8pT,trap,1
5ILMkt5lW4KAyTXMNYWaGF,rap,1
5ILMkt5lW4KAyTXMNYWaGF,hip hop,1
5ILMkt5lW4KAyTXMNYWaGF,pop,1
5ILMkt5lW4KAyTXMNYWaGF,trap,1
04HqRx07Bv9gh7rsrMTqs7,pop,1
2WBJQGf1bT1kxuoqziH5g4,house,1
7jEEE187pVG6InOxn03oA5,pop,1
0LVDX2sdKpfXwVmy52HLAc,rap,1
0LVDX2sdKpfXwVmy52HLAc,pop,1
0LVDX2sdKpfXwVmy52HLAc,trap,1
7zLm9op6LgPqKL62d1FzhO,rap,1
7zLm9op6LgPqKL62d1FzhO,hip hop,1
7zLm9op6LgPqKL62d1FzhO,pop,1
7zLm9op6LgPqKL62d1FzhO,trap,1
0MBLQbpbPvJ4oXM0Cj4aKR,pop,1
054fVwphDX8QB8Pm7IjRcL,pop,1
0Awqm7GXGiBp8fJNGvywra,pop,1
4TcOznbEZBqev21LzAH4KE,pop,1
1xCrrnnj9xif5G0y3ie5dM,r&b,1
3n16EAnJtz6SZGx2zJssrI,pop,1
5ZxRmJ21NzjxD2ZGBxi7um,pop,1
0Y2AcMPMpeuPXtPQGVvRBq,rap,1
0Y2AcMPMpeuPXtPQGVvRBq,trap,1
2CQZr2RPZmrcvDnaod1ldC,k-pop,1
2CQZr2RPZmrcvDnaod1ldC,pop,1
0PdNEiQ3MsJGCEgE13Tz60,pop,1
6g641431O1Xkl7HAs2yFEg,pop,1
4XpUIb8uuNlIWVKmgKZXC0,k-pop,1
4XpUIb8uuNlIWVKmgKZXC0,pop,1
4XpUIb8uuNlIWVKmgKZXC0,r&b,1
7nqOGRxlXj7N2JYbgNEjYH,k-pop,1
7nqOGRxlXj7N2JYbgNEjYH,pop,1
0QHgL1lAIqAw0HtD7YldmP,rap,1
0QHgL1lAIqAw0HtD7YldmP,hip hop,1
0QHgL1lAIqAw0HtD7YldmP,pop,1
4wUR1NviIGE01yEfeLNkeV,pop,1
2AfmfGFbe0A0WsTYm0SDTx,k-pop,1
2AfmfGFbe0A0WsTYm0SDTx,pop,1
6HvZYsbFfjnjFrWF950C9d,k-pop,1
6HvZYsbFfjnjFrWF950C9d,pop,1
6H93wOohK6r1MwGh41Z4Nb,pop,1
6JrR3zrG0NQiXb9N9XSyGb,pop,1
6JrR3zrG0NQiXb9N9XSyGb,rock,1
7ltDVBr6mKbRvohxheJ9h1,r&b,1
7ltDVBr6mKbRvohxheJ9h1,pop,1
2LIk90788K0zvyj2JJVwkJ,rap,1
2LIk90788K0zvyj2JJVwkJ,hip hop,1
2LIk90788K0zvyj2JJVwkJ,pop,1
1xrRqVDsJaZPw0sXme5i2T,pop,1
3Q5Qep7ytrjVleNnMnntgQ,k-pop,1
3Q5Qep7ytrjVleNnMnntgQ,pop,1
0XkEUMM4lJHAzfTK9vR0cu,pop,1
2DaMrZndfGgM3yd9ivadRC,pop,1
5zSQoNQ9o2dnT1LPTzDxg7,pop,1
5pokGZ1K9Hr6etaKPDxSG8,pop,1
6chmC6o0wvACYVGTITw3Pz,pop,1
6HEMZkIMQAPnd36iLsUlTx,pop,1
1aEKvjRnbf1laB7DVXFqsG,pop,1
1qveov8f3HXFhDIWtFO5tG,pop,1
1Twi7NfmUzbXF7lEMaGCqF,pop,1
52VcFYcq5kJEaRYgy58ouW,pop,1
52VcFYcq5kJEaRYgy58ouW,rock,1
2xsBUJ327d3iC1LvL5hYrQ,pop,1
2xsBUJ327d3iC1LvL5hYrQ,rock,1
5xq3BK55BJmutN0X7eTyQB,pop,1
2SWWw5uB9cO5m7zJQZqwmr,pop,1
2XiaPu2j4nBMhF8pIlt6Bk,pop,1
0UAiHanBWs5vRM1tSPf2RJ,pop,1
1ssEwBiz4ZKrbgR6o8vOeg,house,1
1ssEwBiz4ZKrbgR6o8vOeg,pop,1
1ssEwBiz4ZKrbgR6o8vOeg,rock,1
1qAOsY7jv9GFTv4HoVof5P,pop,1
0OjRa6r1EIPF5RZPy1SGz9,pop,1
5kU6FKYW7YBB2ikPQnk8cS,pop,1
5RmQ8k4l3HZ8JoPb4mNsML,rap,1
4G5OlxtrOm9ADmu3VZgFbG,hip hop,1
4G5OlxtrOm9ADmu3VZgFbG,pop,1
4ckLjJztj53Ifid7WHweBn,pop,1
6bGOmNBU1AOgttgOjh0ldf,hip hop,1
16GyR4WfCnIT2XST4ZLl2B,pop,1
4UW9Hdsrx9kX2HdJ90jRKM,rap,1
15AZJFNrXtIN4Nk8BIOnS2,rap,1
15AZJFNrXtIN4Nk8BIOnS2,hip hop,1
15AZJFNrXtIN4Nk8BIOnS2,trap,1
6WpmH4J0R74ZkHtgm7JLvM,rap,1
1GMwSpFzrLd12jUX15bHB6,drill,1
1CcZoULzFHa8Uhwo6OlQcp,pop,1
1hgaXjbAcED2p80Lj8dzXT,rap,1
1hgaXjbAcED2p80Lj8dzXT,hip hop,1
1hgaXjbAcED2p80Lj8dzXT,trap,1
1Tjaa3WWIVU00kfZ8Dvpcl,hip hop,1
5W2dGRPmYetOpUIpErUtD3,hip hop,1
5W2dGRPmYetOpUIpErUtD3,drill,1
6wxh9aTFgTS4OiyYlnQBq6,pop,1
4StjyzjcmZ7a9QncHVf0pu,pop,1
4YLcK0MEyqFkdyyzbPTWrs,pop,1
4YLcK0MEyqFkdyyzbPTWrs,rock,1
7ictQXHIBmXODb4ykTI95n,pop,1
6xqA7u7TxHUYJp6Ww1XgNx,rap,1
4XP7cGw4t8BqZ8Du5q3bHg,pop,1
4XP7cGw4t8BqZ8Du5q3bHg,rock,1
4li4dx5mFgZlMVeHlARBHP,pop,1
46zuW8tHxwahYn7VNMgYTa,pop,1
0uHvlWnhRpaomF4e9IZHLy,hip hop,1
0uHvlWnhRpaomF4e9IZHLy,pop,1
4i4ALRtQQmFxn3BCIB6iC0,pop,1
0V2oXYR7DtrZAEFeILRW2r,rap,1
0V2oXYR7DtrZAEFeILRW2r,drill,1
0V2oXYR7DtrZAEFeILRW2r,trap,1
0KOSzgkMlkeowt1tgIg6ca,hip hop,1
3NPQ2qMGXAR0g1COJxuZ8r,hip hop,1
3NPQ2qMGXAR0g1COJxuZ8r,drill,1
50z4meqYMvVCXEv2jDneDN,pop,1
1F2v33FQTavJyaD7ZsyhdA,pop,1
53oeVgECSa18dkHBQ9X6Eh,pop,1
6dDaXbE1caD65TONToYXYx,pop,1
5BwbVAdT6rFF2vGVE8su2y,pop,1
6l5IEx62Nsc2k1QyfaWvEz,pop,1
64XGTiElvPUfmJjyWJnW8C,pop,1
33xlLiptsAIW56IqRxaQoV,pop,1
6NTzEgUmN1PIBIYEHhf1kS,rock,1
6NTzEgUmN1PIBIYEHhf1kS,pop,1
4AupETQEHkWQL9H3O6f9h8,pop,1
6wbEgVlGqWb4I9tbMluu5Q,pop,1
7wl1m5vgWkCP3cqYVj2noM,pop,1
0PWfuxCvPtyeCLLWjf4EzJ,pop,1
11sIz9STeD6yVSuBaD8nMW,pop,1
6fBUVJW6cDrYluXjnnRdY4,pop,1
5NR8eODM4CQ2X6rBuGpZ2B,pop,1
19JYV5zLhGkyqClNjdSfdb,pop,1
19JYV5zLhGkyqClNjdSfdb,rock,1
1nzgtKYFckznkcVMR3Gg4z,hip hop,1
1nzgtKYFckznkcVMR3Gg4z,pop,1
6Xgp2XMz1fhVYe7i6yNAax,rap,1
6Xgp2XMz1fhVYe7i6yNAax,trap,1
1kyy6AW7C6Rr2jrYwz95Gi,cumbia,1
1kyy6AW7C6Rr2jrYwz95Gi,pop,1
2IKdK6PbitvCiXt1t2bPU6,rap,1
6uJKnn4CV4IIop8mg4kCUy,cumbia,1
6uJKnn4CV4IIop8mg4kCUy,pop,1
2AbQwU2cuEGfD465wCXlg2,hip hop,1
2AbQwU2cuEGfD465wCXlg2,rock,1
6fMZytDgX1Q9OV6ndSugym,rap,1
6fMZytDgX1Q9OV6ndSugym,hip hop,1
6fMZytDgX1Q9OV6ndSugym,trap,1
0rwGV1HhNWK2Ta4rjmlmtp,rap,1
0rwGV1HhNWK2Ta4rjmlmtp,trap,1
36KsCCwgI0Dep97yVJWmkK,pop,1
77iZVjeYoYSl5P0K9mIiUE,rap,1
77iZVjeYoYSl5P0K9mIiUE,urbano latino,1
77iZVjeYoYSl5P0K9mIiUE,pop,1
77iZVjeYoYSl5P0K9mIiUE,trap,1
57g2v7gJZepcwsuwssIfZs,v-pop,1
57g2v7gJZepcwsuwssIfZs,rock,1
57g2v7gJZepcwsuwssIfZs,pop,1
2nSO7JYDbJrYbJmP39qUzj,v-pop,1
2nSO7JYDbJrYbJmP39qUzj,hip hop,1
2nSO7JYDbJrYbJmP39qUzj,pop,1
3diftVOq7aEIebXKkC34oR,rap,1
3diftVOq7aEIebXKkC34oR,v-pop,1
3diftVOq7aEIebXKkC34oR,hip hop,1
3diftVOq7aEIebXKkC34oR,pop,1
6TITnFVRcl0AcZ4syE7Toe,hip hop,1
2dC1IBU9NOD9xsQJ5RE7j7,rap,1
5xY6E5PMZNtz9jDvxTRiGI,rap,1
5HZtdKfC4xU0wvhEyYDWiY,v-pop,1
5HZtdKfC4xU0wvhEyYDWiY,hip hop,1
5HZtdKfC4xU0wvhEyYDWiY,pop,1
3y6Lfjkrdn5TgkbgDxbpvM,rap,1
3y6Lfjkrdn5TgkbgDxbpvM,rock,1
6zUWZmyi5MLOEynQ5wCI5f,v-pop,1
6zUWZmyi5MLOEynQ5wCI5f,hip hop,1
6zUWZmyi5MLOEynQ5wCI5f,pop,1
1Qia4CTwh6x0CZbD0079zi,v-pop,1
1Qia4CTwh6x0CZbD0079zi,pop,1
1W2pigH6UYwuTuFbwoSfVZ,v-pop,1
1W2pigH6UYwuTuFbwoSfVZ,pop,1
0iqum9KAHh3LkgDhuqvTxM,v-pop,1
0iqum9KAHh3LkgDhuqvTxM,pop,1
6EybZ5zwPNEtEngfrEMevN,v-pop,1
6EybZ5zwPNEtEngfrEMevN,pop,1
5dfZ5uSmzR7VQK0udbAVpf,rap,1
5dfZ5uSmzR7VQK0udbAVpf,v-pop,1
5dfZ5uSmzR7VQK0udbAVpf,pop,1
5jTFNkoZebPnX90CbB3F2A,v-pop,1
5jTFNkoZebPnX90CbB3F2A,pop,1
5ulyphh5uJrH4Gb1JpSMkV,hip hop,1
4fg8aMZ23d2bxKz7r2vt9v,v-pop,1
4fg8aMZ23d2bxKz7r2vt9v,hip hop,1
4fg8aMZ23d2bxKz7r2vt9v,pop,1
13c4ijEkXNvEFoxGxwp5Su,v-pop,1
13c4ijEkXNvEFoxGxwp5Su,pop,1
40JnMfFlpwqBnWitkL96g4,v-pop,1
40JnMfFlpwqBnWitkL96g4,pop,1
1L1VfizWn4DkFt602yD80U,v-pop,1
1L1VfizWn4DkFt602yD80U,pop,1
62D1qvKkvUCvXEtY1xwRfo,v-pop,1
62D1qvKkvUCvXEtY1xwRfo,pop,1
5lAfakPZgxFKgiJD6xAF1G,v-pop,1
5lAfakPZgxFKgiJD6xAF1G,pop,1
2rKtPYcwYmevNcaqzJOwvf,v-pop,1
2rKtPYcwYmevNcaqzJOwvf,hip hop,1
2rKtPYcwYmevNcaqzJOwvf,pop,1
1OIYKbmhG0RxPXvVPNj3NN,rap,1
1OIYKbmhG0RxPXvVPNj3NN,v-pop,1
1OIYKbmhG0RxPXvVPNj3NN,pop,1
0slOzRzTQb1RBBVJbvRITP,v-pop,1
0slOzRzTQb1RBBVJbvRITP,pop,1
5M3ffmRiOX9Q8Y4jNeR5wu,rap,1
5M3ffmRiOX9Q8Y4jNeR5wu,v-pop,1
5M3ffmRiOX9Q8Y4jNeR5wu,hip hop,1
5M3ffmRiOX9Q8Y4jNeR5wu,pop,1
0hy8mfXxfD8kQ6MRQkDVrn,hip hop,1
4bPYvyUn1mWwUwIW57oST2,v-pop,1
4bPYvyUn1mWwUwIW57oST2,hip hop,1
4bPYvyUn1mWwUwIW57oST2,pop,1
30eFAXoU2kTjJPf2cq80B8,rap,1
30eFAXoU2kTjJPf2cq80B8,v-pop,1
30eFAXoU2kTjJPf2cq80B8,hip hop,1
30eFAXoU2kTjJPf2cq80B8,pop,1
4RPhZ2g5GYff0hKNBlZKXh,v-pop,1
4RPhZ2g5GYff0hKNBlZKXh,pop,1
2aQnC3DbZB9GbauvhAw7ve,v-pop,1
2aQnC3DbZB9GbauvhAw7ve,pop,1
1zSv9qZANOWB4HRE8sxeTL,rap,1
1zSv9qZANOWB4HRE8sxeTL,hip hop,1
1zSv9qZANOWB4HRE8sxeTL,pop,1
1zSv9qZANOWB4HRE8sxeTL,v-pop,1
1zSv9qZANOWB4HRE8sxeTL,trap,1
6NF9Oa4ThQWCj6mogFSrVD,v-pop,1
6NF9Oa4ThQWCj6mogFSrVD,pop,1
6V1SwiosQqf5XvmoTMCGa9,pop,1
5Kh0ta0UY4uJ4g2CIdq9V9,v-pop,1
5Kh0ta0UY4uJ4g2CIdq9V9,pop,1
0zo8kCJVktn7oPnzpkbC2p,v-pop,1
0zo8kCJVktn7oPnzpkbC2p,pop,1
6hnfLIkvDl6pjlAe1YRGXY,rap,1
7Cp2hGcriAaDUAWpXnSEwm,v-pop,1
7Cp2hGcriAaDUAWpXnSEwm,pop,1
0XtC2d9ZVigYA7iMy5YkW0,rap,1
2NRcG7E1j2sSi8vnUzCcpi,v-pop,1
2NRcG7E1j2sSi8vnUzCcpi,pop,1
4cLYlDISnWaErAitB8kRph,v-pop,1
4cLYlDISnWaErAitB8kRph,pop,1
7yquVKfxBuNFJbG9cy2R8A,v-pop,1
7yquVKfxBuNFJbG9cy2R8A,pop,1
