Id,Label,main_country,Type
2YZyLoL8N0Wb9xBt1NhZWg,Kendrick Lamar,United States,Artist
7tYKF4w9nC0nq9CsPZTHyP,SZA,Malaysia,Artist
6cUpFVxDYWed9WxtC4QgC5,Wallie the Sensei,United States,Artist
757aE44tKEUQEqRuT6GnEB,Roddy Ricch,United States,Artist
4V8LLVI7PbaPR0K2TGSxFF,"Tyler, The Creator",Canada,Artist
2qoQgPAilErOKCwE2Y8wOG,GloRilla,United States,Artist
3DbwFQlvLxRSi2uX8mf81A,Sexyy Red,United States,Artist
55Aa2cqylxrFIXC767Z865,Lil Wayne,Canada,Artist
6fqjJNsLs7g6F3PXy01Xnw,AzChike,United States,Artist
1HY2Jd0NmPuamShAr6KMms,Lady Gaga,Andorra,Artist
0du5cEVh5yTK9QJze8zA0C,Bruno Mars,Malaysia,Artist
1iCnM8foFssWlPRLfAbIwo,Gigi Perez,Andorra,Artist
3eVa5w3URK5duf6eyVDbu9,ROSÉ,Australia,Artist
6qqNVTkY8uBg9cP3Jd7DAH,Billie Eilish,Estonia,Artist
67FB4n52MgexGQIG8s0yUH,Lola Young,United States,Artist
1oSPZhvZMIrWW5I41kPkkY,Jimin,Belarus,Artist
1Xyo4u8uXC1ZmMpatF05PJ,The Weeknd,Austria,Artist
699OTQXzgjhIYAHMy9RyPD,Playboi Carti,Australia,Artist
46UMQ0cW8ToR8egkBRwAxZ,Cynthia Erivo,United States,Artist
66CXWjxzNUsdJxJ2JdwvnR,Ariana Grande,United States,Artist
74KM79TiuVKeVCqs8QtB0B,Sabrina Carpenter,Singapore,Artist
4cPHsZM98sKzmV26wlwD2W,Brenda Lee,Canada,Artist
4iHNK0tOyZPYnBU7nGAgpQ,Mariah Carey,Austria,Artist
7GlBOeep6PqTfFi59PTUUN,Chappell Roan,Canada,Artist
20wkVLutqVOYrc0kxFs7rA,Daniel Caesar,Philippines,Artist
5lpH0xAS4fVfLkACg9DAuM,Wham!,Austria,Artist
3y2cIKLjiOlp1Np37WiUdH,Shaboozey,Australia,Artist
246dkjvS1zLTtiykXe5h60,Post Malone,Australia,Artist
4oUHIQIBe0LHzYfvXNW4QM,Morgan Wallen,Canada,Artist
5j4HeCoUlzhfWtjAfM1acR,Stromae,United States,Artist
6e3pZKXUxrPfnUPJ960Hd9,Pomme,United States,Artist
2tIP7SsRs7vjIcLrU85W8J,The Kid LAROI,Australia,Artist
3l9G1G9MxH6DaRhwLklaf5,Oscar Maydon,Mexico,Artist
0ys2OFYzWYB5hRDLCsBqxt,Fuerza Regida,Mexico,Artist
22wbnEMDvgVIAGdFeek6ET,Benson Boone,Australia,Artist
2sSGPbdZJkaSE2AbcGOACx,The Marías,Saudi Arabia,Artist
77SW9BnxLY8rJ0RciFqkHh,The Neighbourhood,Latvia,Artist
2RQXRUsr4IW1f3mKyKsy4B,Noah Kahan,Australia,Artist
78F6Xkd46aMHkr4AP60TXY,Clarent,Andorra,Artist
3E12tRURRvPfHz0hAMCFYc,Omar Courtz,Venezuela,Artist
54seKvtsZauR1iauN0ptpo,De La Rose,Venezuela,Artist
7iK8PXO48WeuP03g8YR51W,Myke Towers,Spain,Artist
5CiGnKThu5ctn9pBxv7DGa,benny blanco,Andorra,Artist
0CVOcYvRcSvOXyuR4YGKaC,Dani Fernández,Andorra,Artist
4F4pp8NUW08JuXwnoxglpN,Bad Gyal,Andorra,Artist
0EmeFodog0BfCgMzAIvKQp,Shakira,Andorra,Artist
37S0GFsBW73uqxGXNFeADJ,Ghost Killer Track,Andorra,Artist
0VZrPa7mWAYXH4CwmYk8Km,Kidd Keo,Andorra,Artist
3SCOuAxngTC1yGjKMcIPEd,Lasso,Andorra,Artist
0tmwSHipWxN12fsoLcFU3B,Manuel Turizo,Spain,Artist
5qPeAT4ikl6gJNUexAOEy0,Oques Grasses,Andorra,Artist
6TKygPpVT29oGUogu4J9Ec,Yan Block,Spain,Artist
22dFwJoRBV51ue5TGnC7Dt,Beny Jr,Andorra,Artist
2NeFajzkAQ4UfviWdzf0pK,Marta Santos,Andorra,Artist
6XyY86QOPPrYVGvF9ch6wz,Linkin Park,Austria,Artist
2LRoIwlKmHjgvigdNGBHNo,Feid,Colombia,Artist
6k8mwkKJKKjBILo7ypBspl,Ana Mena,Andorra,Artist
0AqlFI0tz2DsEoJlKSIiT9,Emilia,Argentina,Artist
790FomKkXshlbRYZFtlgla,KAROL G,Bolivia,Artist
0ZHPrnImGh4re3TbSNkoZl,Beret,Andorra,Artist
4az97MtWmBQ5Db3GfDh9j9,Morad,Spain,Artist
2CCgb0KApjfQDuTppovpf8,Rvfv,Andorra,Artist
5C4PDR4LnhZTbVnKWXuDKD,Morat,Nicaragua,Artist
5PlfkPxwCpRRWQJBxCa0By,HUGEL,Andorra,Artist
0u6GtibW46tFX7koQ6uNJZ,Topic,Andorra,Artist
7hQmAXAzWI6D350VTgkKTG,Arash,Andorra,Artist
1Yj5Xey7kTwvZla8sqdsdE,Cris Mj,Chile,Artist
1U1el3k54VvEUzo3ybLPlM,Kali Uchis,Andorra,Artist
6nVcHLIgY5pE2YCl8ubca1,JHAYCO,Andorra,Artist
0WwSkZ7LtFUFjGjMZBMt6T,Dire Straits,Andorra,Artist
4AK6F7OLvEQ5QYCBNiQWHq,One Direction,Andorra,Artist
7f5Zgnp2spUuuzKplmRkt7,Lost Frequencies,Andorra,Artist
2txHhyCwHjUEpJjWrEyqyX,Tom Odell,Andorra,Artist
5Y3MV9DZ0d87NnVm56qSY1,Tiago PZK,Argentina,Artist
7FNnA9vBm6EKceENgCGRMb,Anitta,Andorra,Artist
1JbemQ1fPt2YmSLjAFhPBv,Chayanne,Andorra,Artist
60ZOYUFnCYEeKYsxgvPxOS,Cano,Andorra,Artist
3rIZMv9rysU7JkLzEaC5Jp,Snow Patrol,Andorra,Artist
1bAftSH8umNcGZ0uyV7LMg,Duki,Argentina,Artist
4gzpq5DPGxSnKTe4SA8HAU,Coldplay,Australia,Artist
6eXZu6O7nAUA5z6vLV8NKI,Little Simz,Andorra,Artist
3wcj11K77LjEY1PkEazffa,Burna Boy,Andorra,Artist
0jIWKlfmD4Ew7HeVVrq03g,Elyanna,Andorra,Artist
7vXDAI8JwjW531ouMGbfcp,TINI,Andorra,Artist
4kcQWQDK0u9AftVSpdrAgk,Luck Ra,Argentina,Artist
2OhUNb01gLwygOizYvTm0e,Big One,Argentina,Artist
2BTS8Np1YzPQuXjgdlqsBB,Emanero,Argentina,Artist
1FxPMQ9A0882eNDx3ZkD6B,La T y La M,Argentina,Artist
6Gsh7oJoJ5EQUuQk0EhfWL,Malandro,Argentina,Artist
1DxLCyH42yaHKGK3cl5bvG,Maria Becerra,Uruguay,Artist
0ZCO8oVkMj897cKgFH7fRW,Los Ángeles Azules,Bolivia,Artist
06Q5VlSAku57lFzyME3HrM,Ke Personajes,Bolivia,Artist
4oZolC0sCwCAKqsNXfRlVS,The La Planta,Uruguay,Artist
7yIp2QRLkQ6loIrupimiri,Pinky SD,Argentina,Artist
5Qv1EsPany9Fc3yyCJnoxw,Uriel Lozano,Argentina,Artist
6HTUcOExehqydqa7C3usAa,Abel Pintos,Argentina,Artist
60XHOAhvEBiV6BGBOv8ClM,La Joaqui,Argentina,Artist
19HM5j0ULGSmEoRcrSe5x3,Milo j,Argentina,Artist
2UZIAOlrnyZmyzt1nuXr9y,Nicki Nicole,Argentina,Artist
3vQ0GE3mI0dAaxIMYe5g7z,Paulo Londra,Argentina,Artist
2Jb9jVnCpWkXtoGznFJ6bF,ECKO,Argentina,Artist
6QVEWdYtBkaJcboEtH5FeB,Los Turros,Argentina,Artist
04XdCDDrPnnqidaVBTOQjt,Hernan y La Champion's Liga,Argentina,Artist
1QZuAtDYNrk2QMogJulsyq,Karina,Argentina,Artist
6iYRN5eaz8LSxvwkhmwkRj,j mena,Argentina,Artist
6LZA6PhNCwUfHzqfpN1nYL,Angela Torres,Argentina,Artist
3WMlRpW5JWuDI95TcEWt3r,Salastkbron,Argentina,Artist
2x7PC78TmgqpEIjaGAZ0Oz,Trueno,Argentina,Artist
716NhGYqD1jl2wI1Qkgq36,Bizarrap,Argentina,Artist
4m6ubhNsdwF4psNf3R8kwR,KHEA,Argentina,Artist
2qWK8K2Jfh67UqtwY8tCW6,YSY A,Argentina,Artist
7fT2Me47PQ8T7954PKrcwR,Bhavi,Argentina,Artist
6UCQYrcJ6wab6gnQ89OJFh,Headie One,Argentina,Artist
2FXC3k01G6Gw61bmprjgqS,Hozier,Australia,Artist
69GGBxA162lTqCwzJG5jLp,The Chainsmokers,Australia,Artist
3bO19AOone0ubCsfDXDtYt,Myles Smith,Australia,Artist
40ZNYROS4zLfyyBSs2PGe2,Zach Bryan,Canada,Artist
70kkdajctXSbqSMJbQO424,Kacey Musgraves,Australia,Artist
2sil8z5kiy4r76CRTXxBCA,The Goo Goo Dolls,Australia,Artist
0Y5tJX1MQlPlqiwlOH1tJY,Travis Scott,Bulgaria,Artist
0C0XlULifJtAgn6ZNCW2eu,The Killers,Australia,Artist
08GQAI4eElDnROBrJRGE0X,Fleetwood Mac,Australia,Artist
10exVja0key0uqUkk6LJRT,Vance Joy,Australia,Artist
25uiPmTg16RbhZWAqwLBy5,Charli xcx,Australia,Artist
06HL4z0CvFAxyc27GXpf02,Taylor Swift,Australia,Artist
4gvjmrtzydbMpyJaXUtwvP,Addison Rae,Australia,Artist
1WaFQSHVGZQJTbf0BdxdNo,Tommy Richman,Australia,Artist
2kS9NyuATpYwjeB93h24H5,Nina Chuba,Germany,Artist
1E8mXBWN7AXZCOPYbOky4J,Jazeek,Austria,Artist
3CJKkU0XuElRT1z8rEtIYg,Luciano,Austria,Artist
76dRoxKtDwYkgCQePok9cU,Miksu / Macloud,Austria,Artist
0JBdTCGs111JKKYfLqOEBa,Shirin David,Austria,Artist
3drqpTL4sQOckmAfF9i1wg,Summer Cem,Austria,Artist
7vohy1W7YNLxHynG44UFjS,Sampagne,Austria,Artist
7o95ZoZt5ZYn31e9z1Hc0a,Natasha Bedingfield,Austria,Artist
1SnSPHBs8l5iAvoWF0aO05,FOURTY,Austria,Artist
13bDjug9N0pyv3ZUINjkDV,Bausa,Germany,Artist
5HK6QtizXJzCmoYTkvFRik,Ndotz,Austria,Artist
5p7mWeX4RlvqBCxylfiXdE,KC Rebell,Austria,Artist
11p2E654TTU8e0nZWBR4AL,Mark Ambor,Austria,Artist
0wi4yTYlGtEnbGo4ltZTib,Shakin' Stevens,Austria,Artist
0rvjqX7ttXeg3mTy8Xscbt,Journey,Austria,Artist
5WUlDfRSoLAfcVSX1WnrxN,Sia,Austria,Artist
1fImPZoBVjmYrBFzCHh0N3,Souly,Austria,Artist
0xByDfltDVpk6LDsUMHyI2,Poshlaya Molly,Belarus,Artist
5xtbUYHaOycg6HIi10EZdV,FRIENDLY THUG 52 NGG,Belarus,Artist
5NMwoStnfHT4LdETlJSwDT,Big Baby Tape,Belarus,Artist
4jIvmo6hfAQ04NSOWPVVA3,кис-кис,Belarus,Artist
5B5qmrbTFvA7TAxWruuwbo,Aarne,Belarus,Artist
2hTmpvdwhpNZryOkwTisRW,Toxi$,Belarus,Artist
6HaGTQPmzraVmaVxvz6EUc,Jung Kook,Thailand,Artist
3MdXrJWsbVzdn6fe5JYkSQ,Latto,Belarus,Artist
260kWe4y9lg7YFDsZBgsLv,zhanulka,Belarus,Artist
2z20q6EEfm6w6PiIKsgtb3,FACE,Belarus,Artist
0yp6xP5xe1qarfugfTixOK,Monetochka,Belarus,Artist
0E56Ncr2I37JQhW71UJALE,KRBK,Belarus,Artist
27kGBCjiz5OXojkKX4xQ6R,BUSHIDO ZHO,Belarus,Artist
4h8pGxEIOi7j4me1yhYxlD,LSP,Belarus,Artist
7K2PBAFUE98RKu30clhIms,Violetta Sokolova,Belarus,Artist
3vvLuXEEf7sl3izJcw0GIn,Skryptonite,Belarus,Artist
0XNKQFs2Ewb3y0VsFUFc5l,MORGENSHTERN,Belarus,Artist
0hAEtx2GQLtMTJj8qycHRr,xxxmanera,Belarus,Artist
4uWhcZCwuPopf6JGvwsN2B,ANIKV,Belarus,Artist
0ChMIwzbYxHbebgoPeETfV,Lida,Belarus,Artist
7bI1v9NGBBhq8iGfytctni,Squirrel Flower,Belarus,Artist
1nnaE1FllcW0TlDdPVmdPg,Scally Milano,Belarus,Artist
3I9Bd4StaxvFWPG9AAjlrO,uglystephan,Belarus,Artist
6iQqWcDg92kre5ykFLwqD8,Дайте танк (!),Belarus,Artist
0GOx72r5AAEKRGQFn3xqXK,GIMS,France,Artist
1cKyknhftNKXCjMBd2hDrG,DYSTINCT,Belgium,Artist
0LKAV3zJ8a8AIGnyc5OvfB,SDM,France,Artist
2loEsOijJ6XiGzWYFXMIRk,Adam Port,Belgium,Artist
26WKgv73kRHD0gEDKD1i8j,Keinemusik,Belgium,Artist
3IW7ScrzXmPvZhB27hmfgy,Jul,Belgium,Artist
2F3Mdh2idBVOiMTxXoxc10,MEAU,Belgium,Artist
0UF7XLthtbSF2Eur7559oV,Kavinsky,Belgium,Artist
3QVolfxko2UyCOtexhVTli,Angèle,Belgium,Artist
1xU878Z1QtBldR7ru9owdU,Phoenix,Belgium,Artist
5oNWzcU0mYK1zDUxBGHIaG,Hannah Mae,Belgium,Artist
5MraexJKZDrQYzS98kNwie,Sevdaliza,Belgium,Artist
6tzRZ39aZlNqlUzQlkuhDV,Pabllo Vittar,Belgium,Artist
1QsdzIKkTT5gDFj8GB1cIX,Yseult,Belgium,Artist
3TOqt5oJwL9BE2NG9MEwDa,Disturbed,Belgium,Artist
5wCmhq5J2hPwL2r0eKurxn,cassö,Belgium,Artist
5KKpBU5eC2tJDzf0wmlRp2,RAYE,Belgium,Artist
5VadK1havLhK1OpKYsXv9y,D-Block Europe,Belgium,Artist
07h4CCFmlXkwx0g4PL5Uuh,Guy2Bezbar,Belgium,Artist
5eir5zFJpES4j7gsymbVyl,Ronnie Flex,Netherlands,Artist
3JhNCzhSMTxs9WLGJJxWOY,Macklemore,Belgium,Artist
5BcAKTbp20cv7tC5VqPFoC,Macklemore & Ryan Lewis,Belgium,Artist
4e0nWw2r4BoQSKPQ2zpU13,Ray Dalton,Belgium,Artist
0fTSzq9jAh4c36UVb4V7CB,Alex Warren,Belgium,Artist
5JMJt80HJWR1e4hMw63Z5t,Luis Vega,Bolivia,Artist
1TA5sGRlKUJXBN4ZyJuDIX,Blessd,Colombia,Artist
3m5qlPf2OkihLz3dRYnkPA,Ovy On The Drums,Chile,Artist
1r4hJ1h58CWwUQe3MxPuau,Maluma,Bolivia,Artist
66ihevNkSYNzRAl44dx6jJ,Carin Leon,Costa Rica,Artist
1vyhD5VmyZ7KMfW5gqLgo5,J Balvin,Colombia,Artist
7j6DKwmjbxvpQO8h914uEz,Ryan Castro,Colombia,Artist
4q3ewBCX7sLwd24euuV69X,Bad Bunny,El Salvador,Artist
1fctva4kpRbg2k3v7kwRuS,Rvssian,Bolivia,Artist
1mcTU81TzQhprhouKaTkpq,Rauw Alejandro,Ecuador,Artist
1dKdetem2xEmjgvyymzytS,Grupo Firme,Bolivia,Artist
0dUyjgCyjfj5eMx6bX2TWf,FMK,Bolivia,Artist
2jSGzJw0ebJLu7OLVSOcBP,Plan B,El Salvador,Artist
12GqGscKJx3aE4t07u7eVZ,Peso Pluma,Mexico,Artist
5szJHKg5xeUlQ9pTqzdpic,Taiu,Bolivia,Artist
3qsKSpcV3ncke3hw52JSMB,Young Miko,Bolivia,Artist
0wdQR6Qd64uSVhNJy7M2F0,JAVVI ELIAS,Bolivia,Artist
6aoGgTKGqtsjj48ymcNs4Z,MC Tuto,Brazil,Artist
5Dz2FizMLqV0Cr3c8uhEcF,MC Cebezinho,Brazil,Artist
5InVWl8IZB8zFAoNa5roKm,Mc Kako,Brazil,Artist
59jlthNnbmim5l9tmNA7se,Maiara & Maraisa,Brazil,Artist
5wbf52LA6kcaboHSN6NEF1,PEDRO SAMPAIO,Brazil,Artist
0nFdWpwl7h6fp3ADRyG14L,Marina Sena,Brazil,Artist
2CKOmarVWvWqkNWUatHCex,Ana Castela,Brazil,Artist
0xj9MJx9r0wO2o4aqdergP,DJ TOPO,Brazil,Artist
7me0S5Z40qVWj3gzyK8aC3,Mc Livinho,Brazil,Artist
5s27i7oqhNWIcE4HeoVdq0,MC GP,Brazil,Artist
6XFc29m1ptfUNmaa1UTuBT,MC Joãozinho VT,Brazil,Artist
75i9GaW2MJUgt4BkdUnuUY,MC Ryan SP,Brazil,Artist
6zGPa2tLMJ5HQYUddZI8di,Caio Passos,Brazil,Artist
04QHNiih9ZesPvals6II1h,MC Marks,Brazil,Artist
2FDaBZt51fOXh2rbHL8Afr,Mc Magal,Brazil,Artist
0JRPF8WIKUtSO2IUYfrcuh,Kaique e Felipe,Brazil,Artist
6sW5k31iA8sTy0i2goUKF9,Oldilla,Brazil,Artist
2Z0lRIqr997lIUiPtrpKCr,Matheus & Kauan,Brazil,Artist
1LIuN7ov1IBQDdLsU83ojl,Hugo & Guilherme,Brazil,Artist
41QLxRXlc2NwfJZkHGHKid,Israel & Rodolffo,Brazil,Artist
1mV9h1AwhRXSjBFcYpajgY,Mc Lele JP,Brazil,Artist
6VyttZwyEMGBl90oGdKCB8,MC Leozinho ZS,Brazil,Artist
0bg3fNpRQgZTCAg3Bseyly,Mc Th,Brazil,Artist
5ZfBThYiIIhL7jHMG8gDB2,Ferrugem,Brazil,Artist
6qrqAYlS6lUj2BVXax7SZW,Mc Jacaré,Brazil,Artist
0vLuOi2k62sHujIfplInlK,Hungria,Brazil,Artist
7gZu6kPnY9enEi5FvgTO4F,Felipe e Rodrigo,Brazil,Artist
7gHzR22tDNSWGS4HkvvPgw,THE BOX,Brazil,Artist
1SZXYhJz4sqEss888VmWLP,Mc Brinquedo,Brazil,Artist
1JJq541frMPfUIQiUoVrnp,Mc Laranjinha,Brazil,Artist
0i1s9WcIu0PrUvHzALgofo,Seu Jorge,Brazil,Artist
6mKwmTMzDrye9elc8JWiw3,Mc Leozin,Brazil,Artist
3Nipsl6GVwwGyeAk0J29C6,MC G15,Brazil,Artist
1tKrZaph4cLsnEdqC5BNEQ,Clayton & Romário,Brazil,Artist
5nP8x4uEFjAAmDzwOEc9b8,Matuê,Brazil,Artist
6YzSM19LzpLH0nVKKU6Jsy,Mc Daniel,Brazil,Artist
2Y3kRJYYun9lDcRMM7ulQg,MC Bruna Alves,Brazil,Artist
6m6e7D2TnV0aYMllFFwMxu,Guilherme & Benuto,Brazil,Artist
7rXMvXRnWHaSwnVvPeUUfw,Gloria Groove,Brazil,Artist
6TYimByryGphZCtwYopH0y,Lauana Prado,Brazil,Artist
5O30nI9WzhHuxqFZqReBQu,MC Thaizinha,Brazil,Artist
1mvpEXClANunyiHFtAXCxt,MC Rick,Brazil,Artist
4MQAbRFF5xtTAIYG8jzfZm,Dj L Martins,Brazil,Artist
6sEfX6ntbBxeWBLggUMyyq,Medi,Bulgaria,Artist
3CcA9m1Ivpp5XmLt8SxUpn,Tedi Aleksandrova,Bulgaria,Artist
2xZOjY3LYFt8mfHuBUOBwF,Silver,Bulgaria,Artist
4vczAVLBVJzhMndKRCsQls,Djordan,Bulgaria,Artist
1WOWylyMYTYIkDJmKLeSpQ,Dessita,Bulgaria,Artist
39mjWoyHE5RMghSx70h7pI,DJ Damyan,Bulgaria,Artist
1lxHE7dVKOVaIjGOIu8svG,Emanuela,Bulgaria,Artist
1vAwQYTE1k5MBhNsvqphp1,Azis,Bulgaria,Artist
2Dj0euYPa8eiI6Ee5VLBwg,Preslava,Bulgaria,Artist
3Q71N3lHz2pijhljCNqOqw,Andrea,Bulgaria,Artist
7Cg8hnSsmbfC6fxCykWYrh,Bilyanish,Bulgaria,Artist
5f1C9EB4G4MrxxmWmZP5Wo,MOMO RECORDS,Bulgaria,Artist
583wxBpo6S1maGz1bqYekZ,Selina,Bulgaria,Artist
2M8DUpSnqu7TlGxEgjUocd,Danna,Bulgaria,Artist
4v8n02xVhZK4CmdUAuipHn,Konstantin,Bulgaria,Artist
7JLPN5CklYCRotAvFGw4Q1,Fiki,Bulgaria,Artist
1UUQq3z2RCIqSE1eiP00Jv,Marso,Bulgaria,Artist
556XyBuO17TCo0Bviw5nCW,V:RGO,Bulgaria,Artist
27m6NrJXMbLGlkoGBUy2IV,Boro Purvi,Bulgaria,Artist
4oopAFtLdKXCoq2XoEjDZD,Krisko,Bulgaria,Artist
5M7RMcbgYy45XzC51HU355,Galena,Bulgaria,Artist
4AZihrM3P96d5mA9kvsxxH,Tsvetelina Yaneva,Bulgaria,Artist
5amPFw5XVlNzP7uSKBXtai,Galin,Bulgaria,Artist
6NtH0d4qlaU5FakRdrdNwq,SIMONA,Bulgaria,Artist
4aPsL8sPDTXIR11gYfAb0i,Mirela,Bulgaria,Artist
696J4fiOALx5ifVKv10VbK,Adam,Bulgaria,Artist
29Hsg37sCbjeeCdDA0HIgt,Ivayla,Bulgaria,Artist
4FTXvsvz433gZR67rhxFfN,Lidia,Bulgaria,Artist
1cqkZpQniJhO3wvhxqVz54,Jordan,Bulgaria,Artist
12a4KgFut39rBB8WjeN2oL,VANE$$A,Bulgaria,Artist
5mNFpEfI0KApCz2Y88LYW6,Alisia,Bulgaria,Artist
2lKSCvxuWDRCyImWLIXqre,Don Mario,Bulgaria,Artist
64KEffDW9EtZ1y2vBYgq8T,Marshmello,Canada,Artist
3oSJ7TBVCWMDMiYjXNiCKE,Kane Brown,Canada,Artist
718COspgdWOnwOFpJHRZHS,Luke Combs,Canada,Artist
4GGfAshSkqoxpZdoaHm7ky,ERNEST,Canada,Artist
4Gso3d4CscCijv0lmajZWs,Don Toliver,Canada,Artist
2hlmm7s2ICUX0LVIhVFlZQ,Gunna,Canada,Artist
1QcutbFtA6u8A2ZFTZuLSL,Panda Black,Chile,Artist
7hwlbJCUBQksiqlloB6x9K,Grupo Zúmbale Primo,Chile,Artist
2OEZ0KKJrKXsRQ6hU9bbfS,Kevin Martes 13,Chile,Artist
0x5lhIYknBUEozHuXjkwUs,Galee Galee,Chile,Artist
22QaKKmBIH3QiotuG30W3o,Santaferia,Chile,Artist
6w9ToX5slZ4uIdmD17hJ3c,Bryant Myers,Chile,Artist
2XcZshqzPKm3iZcmt73R8D,Pablo Chill-E,Chile,Artist
0NnUMWDCDi1snuMja6IdxH,Harry Nach,Chile,Artist
4yxLYO2imECxGYTTV7RQKb,Pailita,Chile,Artist
7kvnG7JhX0ycVMVb8SP8EL,Bryartz,Chile,Artist
3i6lAgVHplDXb6zrjIeBeK,Kris R.,Colombia,Artist
1cUpGtXcSQsovNYEZOQgOG,Nanpa Básico,Colombia,Artist
7a0XAaPaK2aDSqa8p3QnC7,Beéle,Panama,Artist
2NfSBtmWe7oPw1EmetJVso,Boza,Panama,Artist
0zO8yNnw5GQgutcIyXfGBY,ELENA ROSE,Venezuela,Artist
7GQDI5Vmxs92RsIRZzYT11,Pirlo,Colombia,Artist
3jGlU8UMMo44I2xeLQ6FD3,Dalmata,Colombia,Artist
5J5DLfdC5YmPjVk8ljdOqU,Big Metra,Colombia,Artist
0eHQ9o50hj6ZDNBt6Ys1sD,Yandel,Colombia,Artist
28gNT5KBp7IjEOQoevXf9N,Camilo,Colombia,Artist
0GchaVw5KfSVEm0xl0OXEe,Luis Alfonso,Colombia,Artist
4SsVbpTthjScTS7U2hmr1X,Arcángel,Colombia,Artist
3SUT1jjM5hzZj9TLfLZGIP,Tego Calderón,Colombia,Artist
17SY5q1CMOZJBRuPcKWwPI,J Abdiel,Costa Rica,Artist
4s6Xg38sbqh4xpf4OqhVUK,iZaak,Paraguay,Artist
2cPqdH7XMvwaBJEVjheH8g,Jay Wheeler,Costa Rica,Artist
5lwmRuXgjX8xIwlnauTZIP,Romeo Santos,Nicaragua,Artist
1qto4hHid1P71emI6Fd8xi,Aventura,Nicaragua,Artist
4cG43cUBRJWWDsRh4SW48i,Viktor Sheen,Czech Republic,Artist
721o1Z0J6jQupyzLt9RnEk,Yzomandias,Czech Republic,Artist
6gvVFtkTV4OCyQSCzGgU1h,Nik Tendo,Czech Republic,Artist
1jHpBumJuu1B6LCJQVh49x,SIMILIVINLIFE,Slovakia,Artist
6xg3PSVEwviVyfnx3mtsPL,Saul,Czech Republic,Artist
4Vmja4orT3sZ2F3x3DanBZ,Hard Rico,Czech Republic,Artist
4V1v1oFnKe0b42lZh1QBnF,Ektor,Czech Republic,Artist
3qoxj1cR3W3crV51Wg38Ux,Dollar Prync,Czech Republic,Artist
1gRr6moof50L1b7XsbClvI,Rytmus,Czech Republic,Artist
3LujD0iQ9jRbSCMA39CGfO,Separ,Slovakia,Artist
5RWzjEjUW2NWpSm00Ieo5X,Peter Pann,Slovakia,Artist
3FgZ0agsmQ50Y9VflHdcio,Rohony,Czech Republic,Artist
2U1l35agymGrBDFeMIxVLG,Pil C,Slovakia,Artist
33ngpBQcfq53FgLhpBDt8i,Luca Brassi10x,Slovakia,Artist
5gRumjUBK1fHfuOlQxspJ9,ŠKWOR,Czech Republic,Artist
5lEkQtWa3UKlI1hj7sktcd,Calin,Czech Republic,Artist
5iYtjtFv6SvHX95ny4fVEz,P T K,Czech Republic,Artist
1bpca6RQE5kp92pIwPMBE8,Ben Cristovao,Czech Republic,Artist
2f1Czzz5n4BX80U6cksGr9,Kabát,Czech Republic,Artist
28oxY7ZfDt1BJFf8FVfpEh,Robin Zoot,Czech Republic,Artist
2ZHJEckf6HJXMSuD2icSSW,Sofian Medjmedj,Czech Republic,Artist
7KjsjftPKKarTvZlawniPi,Marstein,Norway,Artist
1GKN1Js8fa19K23eIhOMhg,Annika,Denmark,Artist
74HomvqoUecDcUPRespyqg,Suspekt,Denmark,Artist
5FIdLxucf1EKqZfxeeXZzD,URO,Denmark,Artist
4ZwOlDVAGXQo66ykbLQ8dP,Lamin,Denmark,Artist
1d5Y2zrhRQ6R0plv652L67,Ukendt Kunstner,Denmark,Artist
2eBqkaIfoNsOPCQCQEy5fD,Benny Jamz,Denmark,Artist
2KbikmQKGiUPR2ARs1h0sq,Gilli,Denmark,Artist
2dfY7zXIP61MKHtD175hFp,Noah Carter,Denmark,Artist
7JoViNQIqOIaxcBswboN5d,Ankerstjerne,Denmark,Artist
3pVuaUisHmRfVy53qWwmql,Daniel Schulz,Denmark,Artist
3SyJZpVRYuncgXPtjAceOJ,Panamah,Denmark,Artist
2d7AMvzFwh5wUTuqQl3BAE,KESI,Denmark,Artist
5RaTuqY7SJHvh6MNzMagut,D1MA,Denmark,Artist
14nVYgOiwVBJIEATXIDYC8,Burhan G,Denmark,Artist
3elCsuJ1JjDeAd8mjlRRX5,Blæst,Denmark,Artist
6xfKNngTw1zxViM96HSTCq,Mumle,Denmark,Artist
7nCIXUCqZmxntAGJMyls5c,Svea S,Denmark,Artist
1w2fVGZN37TieWhlqS8UwB,Tobias Rahim,Denmark,Artist
3RYYha3CC7js2PHbcBHewt,ICEKIID,Denmark,Artist
4ysmSq2N7badobfVT6YZ82,Gobs,Denmark,Artist
3UaEtP4pJGDhyEzy47AMzl,Malte Ebert,Denmark,Artist
1GLzVjVa7bLnAcD1At98j3,Omar,Denmark,Artist
028xhPwqtWva4J0MkFHY2x,Mads Langer,Denmark,Artist
0thQkzSyTo4l3zbpibZznQ,Hjalmer,Denmark,Artist
0yqCOSZ1i0c49UUbE8AzbQ,Rasmus Seebach,Denmark,Artist
1YwMnnHvnG64fJxYSVwmN6,Branco,Denmark,Artist
1uNFoZAHBGtllmzznpCI3s,Justin Bieber,Denmark,Artist
4ncaw2cfA3Wlly1tBD2eWt,Yailin la Mas Viral,Dominica,Artist
0TnOYISbd1XYRBk9myaseg,Pitbull,Dominica,Artist
3OcvS8PzSGYMBvLdzY6g3e,Silvestre Dangond,Dominica,Artist
4VVEpEhC8NcR7AqNEds42U,Chimbala,Dominica,Artist
7w0t8O8nbirfLvGJgKK0xk,Leo RD,Dominica,Artist
3Z8i7zAQr7lPwH7pUQnlXJ,Kreizy k,Dominica,Artist
7eUSP77ZhnXleSue48JWiT,El Blachy,Dominica,Artist
5rlinmh5Y0p4zfMY5qngpX,Diamond la Mafia,Dominica,Artist
4UcGO4hOufILa9qGd3KOCo,La Perversa,Dominica,Artist
30TfJAUX5Aeh7qKjyndmsO,Mapa Negro,Dominica,Artist
2rMFPjySMqkgBajkLKL6zo,Lomiiel,Dominica,Artist
2dHbjVgpO3NvzY8D7yZvji,Donaty,Dominica,Artist
0L7AJNWmGtSjzASON8eTDW,Papera,Dominica,Artist
1y8spb5Thg0p5ybNtdk4tu,Jezzy,Dominica,Artist
6kq4GHwUcUojGIu0ziSNXf,Amenazzy,Dominica,Artist
6GlX3FdCQrMftGfVaWcmPZ,NTG,Dominica,Artist
7qYeIN2r4H1kBvr0Gm9Iav,Randy,Dominica,Artist
44cW3xznP61BXbu0e7fgxn,Slayter,Dominica,Artist
12lHTAdc9T204lw5qPtasv,Foreign Teck,Dominica,Artist
0XXR1ghu7pFEcfdmhq52E9,Braulio Fogon,Dominica,Artist
1f7FtdbdaRjeeOr0gK9f3L,Luis Brown,Dominica,Artist
0B4uq7LA4vdVwFPDoOcVtw,Jey One,Dominica,Artist
0tR60pwxQ5WKjPxQcKoCQ7,Messiah,Dominica,Artist
0PPgD3dY7wrxsMe021mByK,La Mas Doll,Dominica,Artist
2kF83E9c7WmW5XdqwUrJd2,Chocoleyrol,Dominica,Artist
60uh2KYYSCqAgJNxcU4DA0,Hombres G,Ecuador,Artist
1Ts9of7VPZElwPQnqnDSfW,Lyanno,Ecuador,Artist
1GKIlPFdcewHtpDVCQ8zmJ,Brray,Ecuador,Artist
4IMgqWorWJUqUlbULGdoBa,Youssif Elashry,Egypt,Artist
7yBuSjd5Z3w7acodk51evR,Afroto,Egypt,Artist
5CSaIf8OAstAYE5oqQeS15,Magdy El Zahar,Egypt,Artist
3mUUUQDWnVlttF1yERxmPQ,Ilmond,Egypt,Artist
5764EiAfWT26wi1CdLcnwz,Shehab,Egypt,Artist
5QKGejJMncXUNUb9pUFbEf,TUL8TE,Egypt,Artist
2KJgliIl1dMyeOMyCcnYv7,Bahaa Sultan,Egypt,Artist
5rCq30EbJ3DfZPKybGZj8F,Tamer Ashour,Egypt,Artist
2PM82jOCB674w4BL08zFVS,Muslim - مُسلِم,Egypt,Artist
4BKC2HOGEqtYz2Xbgp9N1q,Wegz,Egypt,Artist
2GVksDv9UpY60i4CvytrZK,Cairokee,Egypt,Artist
2iToE4LH0W9zs4hVw3A7m6,Mahmoud El Leithy,Egypt,Artist
2KjiHtx0h8tyJXbg8aYRgu,Essam Sasa,Egypt,Artist
5HczG7gdd89oDKY0CUyPof,Wael Jassar,Egypt,Artist
4o6vIkdmHiEXZOesrJj3KO,Abyusif,Egypt,Artist
5LtHZB7vU02HtNoOzNcVhc,Ramy Sabry,Egypt,Artist
6bb9VI1PpPTEmdgcgjTppX,Mohamed Hamaki,Egypt,Artist
0IiR4LJwslf6HBSdk9W3Dg,Angham,Egypt,Artist
5OaC42gxOxSYgfmmSxe672,Farid,Egypt,Artist
2N72bJ8IYB4KZmKmxz5Xkk,Hamza Namira,Egypt,Artist
56chSp36PsMhpQvUn1kdR3,Marwan Pablo,Egypt,Artist
57UiSuUcw9m0MV4bC2DukM,Molotof,Egypt,Artist
63OMTYC88PAsd7ffM3ErQv,Muslim,Egypt,Artist
5miyPYjh5EcpOSqloDJPID,Ramy Gamal,Egypt,Artist
1bfl0AU8SqmLkElptOprhC,Julión Álvarez y su Norteño Banda,Guatemala,Artist
5eumcnUkdmGvkvcsx1WFNG,Tito Double P,Mexico,Artist
0pePYDrJGk8gqMRbXrLJC8,Luis R Conriquez,Mexico,Artist
6pV5zH2LzjOUHaAvENdMMa,Neton Vega,Guatemala,Artist
0elWFr7TW8piilVRYJUe4P,Natanael Cano,Mexico,Artist
6dLuQ5qXxIuWc5urxfIiZR,Calle 24,El Salvador,Artist
2rmkQLzj0k4nZdQehOUByO,Chino Pacas,Guatemala,Artist
33ScadVnbm2X8kkUqOkC6Z,Don Omar,El Salvador,Artist
7Gi6gjaWy3DxyilpF1a8Is,Junior H,Mexico,Artist
1pgDilWYDWLoOgGjf1iHNu,Zion,El Salvador,Artist
5lFhCi03HDneWzvCxGctrT,Jory Boy,El Salvador,Artist
3LKXWvXFWrkwUzJWxzwVpW,Tony Dize,El Salvador,Artist
3TVXtAsR1Inumwj472S9r4,Drake,El Salvador,Artist
2cNMMulo6S2a0tHrwX2s6i,nublu,Estonia,Artist
6kSiYWWt4597uZNH0Cpjig,maria kallastu,Estonia,Artist
13ubrt8QOOCPljQ2FL1Kca,A$AP Rocky,Latvia,Artist
6Xb4ezwoAQC4516kI89nWz,Imogen Heap,Estonia,Artist
5vSQUyT33qxr1xAX2Tkf3A,Clams Casino,Estonia,Artist
5nZADoZFWVB90dHpk5zvXy,villemdrillem,Estonia,Artist
55I7E3FxDsnuRqr0sQSrMf,Küberünnak & Karmo,Estonia,Artist
6TsAG8Ve1icEC8ydeHm3C8,Snow Strippers,Estonia,Artist
4S18DTzCeExY2k5vi6rGWW,Florian Wahl,Estonia,Artist
6acByqWJeuaM0TX5VoY6an,5MIINUST,Estonia,Artist
6kvEy25jX5e1RtdFn1Eo3X,säm,Estonia,Artist
1QAJqy2dA3ihHBFIHRphZj,Cigarettes After Sex,Saudi Arabia,Artist
4oLeXFyACqeem2VImYeBFe,Fred again..,Estonia,Artist
5SXuuuRpukkTvsLuUknva1,Baby Keem,Estonia,Artist
78rUTD7y6Cy67W1RVzYs7t,PinkPantheress,Estonia,Artist
2SrSdSvpminqmStGELCSNd,Stormzy,Estonia,Artist
2Pn8JMNrnRnSpNRPPgtiWA,ibe,Finland,Artist
6IKJyoGeFRCRDb90U6AEzp,Turisti,Finland,Artist
5m8QXFAKCuty66pOzy9aPZ,Mirella,Finland,Artist
0hVN0MWgK3oTTBoqBVSRwt,Sliki,Finland,Artist
1iRlPYW9AnnyLTPfy53Mj9,Ares,Finland,Artist
3Lc2yroP05lRK5z9NtQTkc,Etta,Finland,Artist
2E93OTghhH2JKYUWt48gFK,AHTI,Finland,Artist
3aD9K1zaLQ3G7yp9XV5E4D,Isac Elliot,Finland,Artist
4cmLVUbkth6BauCptSGKsV,Lauri Haav,Finland,Artist
7meg3neLTT2WR1LDjL8jze,SANNI,Finland,Artist
0hidKEfknd2aNabseugaN2,SHRTY,Finland,Artist
5aF5rqONOxygQlthvJ5Wjr,KERZA,Finland,Artist
56fNXc6wRoO6rkxs0mNtL4,Kube,Finland,Artist
3kKa5RWsRwK2f5Xu2RHBB7,Jore & Zpoppa,Finland,Artist
2JSX0lIYekUp6F301cTHkq,Sexmane,Finland,Artist
3I4GcOB25cSJHa9d7Bsgji,costee,Finland,Artist
2zd9YxlsQvA5mkZ1NarYVQ,Miriam Bryant,Sweden,Artist
0cv9YYFgE0vLVgTjMrOZup,Sara Siipola,Finland,Artist
0PyeoSEt7RQPbjuzy3JK9O,Ege Zulu,Finland,Artist
3bAa4FKwIgwWYHdaUJicmE,BEHM,Finland,Artist
4Q4b4S784htx6DtxcMUfMO,Robin Packalen,Finland,Artist
4yJlK8mRoESpFoPq3sOAi5,Tupe.,Finland,Artist
6LkMGN0t3HDNL8hIvma70r,Käärijä,Finland,Artist
5BTRN678gL6XT4kv3TBopQ,Costi,Finland,Artist
3YC5DVJDjyazvB8hxJSybr,KUUMAA,Finland,Artist
4gl9wpGYA4o15ykU2FBnd3,Anna Puu,Finland,Artist
5H34mYQz0gLcqPWIOTyDaJ,Erin,Finland,Artist
69pjn3Oxt0azUYEw9NE4S0,Ida Paul,Finland,Artist
1fy2OEMI7TX9ayBKxErHK0,jambo,Finland,Artist
3vUMXQ9kPnZAQkMkZZ7Hfh,Tiakola,France,Artist
5Vf6gyVzfo8TnzrPRBg3qo,SANTA,France,Artist
6Te49r3A6f5BiIgBRxH7FH,Ninho,France,Artist
7CUFPNi1TU8RowpnFRSsZV,Niska,France,Artist
7x3eTVPlBiPjXHn3qotY86,KeBlack,France,Artist
4uJNQGa3L2frXDxwgouTIw,Franglish,France,Artist
26zgIfFyTCImkHAp5gwKW8,Joé Dwèt Filé,France,Artist
2GlEiSHYEKlq9cUYDa9oZb,Lynda,France,Artist
0PcU18DNfkn3pmbjy5yMFz,Genezio,France,Artist
3igykO7sW43wfhSjvnETTo,Prototype,France,Artist
6HCBnyTBSLdb3TFn2ayulY,Leto,France,Artist
5gqmbbfjcikQBzPB5Hv13I,Gazo,France,Artist
3YBJLs7RqR0aPGBgU27nDh,Werenoi,France,Artist
58wXmynHaAWI5hwlPZP3qL,Booba,France,Artist
7DUTsWY3RBd64vh8UtgtYA,Lacrim,France,Artist
20JMfmzDb5cjHxEoMXXMyY,Favé,France,Artist
4IS4EyXNmiI2w5SRCjMtEF,Kendji Girac,France,Artist
5gs4Sm2WQUkcGeikMcVHbh,Hamza,France,Artist
7CW7QdOgRStOg7JktRuZ3E,Imen Es,France,Artist
2z2TRvloJt4EfUNQp9rHAi,Alonzo,France,Artist
2jFnPm8VeSO19i6B8blXB5,Abou Debeing,France,Artist
2rEVnwCPBeGkWMv425KoG1,AYLIVA,Germany,Artist
1qQLhymHXFPtP5U8KNKsm6,Apache 207,Germany,Artist
39KEQQAG9JhIt71g9NEVhh,Azet,Germany,Artist
1aS5tqEs9ci5P9KD9tZWa6,Bonez MC,Germany,Artist
6h1s4i4XKIYv4ErDelLDN0,Samra,Germany,Artist
1yIifIA91WgmfzBcjbQB8i,Kurdo,Germany,Artist
07SFzTMeYf5P8Rd32a9Zzw,AK AUSSERKONTROLLE,Germany,Artist
3NZPZUWDcJngcu8MuBpT69,KARDO,Germany,Artist
0PPCPsuv0iOAYKGR2SkFal,VOLO,Germany,Artist
6GoNVmYCl0yUm4pEp80vn6,badchieff,Germany,Artist
4hK7sEnm0se5bqoI3Yb5o1,SANTOS,Germany,Artist
4Yttlv9ndGjCDCVLqM7ACq,Sido,Germany,Artist
3F2BUPEkX9IDaRYAeJN0Gh,Amo,Germany,Artist
3ZuBEj9ppJe8GSdKaMTfMN,Nimo,Germany,Artist
0t84CBqmvihsUVFme33TLd,GReeeN,Germany,Artist
5j21TGkrNEAJe3gG9VlS34,Shindy,Germany,Artist
5pVRwX5ZQR7hfJ18w8ZYkl,Ufo361,Germany,Artist
3pjq2pDV9RR6VY55wBjVnp,Dardan,Germany,Artist
1yBH6dqnD6xzSeCjXp9pKm,Roi 6/12,Greece,Artist
0cy6ZMOTeautXRNJsR6PiV,Ivan Greko,Greece,Artist
6WzxopGY3sy97IeNFaDELc,Trannos,Greece,Artist
6wN4QyhoM6fN49kEB25rnl,SNIK,Greece,Artist
6hyFvbMnKrLVujJZnovsWz,Marseaux,Greece,Artist
2bucjueNUx2aVTUA7zj6w7,APON,Greece,Artist
1zeAbUJAbLOWeYpgRVnYmu,FLY LO,Greece,Artist
7zYmrye7LvmpMkfHWrENu9,Mike G,Greece,Artist
3KcZf8BFeFBtnGyOZmUggd,Mad Clip,Greece,Artist
29Bl0nvClztM0dpgY2vvcc,Billy Sio,Greece,Artist
48h12D3cJbqfn1ReVL9qbw,Strat,Greece,Artist
6YYOTK6Qyv6PuFipPxCCoe,RACK,Greece,Artist
7AWAljMatr7bxddF4kWzXG,TOQUEL,Greece,Artist
1LxWE4LOhnqeaAx2tVUK6p,Saske,Greece,Artist
39E15l8zeCDYpSZwFNX4G2,Eleni Foureira,Greece,Artist
69EosSfMcqIxCMw7VeVPVC,LILA,Greece,Artist
6OBgaDVTONTa4rkGpE7sVE,Sin Laurent,Greece,Artist
5YquORfLTx6nWMlBzJstx7,Konstantinos Argiros,Greece,Artist
1UdbiTrv73Dp7F0s3OHmn2,Light,Greece,Artist
3qg78GGGWP04yTv0ZQMsXl,Anna Vissi,Greece,Artist
5XABVWdxtyuupsE2YUGrma,Baghdad,Greece,Artist
2ra3quFhImLyv0c9XTnWFl,Melisses,Greece,Artist
2wn1GEkgU8x5i1fstfxog4,Franklin WWT,Greece,Artist
5svarA8QyRUWetgH9ZouQq,Sadam,Greece,Artist
1OJxI4NQfY6osMvhfRMMEX,Dof Twogee,Greece,Artist
2SabhGDiBSyaM6QSuBUVqB,Noizy,Greece,Artist
0vUcZVCNG7i5OV0zb8Icfw,Hawk,Greece,Artist
1RqOmrtivmvKrfBO81j1ou,Kidd,Greece,Artist
3jPN2U65cMPzvozEBue5zp,SIDARTA,Greece,Artist
0WxSlQlue0fq99fXfGBmxA,Fy,Greece,Artist
2FTua3TeIGnmQQrN80DinP,Anastasia,Greece,Artist
4Rh80sXmcG4xDP1r6dTNiQ,Estevan Plazola,Guatemala,Artist
6Sbl0NT50roqWvy746MfVf,Gabito Ballesteros,Guatemala,Artist
5YqI7p8zYsOpKJtjxYdOce,Victor Mendivil,Guatemala,Artist
3p8PwzenE7ktd4BVFuQzMD,La Receta,Guatemala,Artist
5vV3bFXnN6D6N3Nj4xRvaV,Jin,Honduras,Artist
4dqqy9z09htrVsRiJpoQmw,DESH,Hungary,Artist
0zmW213tzA7NFv6ESRso7N,Young Fly,Hungary,Artist
6EIriUxo7vznEgJtTDlXpq,Azahriah,Hungary,Artist
7JOS2dpikWR1qxVZfLbKju,Pogány Induló,Hungary,Artist
3RDALl5RyRDHPryF1uyWwG,T. Danny,Hungary,Artist
35BhE5C6szF898n5WgUSgO,Burai,Hungary,Artist
5Zwlr28h134D0OzxzUfVCA,BSW,Hungary,Artist
2dmFGufs1lJpgKnb5NyPNS,ByeAlex és a Slepp,Hungary,Artist
2O9w0WQhGtr7oQWG6nUqh5,KKevin,Hungary,Artist
5ALUgNuS421MZrrrAhM9Bv,Bruno X Spacc,Hungary,Artist
0Qld3F5Dr62sYbuivSzEMw,Mario,Hungary,Artist
3PMRY3PR5xAe5UpRfPPuaG,Dzsúdló,Hungary,Artist
5Y82XghASZwxaZGe7tJVUJ,Moriones,Hungary,Artist
1O4dvMoyQSIClCii6DSai8,Manuel,Hungary,Artist
3T7cPgj4vAIoSdypl7cNH8,Tomi,Hungary,Artist
0EQbKeNi7GXjfN2LndmReh,VALMAR,Hungary,Artist
5x9gQC3VztdH5mQO5EEi9y,Beton.Hofi,Hungary,Artist
4imSxhDqtkiuKUamV1AL2l,DÁNIELFY,Hungary,Artist
6MBiPjSFsYijvVDtKDwVs4,Herra Hnetusmjör,Iceland,Artist
0OCQtSY66ZM9xUUsuvjDXw,ICEGUYS,Iceland,Artist
4jfe3cL8wzjPxD9CViP2dW,Aron Can,Iceland,Artist
1tNJibl39hvCIVSnGaiwx5,Hafdís Huld,Iceland,Artist
7FRQP6Ivwv3DQCLxpR3I6Z,Birnir,Iceland,Artist
5fxRKBJNkss9n22ePnifL6,Izleifur,Iceland,Artist
734Ea35ORu5chErtoqMMtU,Daniil,Iceland,Artist
6100Rwk1ypJpElhvxSKju4,Þórunn Antonía,Iceland,Artist
3hvKmeo12OU7ai8Mpgraf7,Floni,Iceland,Artist
5A5hVxY3BogJUch1IUcuw7,ClubDub,Iceland,Artist
6opz1Ax3VqCmeQBGax1erx,BRÍET,Iceland,Artist
7rjcERw1K9oR9vtik3YSJN,Luigi,Iceland,Artist
4ynaUZA4BVF6d2XaNuflVz,Ingi Bauer,Iceland,Artist
6TBRY5HueSwE3yVgBIHcy2,PATR!K,Iceland,Artist
4gdMJYnopf2nEUcanAwstx,Anuv Jain,India,Artist
05etL4pzWd6TSv1x5WrlG3,Faheem Abdullah,India,Artist
22UtphG4LcwxlhhV0aP4js,Rauhan Malik,India,Artist
1SyKki7JI1AZNKwgNMkn25,Sachet-Parampara,India,Artist
1E6arsXf5Fgsnv9YpSzjpE,Parampara Tandon,India,Artist
1mBydYMVBECdDmMfE2sEUO,Sachin-Jigar,India,Artist
7uIbLdzzSEqnX0Pkrb56cR,Yo Yo Honey Singh,India,Artist
4zCH9qm4R2DADamUHMCa6O,Anirudh Ravichander,India,Artist
5VVN3xZw1i2qihfITZlvCZ,G. V. Prakash,India,Artist
1T7MiVJ2MJlR5GKi11w4VT,Pawan Singh,India,Artist
2rN8LHqK4TBI7y3d9POvJb,Dhanda Nyoliwala,India,Artist
4PY2xnTu90K0hvkgcljRJl,Deepthi Suresh,India,Artist
2FKWNmZWDBZR4dE5KX4plR,Diljit Dosanjh,Pakistan,Artist
6DARBhWbfcS9E4yJzcliqQ,Karan Aujla,Pakistan,Artist
3nqS8jzqmsPKFJTp0BOIel,Ikky,Pakistan,Artist
4f7KfxeHq9BiylGmyXepGt,Tanishk Bagchi,India,Artist
5wJ1H6ud777odtZl5gG507,Vishal Mishra,India,Artist
0y59o4v8uw5crbN9M3JiL1,Badshah,India,Artist
183DgO92lAqgpVVNKI7ZKF,Raj Ranjodh,India,Artist
3ozYqVCLohfpXIhalkhM8D,Aditya Rikhari,India,Artist
5TNSXFCNwlq2CfiMcNOCDP,Lijo George-Dj Chetas,India,Artist
3iGhlvzpXc0UHBQ7klAItX,Mitraz,India,Artist
05dG9pMLRWenxzvSmefE6U,MixSingh,India,Artist
6WOdPJmexxFINcKMkP2jMG,Sachet Tandon,India,Artist
6q29t5RuXxlBuqIZsOMQss,Priya Saraiya,India,Artist
2cjQTf2J5yCaNY8qHpW855,AUR,Pakistan,Artist
4gzrZDyL5gYiROkv27pYKx,Varun Jain,India,Artist
5r3wPya2PpeTTsXsGhQU8O,Shubh,Pakistan,Artist
2oSONSC9zQ4UonDKnLqksx,Atif Aslam,India,Artist
3qpyErDI4i90q5EGgSRmNK,Raghav Chaitanya,India,Artist
682M6cmwGHOyAB1ZmPv38W,Gurnazar,India,Artist
4xNgNFUMUuGCoy7IX74Y60,Mohammad Faiz,India,Artist
5gZhfbckaWo89OzDSk3gdT,Jaani,India,Artist
6LEG9Ld1aLImEFEVHdWNSB,AP Dhillon,Pakistan,Artist
74OaRjmyh0XyRZsQQQ5l7c,Jasleen Royal,India,Artist
2GoeZ0qOTt6kjsWW4eA6LS,Darshan Raval,India,Artist
3dN9MQpjIyNxyeRfz4EDZe,Rochak Kohli,India,Artist
3nLLr3ShsQC2Hdrwjl14ie,Gurpreet Saini,India,Artist
5Plk4JdCzMxhAHSRTEsxJp,Ernie Zakri,Indonesia,Artist
6X28gNASnalAWseUA8uI4X,Adrian Khalif,Indonesia,Artist
3tMTXQyRrPmMyHv5SoC0TV,Juicy Luicy,Indonesia,Artist
1v1khTmozNfxB2ET1Ep288,Last Child,Indonesia,Artist
6Sv2jkzH9sWQjwghW5ArMG,Lyodra,Indonesia,Artist
6YPfs6tdZXvnlzgZNU3SYT,Dudy Oris,Indonesia,Artist
3wOsYKZM0zcKNasi3I7fP4,Mahalini,Indonesia,Artist
327ipGIr9bD3MkLb2eucqC,Suara Kayu,Indonesia,Artist
66NmU5epI0ONGmdCRbLpmW,Feby Putri,Indonesia,Artist
1JvbNeV9zG9Sew1JyaWsyx,Anggi Marito,Indonesia,Artist
20zafXaLhm5IcXnSU93rNn,Nadin Amizah,Indonesia,Artist
1WX2v0BiEW19Vw7xmznLdZ,Vierra,Indonesia,Artist
06QVnTCdjs4jPKO0487EGV,Fiersa Besari,Indonesia,Artist
51kyrUsAVqUBcoDEMFkX12,Hindia,Indonesia,Artist
1NjxFrpEGZTV2Ny0OJxeWu,Sal Priadi,Indonesia,Artist
0kw7tMniMnrp9Pcr7vgDAm,Stereo Wall,Indonesia,Artist
6UgERnTHmjk3qXM9x5vzyO,Nadhif Basalamah,Indonesia,Artist
4sEWznAKWWNcicTuLxzb6d,Nidji,Indonesia,Artist
1ZT1OfVAO3kpOEHVejBxV8,Meiska,Indonesia,Artist
2iDVt6mFbtbDEZG5ax0dTi,Tulus,Indonesia,Artist
4bAgr9zaF0bpzVGHdHuf0f,Virgoun,Indonesia,Artist
611ajYp7fMbkU5CYF08tje,Audy,Indonesia,Artist
6O74knDqdv3XaWtkII7Xjp,Boyz II Men,Indonesia,Artist
2dyCbip3jAVmQNAs7Sg8Y9,Vionita,Indonesia,Artist
3DHOtJqv0Bw65ENlK4FiSF,Yovie & Nuno,Indonesia,Artist
4IWBUUAFIplrNtaOHcJPRM,James Arthur,Indonesia,Artist
1zNqDE7qDGCsyzJwohVaoX,Anne-Marie,Indonesia,Artist
0kPb52ySN2k9P6wEZPTUzm,Tiara Andini,Indonesia,Artist
6RoZip1Hn7ahR6MjzBKKLK,Mawar de Jongh,Indonesia,Artist
5L1lO4eRHmJ7a0Q6csE5cT,LISA,Thailand,Artist
7Ln5yumFjHCkeZ8bAzHUcp,Yovie Widianto,Indonesia,Artist
4ubEZ6sMsrrbQChueyouCC,Hivi!,Indonesia,Artist
39B7ChWwrWDs7zXlsu3MoP,Sonny Fodera,Ireland,Artist
7zAAwgV5Wqmvpb4GzvlRkP,Jazzy,Ireland,Artist
0Cs47vvRsPgEfliBU9KDiB,D.O.D,Ireland,Artist
4qU7IJSReZnsLy5907Mtau,Richy Mitch & The Coal Miners,Ireland,Artist
1Wq2STGiL7ZaIHAm5jMakc,ששון איפרם שאולוב,Israel,Artist
7lwdlhwSxbB36wqnOwo5Kd,סטילה,Israel,Artist
1IAEef07H0fd9aA8aUHUlL,Omer Adam,Israel,Artist
1wak0ZG1LUrZPYx8RDTQoD,Noa Kirel,Israel,Artist
28jEBK1RysfSUBHFofFflA,אודיה,Israel,Artist
3cDi1D2FHMVgljfdB1QVgr,Jasmin Moallem,Israel,Artist
7o5IkQicos4SrXeny1LOZr,שירז אברהם,Israel,Artist
2YHuWGXNWLmpBTKo1rQ3me,E-Z,Israel,Artist
0pv7p5CElqhjhzyPD4eXpe,ליעד מאיר,Israel,Artist
01r7peBt7lJhz42nE04rpM,ShrekDiMC,Israel,Artist
7MKSeamhiRpa0xiS4FHGSC,Kfir Tsafrir,Israel,Artist
3umXlcgiDTcCRkvPVobeJc,Hatikva 6,Israel,Artist
17pbOSPIn3lmY0vHhOlKGL,Tuna,Israel,Artist
1CD5WWtF6AFUq6BTY20I4k,Full Trunk,Israel,Artist
6ltKIf1bortd0DQbpgKdQu,Jimbo J,Israel,Artist
78u2puZeKJRYIfNHkx2Jdh,Hadag Nahash,Israel,Artist
0T0COcAFHD9oZ704HbZr2A,Shai Tsabari,Israel,Artist
2JQK9mzxqKz16lSgICHDTx,Ravid Plotnik,Israel,Artist
72UMGUwvrkXSesefytfLWy,Danny Robas,Israel,Artist
2PEMswqQspTSsAltdeF5kO,Simba La Rue,Italy,Artist
0hk4xVujcyOr6USD95wcWb,Sick Luke,Italy,Artist
25u1DN0MwQVSav4XoJS7hl,Olly,Italy,Artist
1A6HBLulvBFzNtlMb7b08f,Angelina Mango,Italy,Artist
4rj3KWaLAnuxgtMMkypZhf,JVLI,Italy,Artist
7GacyaFUp0qkEJglERX9N7,Alfa,Italy,Artist
396Jr76018oUMR6QBnqT8T,Cesare Cremonini,Italy,Artist
0lI3rF4hi4op6UxqlLHPzv,Achille Lauro,Italy,Artist
3yGA8yyowtKVXgNIXguMfz,Lele Blade,Italy,Artist
27LlKWxS3KXW7RRAxN5S8s,Geolier,Italy,Artist
7K80yOTC0Id95gRaOxDG5u,ANNA,Italy,Artist
4w9mPW732RnZkoqsy3lRsg,Niky Savage,Italy,Artist
0jdNdfi4vAuVi7a6cPDFBM,Lazza,Italy,Artist
0EUR8jz8L936AEbV2Spkca,Kid Yugi,Italy,Artist
6RdcIWVKYYzNzjQRd3oyHS,Pinguini Tattici Nucleari,Italy,Artist
76UCIJTB0jcJvBaL0CdIqx,Takagi & Ketra,Italy,Artist
3wDn3kW2zDRLnaQAnX0S3x,Dat Boi Dee,Italy,Artist
2pzFTbri7ew8mW2CbYpCNq,Astro,Italy,Artist
35V1WomiedCJeGfupcPm7s,Tananai,Italy,Artist
2K5nCggbhSZ00YCYP5qkZS,Shiva,Italy,Artist
3egWSWp7Y4FyCKIyvXbw7L,Ghali,Italy,Artist
7GgpsUpkj3olseoaTY7TEY,Elodie,Italy,Artist
11TplWqOPQBTmg2eiSLt1m,Tiziano Ferro,Italy,Artist
1rWg0CyGoCsRYYtpj5NC5P,Sillyelly,Italy,Artist
1AgAVqo74e2q4FVvg0xpT7,Tedua,Italy,Artist
0EqkKYDK9EkKY5N7zU3FPv,Annalisa,Italy,Artist
6CKch2otN4SPznHf9ms5JF,Tony Effe,Italy,Artist
3AVx3OBPIk4pJQllAXoVs1,Gaia,Italy,Artist
5f7VJjfbwm532GiveGC0ZK,Lil Baby,Italy,Artist
2E6AK3UPEGCvjnzuygCh2h,Night Skinny,Italy,Artist
6PsQc21YZU7WNfiODG69Qk,Tony Boy,Italy,Artist
5SulO4l40qDuV9zUGLZx7n,Capo Plaza,Italy,Artist
3LvwPiJQJ0da0GurKMToV0,Baby Gang,Italy,Artist
1UjxAZqzphB1tsMb1aWBj0,Omega,Italy,Artist
2R4kNOwHUUsuDYhKsESVbF,Artie 5ive,Italy,Artist
3hN3iJMbbBmqBSAMx5veDa,Ultimo,Italy,Artist
3XTUciJcdix4GkO9YoBdtP,Holden,Italy,Artist
23TFHmajVfBtlRx5MXqgoz,Sfera Ebbasta,Italy,Artist
06nvjg4wBANK6DCHjqtPNd,Mahmood,Italy,Artist
0gzwXezN4IUHAwLufA6YcX,Emma,Italy,Artist
5FEh6KHK99CyLXp3qFvZFM,CoCo,Italy,Artist
4MR6tQyIrWK82b56cYPBDv,Ornella Vanoni,Italy,Artist
08ppjXEpROUgrG1X0DEquB,Nerissima Serpe,Italy,Artist
0vAALEhfbmllIOX1t7k5KU,Papa V,Italy,Artist
4QvgGvpgzgyUOo8Yp8LDm9,Mrs. GREEN APPLE,Japan,Artist
0pWR7TsFhvSCnbmHDjWgrE,Creepy Nuts,Japan,Artist
0IwZVmMMGE7nNXS7vN9SIo,MISAMO,Japan,Artist
6YVMFz59CuY7ngCxTxjpxE,aespa,Taiwan,Artist
5Vo1hnCRmCM6M4thZCInCj,OFFICIAL HIGE DANDISM,Japan,Artist
6rs1KAoQnFalSqSU4LTh8g,back number,Japan,Artist
71UIOLnsacxQHlU55TvfiH,Da-iCE,Japan,Artist
71hQB5jxdNiHk5gzZRhicQ,Sonoko Inoue,Japan,Artist
63ylN6WBUUxxMsySiDmr0B,Omoinotake,Japan,Artist
2IUl3m1H1EQ7QfNbNWvgru,Vaundy,Japan,Artist
6wxfx1yhyqjCPYwwxJktR2,King Gnu,Japan,Artist
0ixzjrK1wkN2zWBXt3VW3W,Yuuri,Japan,Artist
4SpbR6yFEvexJuaBpgAU5p,LE SSERAFIM,Japan,Artist
6sX1XKgDIiAcVZof0SgWUe,Koresawa,Japan,Artist
64tJ2EAv1R6UaZqc4iOCyj,YOASOBI,Japan,Artist
36cgvBn0aadzOijnjjwqMN,ILLIT,Japan,Artist
0LOK81e9H5lr61HlGGHqwA,XG,Japan,Artist
4UK2Lzi6fBfUi9rpDt6cik,ヨルシカ,Japan,Artist
7mvhRvEAHiCTQHUnH7fgnv,Tatsuya Kitani,Japan,Artist
1snhtMLeb2DYoMOcVbb8iB,Kenshi Yonezu,Japan,Artist
38WbKH6oKAZskBhqDFA8Uj,ZUTOMAYO,Japan,Artist
72owWXEwmyfKq3ajrajPAN,Mega Shinnosuke,Japan,Artist
6mEQK9m2krja6X1cfsAjfl,Ado,Japan,Artist
5TZ0uM0InXX4LtI8hTsXlv,Bakr,Kazakhstan,Artist
6e7rMLAtwn5YRapc2iHAlG,Duman,Kazakhstan,Artist
3JLa8aXwsmX727vtb4bPUi,Asik,Kazakhstan,Artist
1e9PC6DAoGYlg0r6Q1VWcI,IL'HAN,Kazakhstan,Artist
2RntBZZLAjvQxQhOKHHhX9,Darkhan Juzz,Kazakhstan,Artist
7Ln80lUS6He07XvHI8qqHH,Arctic Monkeys,Kazakhstan,Artist
1nQdZyarkEApwhC24Ftdpk,Ulukmanapo,Kazakhstan,Artist
47UTUDCdtoo8P4YQAq9uFr,Sadraddin,Kazakhstan,Artist
7aNi4lXLvcdKjZGIVbzdmu,Қанат Ерлан,Kazakhstan,Artist
4CMquFsyU5t2qKaveFHv3B,Kazybek Kuraiysh,Kazakhstan,Artist
0Qy71aidwpN3kMH1fG8cJt,akimmmich,Kazakhstan,Artist
5Srmck3vhC1RB1hAhqUk3W,Turar,Kazakhstan,Artist
6Z6djJ1zi15vWmODy2Qt08,Nuricko,Kazakhstan,Artist
6XlJ3b8DflSGBQmAOd38aj,Bonapart,Kazakhstan,Artist
1nzIoHG5B7klgAPdwjqRDj,MC LONE,Kazakhstan,Artist
7ANOnrs1reQqbI9CGpQCQy,BALLER,Kazakhstan,Artist
250b0Wlc5Vk0CoUsaCY84M,JENNIE,Malaysia,Artist
1pBLC0qVRTB5zVMuteQ9jJ,Lily-Rose Depp,Kazakhstan,Artist
1bYE7N4miu1B9YOETbsxc4,Moldanazar,Kazakhstan,Artist
5u6VEc0OwUChkBhYfAcSWS,LUCAVEROS,Kazakhstan,Artist
4GQp7nMuGPcy2EgiWV2GoK,6ELLUCCI,Kazakhstan,Artist
1x6BAYMOuypMaYEDC7cqU7,ARO,Kazakhstan,Artist
6jAmGa0ssb0T7yCsDCvMvk,Fiņķis,Latvia,Artist
7shMk1uQMXeODDEGmbC8IL,Patrisha,Latvia,Artist
7Buj3BepqTe1ACFEa8x93l,Deniss,Latvia,Artist
5IxWv5qXFhkzRt91O4i6gU,Sudrabu Sirds,Latvia,Artist
3X4o7qy1ci4qtCVg2AtuXb,Singapūras Satīns,Latvia,Artist
7u9HzYQPhBC92mdvpzGqu8,Wiesulis,Latvia,Artist
4qvH4YJ2ESxPSJ2sLMHxM5,OLAS,Latvia,Artist
2kCcBybjl3SAtIcwdWpUe3,Lil Peep,Latvia,Artist
15UsOTVnJzReFVN1VCnxy4,XXXTENTACION,Latvia,Artist
5p9HO3XC5P3BLxJs5Mtrhm,Djo,Latvia,Artist
4Oa84NTjAiJwpRMRMnMqlY,A-Europa,Latvia,Artist
0CinAWYkte8opxVAPI3nMu,Jessica Shy,Lithuania,Artist
3jfKIjYYnAfdUW40Uragnd,Free Finga,Lithuania,Artist
17IHT4KW6k85SHKiSAssQt,Rokas,Lithuania,Artist
2YLwIrzSnsbpBMKWzwu6JD,Monika LIU,Lithuania,Artist
6fuceMe1tElXcrzMaSjdcy,GJan,Lithuania,Artist
45gxkYJJ7Od6URk57yexCs,Rokas Yan,Lithuania,Artist
7o4wZjVHHWe4gw4oenPmcK,Evgenya Redko,Lithuania,Artist
53xjuOkCa7byXggNs2VZOw,Furytto,Lithuania,Artist
6jx9UX4W6wVbifcN8U246U,Jovani,Lithuania,Artist
7AczdBjiNUjo4pxVVucvw1,Vaidas Baumila,Lithuania,Artist
7HOmuShc6sajk74rYV7zR2,The Adventures Of Stevie V,Lithuania,Artist
314gEtVHpWMBWfExBpeBwz,Norbertas,Lithuania,Artist
0Y2zzjMum7MSOCvI0GNbv5,OG Version,Lithuania,Artist
56OLtN2Eqc3fMT40ehCj5d,Justinas Jarutis,Lithuania,Artist
5YGY8feqx7naU7z4HrwZM6,Miley Cyrus,Luxembourg,Artist
3uSnvyMAFJTm7XkZJFo0xP,Insomniacks,Malaysia,Artist
1SIocsqdEefUTE6XKGUiVS,BABYMONSTER,Taiwan,Artist
0zo8fkOQyrawuBfIhy99jb,Hyper Act,Malaysia,Artist
3c0gDdb9lhnHGFtP4prQpn,KATSEYE,Malaysia,Artist
7hr9W3IjXcm3UlLY7guLk5,Henry Moodie,Malaysia,Artist
6FTLayBxjkQeanFdUusk1I,Fabio Asher,Malaysia,Artist
70NcAr4ZtA3FAqU16iQZSb,Dhruv,Malaysia,Artist
30b9WulBM8sFuBo17nNq9c,G-DRAGON,Malaysia,Artist
4TEK9tIkcoxib4GxT3O4ky,KISS OF LIFE,Malaysia,Artist
5fS7aONqrIhiw6YzgKVOsd,Judika,Malaysia,Artist
0NlNru2YcUz6RbnpYGQz26,Clave Especial,Mexico,Artist
4yjm4SvYqC5FFuLbB6TyHr,Bellakath,Mexico,Artist
7yCGrS6Xh3UngvY6Ad5sMJ,LEGADO 7,Mexico,Artist
0T8Ix53aIN4F7aEKj4EnKy,Jasiel Nuñez,Mexico,Artist
4BFLElxtBEdsdwGA1kHTsx,ElGrandeToto,Morocco,Artist
7DBIKXxSh2BMPqSN7UB4rS,Madd,Morocco,Artist
0eLoiWLwWeaHGNkYke5G1k,Xcep,Morocco,Artist
4PgPJfNYhFaHAV5C5dFhYS,Smallx,Morocco,Artist
7vg7wkmGzMEM7p2ZkMPHJS,Figoshin,Morocco,Artist
5Et8bRmkENeaA7SPwj1OxL,Shobee,Morocco,Artist
7LC7LQ1f1CzaRLobFcblZN,Snor,Morocco,Artist
0rqQfmTWtmxzlrNmnruQXS,Khali,Morocco,Artist
5CtPAGoxpJ4yLJLx6CSrO8,Zamdane,Morocco,Artist
76wDwepIombkHCdm0kas1h,Tawsen,Morocco,Artist
2XgBaGUId4RuYzvXYEKikZ,Ayoub Anbaoui,Morocco,Artist
2g8Pu5gVtDpkYGsP3RLepJ,Draganov,Morocco,Artist
5k63RPpkbbyVuufLXS2GTe,Delarue,Morocco,Artist
3kd62SrugthLOzen7XmzG6,Douaa Lahyaoui,Morocco,Artist
1H0D7p5aN8tGG8DPLt0Nbv,Lbenj,Morocco,Artist
3IRAzpoLeNDGv7kqwNK3bp,7-Toun,Morocco,Artist
0bmKQDkU4J3gUykZS8tb6v,LFERDA,Morocco,Artist
25eYSizNX4BK5ZtqAq8pE8,Nouamane Belaiachi,Morocco,Artist
6g4L5CJkiMINgAzUQsb7fr,Hassa1,Morocco,Artist
4vyibjuGePnrB7BzbHkA6u,L'morphine,Morocco,Artist
1wAtSe79kItIb9nf5EhI2Q,Niro,Morocco,Artist
5Do9u0GoN4gFn6Nk8NGDhh,Stormy,Morocco,Artist
7douYKOyzk9ZRvGFu9UOnm,Mons,Morocco,Artist
3898xesz6JuQkpz7Kiu4uM,Emma Heesters,Netherlands,Artist
010ZclHHy7BrTO5AQ0xGgn,Hekje31,Netherlands,Artist
6uQiTAaIF0UBTED52UMcZp,JayKoppig,Netherlands,Artist
5aR7M98Z0H5SzbGOIfkIQt,Dior,Netherlands,Artist
2ylIKKdMukkuprCgY4ZDFE,Donnie,Netherlands,Artist
6m1LYS5NQonxjOcQFPQOb5,Frenna,Netherlands,Artist
5GvMLzUp6tMBpaCbr903RN,Broederliefde,Netherlands,Artist
30mNTnmvPn3HwXA5dW1Iza,Racoon,Netherlands,Artist
70SvhGqakpocD7GxVYnnBC,Mensa,Netherlands,Artist
0Kwf0zcciIFGLCKiqNcO6Q,SRNO,Netherlands,Artist
0uBVyPbLZRDNEBiA4fZUlp,Froukje,Netherlands,Artist
1zT9SWCzN45r7oVhy0VYLK,S10,Netherlands,Artist
2YkP9pfIZ6hJKeuppuz8qT,Yade Lauren,Netherlands,Artist
6zEaCvF0CqEHs7kFyBkLHi,Mula B,Netherlands,Artist
5adKMaYrGOMyOfnbiLPuHg,Jonna Fraser,Netherlands,Artist
7bTUZU8QavxiW0GtvEVP0M,Kleine John,Netherlands,Artist
3Ptyea6E1lJgg6W64f0OQa,Yxng Le,Netherlands,Artist
0MSYpagcvnSP2o91Ji2OCw,KM,Netherlands,Artist
3AlRiyjMywTVNzTcHbf9QT,Lil Kleine,Netherlands,Artist
5yDkaiPTFbHGWCMXAEBt5Q,Kraantje Pappie,Netherlands,Artist
5qeFPM2PZUCzcpkY4e4RC8,ADF Samski,Netherlands,Artist
3IYUhFvPQItj6xySrBmZkd,Creedence Clearwater Revival,New Zealand,Artist
0L8ExT028jH3ddEcZwqJJ5,Red Hot Chili Peppers,New Zealand,Artist
7ohlPA8dRBtCf92zaZCaaB,Crowded House,New Zealand,Artist
39T6qqI0jDtSWWioX8eGJz,The Doobie Brothers,New Zealand,Artist
4YLtscXsxbVgi031ovDDdh,Chris Stapleton,New Zealand,Artist
0UWZUmn7sybxMCqrw9tGa7,Juanes,Nicaragua,Artist
7lKk7yXNockkDjhb1GCeOy,Dizzy,Sweden,Artist
0elSJZFrHnayc7AUCkbWAl,Pasha,Norway,Artist
0TW5M8RYADmgeCP1q523hf,Kjartan Lauritzen,Norway,Artist
6Lu4e8FvAWcp1S5BVoDLjJ,Aiba,Norway,Artist
5N9d9BMxodykFktDttHERD,Ari Bajgora,Norway,Artist
3scNK8e4mqnP6Rb8a3lwZY,Maanu,Pakistan,Artist
1nCZUpBIcyOxufOx0lPeIW,Annural Khalid,Pakistan,Artist
1Bz46nDCMO1UOKp9GJjL92,Zeeshan Ali,Pakistan,Artist
6gIqKYKRmltKfkTnxhMv8V,Hasan Raheem,Pakistan,Artist
1n6pjRJkTY5v8RtUCAv5pi,Umair,Pakistan,Artist
6QoCrBHsojKnOrsGNfRcTN,Talwiinder,Pakistan,Artist
69xcFpmqTOmFNOL08Bxyci,Talha Anjum,Pakistan,Artist
5Us2dsq4VHlfLbKOrskg7K,Mxrci,Pakistan,Artist
47SaOSOqcrxSJNZUuqpLuu,Jay Trak,Pakistan,Artist
5DHi2MeoRgAwPE0A0qwRMl,Gurinder Gill,Pakistan,Artist
0OS0NZnK7TGIAWx8MkWNFN,Intense,Pakistan,Artist
7frYUe4C7A42uZqCzD34Y4,Sultaan,Pakistan,Artist
7hHDO4bJGlEaEHlY2lj1eZ,Bilal Saeed,Pakistan,Artist
4qjiRRFcM4WZ0aJ3IHdWPN,Avvy Sra,Pakistan,Artist
5mWQT8CLTa4mAQAJdFjHb1,Abdul Hannan,Pakistan,Artist
01pFDtbY3k5uOmy0Pbg93C,Rovalio,Pakistan,Artist
3R1penrqtuKNTeWABjKT5N,Bir,Pakistan,Artist
54BjV0qctcWp8xOip7uaJD,thiarajxtt,Pakistan,Artist
1yMP2gzEFgUkib4khXN6hi,Taimour Baig,Pakistan,Artist
01PyusFVbXgoD5Kl1mR8CC,Young Stunners,Pakistan,Artist
3mGW1eoqwNtCxd8R3hIOM5,Talhah Yunus,Pakistan,Artist
3atMq790wQ7IqjeSO0HFeP,Bayaan,Pakistan,Artist
71DQO8pgnTwS3lNCq0cDcr,Valentino GRM,Panama,Artist
5A0VwTrVvV03LMeBZYT99d,SMILE BEATS,Panama,Artist
6oYwraA8pyfDH4Otny6ooZ,BARBEL,Panama,Artist
6g6DtbtyBi3Ir0mxiDlouJ,Nerry Money,Panama,Artist
4ebruhG8pei8qFQOfNxxLs,LH,Panama,Artist
57GVeZvmrO7oCLm0Uacrjy,Robi Guid,Panama,Artist
77ziqFxp5gaInVrF2lj4ht,Sech,Panama,Artist
1i8SpTcr7yvPOmcqrbnVXY,Ozuna,Panama,Artist
5H1nN1SzW0qNeUEZvuXjAj,Danny Ocean,Venezuela,Artist
0ghH5fsPlkf2XIALKJNSsb,JEYSON,Panama,Artist
2R21vXR83lH98kGeO99Y66,Anuel AA,Paraguay,Artist
4VMYDCV2IEDYJArk749S6m,Daddy Yankee,Paraguay,Artist
21451j1KhjAiaYKflxBjr1,Zion & Lennox,Paraguay,Artist
329e4yvIujISKGKz1BZZbO,Farruko,Paraguay,Artist
3E6xrwgnVfYCrCs0ePERDz,Wisin,Paraguay,Artist
52iwsT98xCoGgiGntTiR7K,Quevedo,Paraguay,Artist
1WUEWZGTvX4AjC2y5PoSDd,La Única Tropical,Peru,Artist
2fuu7gBnfDhgJNt1Yr4ERu,Pascal,Peru,Artist
0WleeEe3UurwlNbDGhb5Yz,ALLMO$T,Philippines,Artist
7uDdl5V5AETSFY7K3muu22,Arthur Nery,Philippines,Artist
61nn6nOoLWjVC1ER2qFAvN,Cup of Joe,Philippines,Artist
1hMAGfvamVXuSWBFQRFMeq,Over October,Philippines,Artist
2WzWSpOB41g3gb78Raj6RK,gins&melodies,Philippines,Artist
3Y7RZ31TRPVadSFVy1o8os,H.E.R.,Philippines,Artist
3AQRLZ9PuTAozP28Skbq8V,The Script,Philippines,Artist
57yOAX6apIrclpBG736Uy2,CK YG,Philippines,Artist
0DpLoyGVbhOHNR3ht2oO9y,Calein,Philippines,Artist
7dFzqx2qyelGPiBKmdSEOT,Rob Deniel,Philippines,Artist
24fEOzlKhgSNLIcy9NdmwH,James Reid,Philippines,Artist
4Rxn7Im3LGfyRkY2FlHhWi,Nick Jonas,Philippines,Artist
0NIIxcxNHmOoyBx03SfTCD,Tinashe,Philippines,Artist
0MIG6gMcQTSvFbKvUwK0id,Mata,Poland,Artist
7GsITNaWwtgl2FCpmNdxcH,p3,Poland,Artist
6Lf4vAUaFUR2jAsybC7cGV,Roxie Węgiel,Poland,Artist
2IHoZ3RrDJIikMRsYgHjhy,Kizo,Poland,Artist
4QYitR7yrCaf5CLQ09hX1m,Bletka,Poland,Artist
0Wi2fADbhwXlPUWxBmzo99,Szpaku,Poland,Artist
2Qk1uZpDnwDozHdxmB0dDx,Kleks,Poland,Artist
56VhOZOF6hwqrbNYwkmcsH,Sobel,Poland,Artist
0TMvoNR0AIJV138mHY6jdE,sanah,Poland,Artist
2FtYzWBUVhZ2vfy8S207Zf,kuqe 2115,Poland,Artist
6HdxibJzoNkDUUDHagx3Ko,francis,Poland,Artist
2GzZAv52VCMdVli7QzkteT,Kaz Bałagane,Poland,Artist
7BIHYaTeyOxOKV7EyHF0Z4,Oskar83,Poland,Artist
5ic8bWWvZHWf0dDBi9ThNk,bambi,Poland,Artist
1PFMCqDezh9wVkmmWZlv16,Def Jam World Tour,Poland,Artist
19zuiWthJYU6FCqnV4mJYC,Kinny Zimmer,Poland,Artist
2dLhpezBEgAELn73fiMEak,Jonatan,Poland,Artist
1T4HxOYolAEb5PadIVKdWZ,Gibbs,Poland,Artist
0WDJa0qnagyOnMaiD26wht,Kubi Producent,Poland,Artist
3cBLJizprytrMpuFbnRnaE,MODELKI,Poland,Artist
75wMNgYkzacOI08FN7BaG0,Vłodarski,Poland,Artist
3bS0MLzGAoO6lLUy7gguHY,Fukaj,Poland,Artist
1fZAAHNWdSM5gqbi9o5iEA,Chivas,Poland,Artist
7FauNoLr3HWvWfsaBlFPhs,Wiktor Dyduła,Poland,Artist
3gm9b6AeMf2eGQTLashkDt,Deemz,Poland,Artist
1oxn6cQ37twQ7yGnlE3ETd,Oki,Poland,Artist
3ClL18AtCAPwXVT6mUkBDN,Kaśka Sochacka,Poland,Artist
1silJqJQfrrZNFvWWjAyhh,Tymek,Poland,Artist
5RwiBwEEW5dOXGUlEVA0LT,stickxr,Poland,Artist
37Pprth5H294i7rSnIkVVV,charlie moncler,Poland,Artist
0iBTVnJ1Sff92zCDujfvyJ,Young Leosia,Poland,Artist
1efYxTvCNTpqYqfiEsxawq,Jacuś,Poland,Artist
7uWyXPJ04ihdQdYGGw3xVV,Guzior,Poland,Artist
16TsNPlesuA1R9kPLS6nta,Favst,Poland,Artist
5qgkVkdZIIBHLdnrpa3w3s,PG$,Poland,Artist
5k96hVqrpJoo0zmlVggVzv,Louis Villain,Poland,Artist
3gQDpnU208VW54WF9EMsuw,Budda,Poland,Artist
7li6R0hKFXu7496e0Yialv,730 Huncho,Poland,Artist
1Kjs5u8GQf6zCFdTj6SI9E,Malik Montana,Poland,Artist
3bSbo5ZCbrTle7S2q8nqf8,Kazior,Poland,Artist
66NiiFgb74HLBN1A5ylO5t,GENZIE,Poland,Artist
0tdKRrbItnLj40yUFi23jx,Daria Zawiałow,Poland,Artist
7v49oVVUhvIQG5EK0jkcF7,PRO8L3M,Poland,Artist
2TRVhYMkHV4jwB92R3McaS,Sylwia Grzeszczak,Poland,Artist
28WXX79U4jzq1kfjx5QXPy,Opał,Poland,Artist
6EjCs0fSiq0HvAbCzIPeq1,4Money,Poland,Artist
6yTJ8tQyoUxgf6aqbpsXhQ,Mgk666,Romania,Artist
5BUJV1dbGNb61hYPK6rhtM,YNY Sebi,Romania,Artist
3E7XNzGG6qqnjwV9nOCxQM,candyboii,Romania,Artist
6ocuMBOl5OFS3AViv3DnG6,RAVA,Romania,Artist
5tXxrzPQRZ7UK2cAQNSQW2,andrei,Romania,Artist
5ChWT8CfHjk2PnRG70ZgWV,DZWS,Romania,Artist
2S3C9sCcaSXmGzH4dVoiHF,Karmen,Romania,Artist
1fYKCWegShlSGe4yATnpdp,NOUA UNSPE,Romania,Artist
040gmk9Wd9sKXx199imiSM,M.G.L.,Romania,Artist
5ZBJ4rLeQx0IEN3ut3O1fC,Erika Isac,Romania,Artist
0yjc2FN5zju7xyuJsTfGkh,Petre Stefan,Romania,Artist
5dJZz1wDTaRM9UBo1AODI2,Dhali,Romania,Artist
6dKPNkSEQOrRRvZz63Y47F,Oscar,Romania,Artist
2vPnS0IpayC2RVFuQA08R4,2KE,Saudi Arabia,Artist
1Sdc6ySbIvzO0X9vbyHzWm,Ogryzek,Saudi Arabia,Artist
4Ga1P7PMIsmqEZqhYZQgDo,Lil Tecca,Saudi Arabia,Artist
3pc0bOVB5whxmD50W79wwO,keshi,Singapore,Artist
6fOqdhRNsMQqtwRwgo3NUv,Firdhaus,Singapore,Artist
6RHTUrRF63xao58xh9FXYJ,IVE,Singapore,Artist
1Cs0zKBU1kc0i8ypK3B9ai,David Guetta,Singapore,Artist
6Ff53KvcvAj5U7Z1vojB5o,*NSYNC,Singapore,Artist
2elBjNSdBE2Y3f0j1mjrql,Jay Chou,Taiwan,Artist
0lf8LVkrjg9GudchoppC5q,Zayo,Slovakia,Artist
5TUkb2q1sX3DiWtwBPHErg,Jerry Lee,Slovakia,Artist
7vdksiaT0UGPpZgCCPCKrU,Tisci,Slovakia,Artist
4eWCc0DOwhdz3GHxlSnYE1,Dano Kapitán,Slovakia,Artist
5QLfxY8Phcamadzx1r79ck,Shimmi,Slovakia,Artist
1bNjWBFWsAAzZSR59lRdpR,Kabza De Small,South Africa,Artist
2mF7ygWz9oyJ3L6ZPWlZVH,Vigro Deep,South Africa,Artist
0mMqD2uqwvCjFvlzo6ayGi,DJ Maphorisa,South Africa,Artist
6WQFTzqYHmh8Ph2X0L0QLQ,Young Stunna,South Africa,Artist
5kwZB1xNLgB3lln1JGS2B9,MaWhoo,South Africa,Artist
2GJMSZ7M3D0KyyKRhYgWju,Focalistic,South Africa,Artist
0fs9otT9TtwXUOcFXZomZY,Caiiro,South Africa,Artist
3flcjKgRCeBVZTR8n8iShE,Ami Faku,South Africa,Artist
13TUuvzi6FAkiA5F9MiYF8,Casswell P,South Africa,Artist
2SuwWqS2g4w2GSE4lxD1UM,Nobuhle,South Africa,Artist
5ln4EWpJqQZEWXAlSNTtVz,Kharishma,South Africa,Artist
6k8odn7NzzTT4K3NBNtsfV,Felo Le Tee,South Africa,Artist
1YO25RWxpZ2Pvg82Bs4ING,Djy Biza,South Africa,Artist
5MJ5f1XKD9yu7aWfG8OGjz,Mellow & Sleazy,South Africa,Artist
4RfOLIFy2xEmlWzXEVmLJn,Sjava,South Africa,Artist
2iN5MhOgkenO5FtkPtEVAF,Wanitwa Mos,South Africa,Artist
4AnNB3lPD0Sv7ziKVHqI66,Nkosazana Daughter,South Africa,Artist
523y9KSneKh6APd1hKxLuF,Master KG,South Africa,Artist
6sNKQgLUy4LVNEX3r1kG1A,Big Zulu,South Africa,Artist
5m5lgddffBHA2pv0m5E2Ro,Zee Nxumalo,South Africa,Artist
1W5wfiEUdPebJdwmyglKP4,Cyfred,South Africa,Artist
3Px6IenueysHsgCQf9xFVr,Kwesta,South Africa,Artist
1ELUrmWBlXkqVabjVincQ6,Bassie,South Africa,Artist
5vFGtc23dtvt3f7FSK7vtg,LeeMcKrazy,South Africa,Artist
6Wqpl1YTjgy5TiTluzFzjx,Tman Xpress,South Africa,Artist
0sN5oRkFliiyjSNqPIEjML,DoouShii,South Africa,Artist
5M9mFjVaPT2T1HFYFFSoCt,Dladla Mshunqisi,South Africa,Artist
2oA819q93vu53ZDkCJYdbN,TNK MusiQ,South Africa,Artist
241x5prRiXJmnk4vSGEHcr,Mjolisi,South Africa,Artist
3i9UjIGeZT2cRyltQrr8nj,Cici,South Africa,Artist
4QkKUb73NVonTlAZaShsuY,Sir Trill,South Africa,Artist
2krUPP3nMYoF1C5WX3yB7J,Q Twins,South Africa,Artist
68McnNC9twEtiynOAJRRgZ,Uncle Waffles,South Africa,Artist
22Bl1QCNEZvpqVwRPYscE4,Pcee,South Africa,Artist
1BC2o2RW9sGr2NB8jXlYQv,Officixl Rsa,South Africa,Artist
2qixIA7qPFts4yN1Av017D,Mthunzi,South Africa,Artist
7Hb7ZlUE4ByWsV1Rkc4Uo2,Sizwe Alakine,South Africa,Artist
3xXIOO328Ieh0PWOcxivjL,Aymos,South Africa,Artist
3fdFRgy3GmfiWQqeKbmFS8,Mas Musiq,South Africa,Artist
6EG9v86LsCoq5HS4Jj1zCQ,Pabi Cooper,South Africa,Artist
2oIQCM7hRZI9tS5b9S8rj4,Tyler ICU,South Africa,Artist
4Ijr6oNjLibby38inghdKO,Visca,South Africa,Artist
5DuhT9Ix9p7qvE42w9liWY,Ceeka RSA,South Africa,Artist
1lDWyPzSZOqP5jfZNm5lLI,DJ Stokie,South Africa,Artist
34RwSIfWKAwRdIq6cdYnZv,TO Starquality,South Africa,Artist
7HpriU9gAJThxAfPfXpZ6N,Chley,South Africa,Artist
4VlxI0WKDh7HFgHjXcfj6v,Kelvin Momo,South Africa,Artist
3ZUn6LYxdmmPYQqBhFWI3h,Iyanya,South Africa,Artist
5jCHpUIjSnOXUzVaxwBA2k,Prince Benza,South Africa,Artist
0dUHzfa2msKEpMevzsdwqG,Babalwa M,South Africa,Artist
3rIVgeRWFhGxhFF9wgJFC2,Stixx,South Africa,Artist
3bvfu2KAve4lPHrhEFDZna,Lola Indigo,Spain,Artist
4ixNZvQuuzCDxBsxO9zE6L,Gonzy,Spain,Artist
2YRyPiW98bpkARAS4B3OQP,Dei V,Spain,Artist
2O8vbr4RYPpk6MRA4fio7u,SAIKO,Spain,Artist
1TtXnWcUs0FCkaZDPGYHdf,Darell,Spain,Artist
5Q30fhTc0Sl0Q4C5dOjhhQ,La La Love You,Spain,Artist
31IVfzTQ5bAPL8XMrO6dVx,Axolotes Mexicanos,Spain,Artist
0GgyFUpOyzWDRDqx8FCTDN,Baby Rasta,Spain,Artist
3RtNN1VnooWEn3KQk03DUL,Noriel,Spain,Artist
4CQdcx66F116k2db2Y0rjE,Hades66,Spain,Artist
0NRMzT05nsc8mTm4iUvuHY,Molly Sandén,Sweden,Artist
6RJXSfbIkEMoCJ8GAg2dVO,Victor Leksell,Sweden,Artist
6rYEqmajzlhGVaayOJ2bpJ,Yasin,Sweden,Artist
3M1eBsR4rSTcDAzYopumeG,Asme,Sweden,Artist
2r9JAY6ISvp0VvZsT6cBJo,Shiro,Sweden,Artist
1n3grwmOigAA2UYtlF91gc,Malik Dalasi,Sweden,Artist
6E4YKq2KF72sNDThe2TaE8,Y4ska,Sweden,Artist
2EWsHDexsSInArfFkhA2i6,Jireel,Sweden,Artist
55ZGFvikpNjQHvtTWS5aZF,Bolaget,Sweden,Artist
2Dor6diK1zw9BEluKBOdoA,23,Sweden,Artist
4kUfJdASJDMPLuo1t1N2zi,Sarettii,Sweden,Artist
3vHwJg9XHrACvX9ZlwV8pT,Adel,Sweden,Artist
5ILMkt5lW4KAyTXMNYWaGF,Dani M,Sweden,Artist
04HqRx07Bv9gh7rsrMTqs7,Miss Li,Sweden,Artist
2WBJQGf1bT1kxuoqziH5g4,Purple Disco Machine,Sweden,Artist
7jEEE187pVG6InOxn03oA5,Benjamin Ingrosso,Sweden,Artist
0LVDX2sdKpfXwVmy52HLAc,25,Sweden,Artist
7zLm9op6LgPqKL62d1FzhO,ADAAM,Sweden,Artist
0MBLQbpbPvJ4oXM0Cj4aKR,Trobi,Sweden,Artist
054fVwphDX8QB8Pm7IjRcL,Hooja,Sweden,Artist
0Awqm7GXGiBp8fJNGvywra,理想混蛋,Taiwan,Artist
4TcOznbEZBqev21LzAH4KE,高爾宣 OSN,Taiwan,Artist
1xCrrnnj9xif5G0y3ie5dM,Patrick Brasca,Taiwan,Artist
3n16EAnJtz6SZGx2zJssrI,Amazing Show,Taiwan,Artist
5ZxRmJ21NzjxD2ZGBxi7um,陳華,Taiwan,Artist
0Y2AcMPMpeuPXtPQGVvRBq,Lee Young Ji,Taiwan,Artist
2CQZr2RPZmrcvDnaod1ldC,D.O.,Taiwan,Artist
0PdNEiQ3MsJGCEgE13Tz60,Silence Wang,Taiwan,Artist
6g641431O1Xkl7HAs2yFEg,EggPlantEgg,Taiwan,Artist
4XpUIb8uuNlIWVKmgKZXC0,ZICO,Taiwan,Artist
7nqOGRxlXj7N2JYbgNEjYH,SEVENTEEN,Taiwan,Artist
0QHgL1lAIqAw0HtD7YldmP,DJ Khaled,Taiwan,Artist
4wUR1NviIGE01yEfeLNkeV,卢卢快闭嘴,Taiwan,Artist
2AfmfGFbe0A0WsTYm0SDTx,(G)I-DLE,Taiwan,Artist
6HvZYsbFfjnjFrWF950C9d,NewJeans,Taiwan,Artist
6H93wOohK6r1MwGh41Z4Nb,Ashin Chen,Taiwan,Artist
6JrR3zrG0NQiXb9N9XSyGb,Cocktail,Thailand,Artist
7ltDVBr6mKbRvohxheJ9h1,ROSALÍA,Thailand,Artist
2LIk90788K0zvyj2JJVwkJ,Jack Harlow,Thailand,Artist
1xrRqVDsJaZPw0sXme5i2T,PP Krit,Thailand,Artist
3Q5Qep7ytrjVleNnMnntgQ,TEN,Thailand,Artist
0XkEUMM4lJHAzfTK9vR0cu,Violette Wautier,Thailand,Artist
2DaMrZndfGgM3yd9ivadRC,Lipta,Thailand,Artist
5zSQoNQ9o2dnT1LPTzDxg7,Mirrr,Thailand,Artist
5pokGZ1K9Hr6etaKPDxSG8,THE TOYS,Thailand,Artist
6chmC6o0wvACYVGTITw3Pz,NONT TANONT,Thailand,Artist
6HEMZkIMQAPnd36iLsUlTx,PUN,Thailand,Artist
1aEKvjRnbf1laB7DVXFqsG,fellow fellow,Thailand,Artist
1qveov8f3HXFhDIWtFO5tG,guncharlie,Thailand,Artist
1Twi7NfmUzbXF7lEMaGCqF,Ink Waruntorn,Thailand,Artist
52VcFYcq5kJEaRYgy58ouW,Paper Planes,Thailand,Artist
2xsBUJ327d3iC1LvL5hYrQ,YEW,Thailand,Artist
5xq3BK55BJmutN0X7eTyQB,Jeff Satur,Thailand,Artist
2SWWw5uB9cO5m7zJQZqwmr,BOWKYLION,Thailand,Artist
2XiaPu2j4nBMhF8pIlt6Bk,AYLA's,Thailand,Artist
0UAiHanBWs5vRM1tSPf2RJ,No One Else,Thailand,Artist
1ssEwBiz4ZKrbgR6o8vOeg,Polycat,Thailand,Artist
1qAOsY7jv9GFTv4HoVof5P,Three Man Down,Thailand,Artist
0OjRa6r1EIPF5RZPy1SGz9,Musketeers,Thailand,Artist
5kU6FKYW7YBB2ikPQnk8cS,BUS,Thailand,Artist
5RmQ8k4l3HZ8JoPb4mNsML,Agust D,Thailand,Artist
4G5OlxtrOm9ADmu3VZgFbG,MEYOU,Thailand,Artist
4ckLjJztj53Ifid7WHweBn,Aleyna Tilki,Turkey,Artist
6bGOmNBU1AOgttgOjh0ldf,Ati242,Turkey,Artist
16GyR4WfCnIT2XST4ZLl2B,Melike Şahin,Turkey,Artist
4UW9Hdsrx9kX2HdJ90jRKM,Era7capone,Turkey,Artist
15AZJFNrXtIN4Nk8BIOnS2,Batuflex,Turkey,Artist
6WpmH4J0R74ZkHtgm7JLvM,Narco,Turkey,Artist
1GMwSpFzrLd12jUX15bHB6,BLOK3,Turkey,Artist
1CcZoULzFHa8Uhwo6OlQcp,Semicenk,Turkey,Artist
1hgaXjbAcED2p80Lj8dzXT,Canbay & Wolker,Turkey,Artist
1Tjaa3WWIVU00kfZ8Dvpcl,ElMusto,Turkey,Artist
5W2dGRPmYetOpUIpErUtD3,Organize,Turkey,Artist
6wxh9aTFgTS4OiyYlnQBq6,Bengü,Turkey,Artist
4StjyzjcmZ7a9QncHVf0pu,Simge,Turkey,Artist
4YLcK0MEyqFkdyyzbPTWrs,Can Kazaz,Turkey,Artist
7ictQXHIBmXODb4ykTI95n,Yusuf Güney,Turkey,Artist
6xqA7u7TxHUYJp6Ww1XgNx,Jeff Redd,Turkey,Artist
4XP7cGw4t8BqZ8Du5q3bHg,Emir Can İğrek,Turkey,Artist
4li4dx5mFgZlMVeHlARBHP,Nazan Öncel,Turkey,Artist
46zuW8tHxwahYn7VNMgYTa,Yalın,Turkey,Artist
0uHvlWnhRpaomF4e9IZHLy,Doğu Swag,Turkey,Artist
4i4ALRtQQmFxn3BCIB6iC0,Göksel,Turkey,Artist
0V2oXYR7DtrZAEFeILRW2r,Lvbel C5,Turkey,Artist
0KOSzgkMlkeowt1tgIg6ca,Heijan,Turkey,Artist
3NPQ2qMGXAR0g1COJxuZ8r,Muti,Turkey,Artist
50z4meqYMvVCXEv2jDneDN,Tuğçe Kandemir,Turkey,Artist
1F2v33FQTavJyaD7ZsyhdA,Gülşen,Turkey,Artist
53oeVgECSa18dkHBQ9X6Eh,Murat Boz,Turkey,Artist
6dDaXbE1caD65TONToYXYx,Murat Dalkılıç,Turkey,Artist
5BwbVAdT6rFF2vGVE8su2y,Klavdia Petrivna,Ukraine,Artist
6l5IEx62Nsc2k1QyfaWvEz,Wellboy,Ukraine,Artist
64XGTiElvPUfmJjyWJnW8C,Parfeniuk,Ukraine,Artist
33xlLiptsAIW56IqRxaQoV,Domiy,Ukraine,Artist
6NTzEgUmN1PIBIYEHhf1kS,Okean Elzy,Ukraine,Artist
4AupETQEHkWQL9H3O6f9h8,СТРУКТУРА ЩАСТЯ,Ukraine,Artist
6wbEgVlGqWb4I9tbMluu5Q,MONATIK,Ukraine,Artist
7wl1m5vgWkCP3cqYVj2noM,DOROFEEVA,Ukraine,Artist
0PWfuxCvPtyeCLLWjf4EzJ,CHEEV,Ukraine,Artist
11sIz9STeD6yVSuBaD8nMW,Artem Pivovarov,Ukraine,Artist
6fBUVJW6cDrYluXjnnRdY4,OKS,Ukraine,Artist
5NR8eODM4CQ2X6rBuGpZ2B,Геля Зозуля,Ukraine,Artist
19JYV5zLhGkyqClNjdSfdb,Adam,Ukraine,Artist
1nzgtKYFckznkcVMR3Gg4z,KSI,United Kingdom,Artist
6Xgp2XMz1fhVYe7i6yNAax,Trippie Redd,United Kingdom,Artist
1kyy6AW7C6Rr2jrYwz95Gi,Lira,Uruguay,Artist
2IKdK6PbitvCiXt1t2bPU6,Mesita,Uruguay,Artist
6uJKnn4CV4IIop8mg4kCUy,Luana,Uruguay,Artist
2AbQwU2cuEGfD465wCXlg2,Rawayana,Venezuela,Artist
6fMZytDgX1Q9OV6ndSugym,Akapellah,Venezuela,Artist
0rwGV1HhNWK2Ta4rjmlmtp,Junior Caldera,Venezuela,Artist
36KsCCwgI0Dep97yVJWmkK,Monsieur Periné,Venezuela,Artist
77iZVjeYoYSl5P0K9mIiUE,Haze,Venezuela,Artist
57g2v7gJZepcwsuwssIfZs,Vũ.,Vietnam,Artist
2nSO7JYDbJrYbJmP39qUzj,Binz,Vietnam,Artist
3diftVOq7aEIebXKkC34oR,tlinh,Vietnam,Artist
6TITnFVRcl0AcZ4syE7Toe,Low G,Vietnam,Artist
2dC1IBU9NOD9xsQJ5RE7j7,Puppy,Vietnam,Artist
5xY6E5PMZNtz9jDvxTRiGI,Dangrangto,Vietnam,Artist
5HZtdKfC4xU0wvhEyYDWiY,HIEUTHUHAI,Vietnam,Artist
3y6Lfjkrdn5TgkbgDxbpvM,marzuz,Vietnam,Artist
6zUWZmyi5MLOEynQ5wCI5f,Da LAB,Vietnam,Artist
1Qia4CTwh6x0CZbD0079zi,CoolKid,Vietnam,Artist
1W2pigH6UYwuTuFbwoSfVZ,RHYDER,Vietnam,Artist
0iqum9KAHh3LkgDhuqvTxM,Song Luân,Vietnam,Artist
6EybZ5zwPNEtEngfrEMevN,JSOL,Vietnam,Artist
5dfZ5uSmzR7VQK0udbAVpf,Sơn Tùng M-TP,Vietnam,Artist
5jTFNkoZebPnX90CbB3F2A,MONO,Vietnam,Artist
5ulyphh5uJrH4Gb1JpSMkV,HURRYKNG,Vietnam,Artist
4fg8aMZ23d2bxKz7r2vt9v,Negav,Vietnam,Artist
13c4ijEkXNvEFoxGxwp5Su,Pháp Kiều,Vietnam,Artist
40JnMfFlpwqBnWitkL96g4,Isaac,Vietnam,Artist
1L1VfizWn4DkFt602yD80U,ERIK,Vietnam,Artist
62D1qvKkvUCvXEtY1xwRfo,Anh Tú Atus,Vietnam,Artist
5lAfakPZgxFKgiJD6xAF1G,Orange,Vietnam,Artist
2rKtPYcwYmevNcaqzJOwvf,MANBO,Vietnam,Artist
1OIYKbmhG0RxPXvVPNj3NN,Madihu,Vietnam,Artist
0slOzRzTQb1RBBVJbvRITP,Quang Hùng MasterD,Vietnam,Artist
5M3ffmRiOX9Q8Y4jNeR5wu,Wren Evans,Vietnam,Artist
0hy8mfXxfD8kQ6MRQkDVrn,itsnk,Vietnam,Artist
4bPYvyUn1mWwUwIW57oST2,Emcee L (Da LAB),Vietnam,Artist
30eFAXoU2kTjJPf2cq80B8,WEAN,Vietnam,Artist
4RPhZ2g5GYff0hKNBlZKXh,Ali Hoàng Dương,Vietnam,Artist
2aQnC3DbZB9GbauvhAw7ve,AMEE,Vietnam,Artist
1zSv9qZANOWB4HRE8sxeTL,RPT MCK,Vietnam,Artist
6NF9Oa4ThQWCj6mogFSrVD,W/N,Vietnam,Artist
6V1SwiosQqf5XvmoTMCGa9,Dear Jane,Vietnam,Artist
5Kh0ta0UY4uJ4g2CIdq9V9,Phương Ly,Vietnam,Artist
0zo8kCJVktn7oPnzpkbC2p,14 Casper,Vietnam,Artist
6hnfLIkvDl6pjlAe1YRGXY,Bon Nghiêm,Vietnam,Artist
7Cp2hGcriAaDUAWpXnSEwm,buitruonglinh,Vietnam,Artist
0XtC2d9ZVigYA7iMy5YkW0,2pillz,Vietnam,Artist
2NRcG7E1j2sSi8vnUzCcpi,Quân A.P,Vietnam,Artist
4cLYlDISnWaErAitB8kRph,Quang Trung,Vietnam,Artist
7yquVKfxBuNFJbG9cy2R8A,Vũ Cát Tường,Vietnam,Artist
house,house,,Genre
hip hop,hip hop,,Genre
pop,pop,,Genre
amapiano,amapiano,,Genre
funk,funk,,Genre
v-pop,v-pop,,Genre
cumbia,cumbia,,Genre
k-pop,k-pop,,Genre
trap,trap,,Genre
rap,rap,,Genre
country,country,,Genre
r&b,r&b,,Genre
dembow,dembow,,Genre
corrido,corrido,,Genre
rock,rock,,Genre
sierreno,sierreno,,Genre
drill,drill,,Genre
bachata,bachata,,Genre
urbano latino,urbano latino,,Genre
