Id,Label,Popularity,Followers
2YZyLoL8N0Wb9xBt1NhZWg,Kendrick Lamar,97,34810650
1jiZvw42D4oquLl24x2VWV,Lefty Gunplay,76,34818
7tYKF4w9nC0nq9CsPZTHyP,SZA,92,24716945
4VHa48wXlsDA2vWfgIi7cX,Dody6,72,11983
6cUpFVxDYWed9WxtC4QgC5,Wallie the Sensei,72,32946
7J5UWTbsUFjoSQZQCQCqbQ,Siete7x,72,2940
757aE44tKEUQEqRuT6GnEB,Roddy Ricch,80,11015491
4tuJ0bMpJh08umKkEXKUI5,Gracie Abrams,91,3296708
4V8LLVI7PbaPR0K2TGSxFF,"Tyler, The Creator",94,18061113
2qoQgPAilErOKCwE2Y8wOG,GloRilla,83,1422531
3DbwFQlvLxRSi2uX8mf81A,Sexyy Red,82,1579306
55Aa2cqylxrFIXC767Z865,Lil Wayne,89,15722034
6fqjJNsLs7g6F3PXy01Xnw,AzChike,71,117300
1HY2Jd0NmPuamShAr6KMms,Lady Gaga,92,33083714
0du5cEVh5yTK9QJze8zA0C,Bruno Mars,96,63153139
1iCnM8foFssWlPRLfAbIwo,Gigi Perez,82,574714
50DchbKTiJU56SYmIRSJCI,Hitta J3,69,7287
1q2nUylEqrRJkiDkXa39Mw,YoungThreat,69,11842
27OdVby2oeFjM1C5XvC3hC,Peysoh,70,160411
3eVa5w3URK5duf6eyVDbu9,ROSÉ,86,8331839
6qqNVTkY8uBg9cP3Jd7DAH,Billie Eilish,96,103084200
67FB4n52MgexGQIG8s0yUH,Lola Young,77,346524
1oSPZhvZMIrWW5I41kPkkY,Jimin,88,9639836
1Xyo4u8uXC1ZmMpatF05PJ,The Weeknd,96,95411178
699OTQXzgjhIYAHMy9RyPD,Playboi Carti,90,12395960
46UMQ0cW8ToR8egkBRwAxZ,Cynthia Erivo,78,284597
66CXWjxzNUsdJxJ2JdwvnR,Ariana Grande,95,101473777
74KM79TiuVKeVCqs8QtB0B,Sabrina Carpenter,94,15653007
4cPHsZM98sKzmV26wlwD2W,Brenda Lee,77,410321
4iHNK0tOyZPYnBU7nGAgpQ,Mariah Carey,85,10691052
7GlBOeep6PqTfFi59PTUUN,Chappell Roan,88,4071059
20wkVLutqVOYrc0kxFs7rA,Daniel Caesar,87,7372380
38EmEgXkgK51MT2tPY0EoC,Bobby Helms,75,56378
5lpH0xAS4fVfLkACg9DAuM,Wham!,79,2859734
3y2cIKLjiOlp1Np37WiUdH,Shaboozey,80,829146
246dkjvS1zLTtiykXe5h60,Post Malone,91,45922292
4oUHIQIBe0LHzYfvXNW4QM,Morgan Wallen,90,11238450
5j4HeCoUlzhfWtjAfM1acR,Stromae,80,3513085
6e3pZKXUxrPfnUPJ960Hd9,Pomme,78,685736
57nPqD7z62gDdq37US9XJR,Arcane,85,375843
2tIP7SsRs7vjIcLrU85W8J,The Kid LAROI,85,5890212
33qOK5uJ8AR2xuQQAhHump,Teddy Swims,87,3488512
3l9G1G9MxH6DaRhwLklaf5,Oscar Maydon,88,3405181
0ys2OFYzWYB5hRDLCsBqxt,Fuerza Regida,91,12711223
22wbnEMDvgVIAGdFeek6ET,Benson Boone,86,4010734
2sSGPbdZJkaSE2AbcGOACx,The Marías,80,1737134
77SW9BnxLY8rJ0RciFqkHh,The Neighbourhood,86,18693277
2RQXRUsr4IW1f3mKyKsy4B,Noah Kahan,86,3601728
78F6Xkd46aMHkr4AP60TXY,Clarent,71,146924
3E12tRURRvPfHz0hAMCFYc,Omar Courtz,81,445692
54seKvtsZauR1iauN0ptpo,De La Rose,79,314448
30Ml7nTMkXYyb0UoLwtmCc,Los Diozes,62,50058
7iK8PXO48WeuP03g8YR51W,Myke Towers,90,17456320
5CiGnKThu5ctn9pBxv7DGa,benny blanco,79,1252138
0CVOcYvRcSvOXyuR4YGKaC,Dani Fernández,69,263822
2tmrdVbpFzIVIOcqxvErj2,Los Sufridos,62,8269
4F4pp8NUW08JuXwnoxglpN,Bad Gyal,75,1862040
0EmeFodog0BfCgMzAIvKQp,Shakira,88,35631318
37S0GFsBW73uqxGXNFeADJ,Ghost Killer Track,61,40671
0VZrPa7mWAYXH4CwmYk8Km,Kidd Keo,72,2940322
0FwnPHExlRRxEZPLAi5tmG,JC Reyes,76,1013258
4RWJOoYwgF978LOn8Fainp,Yami Safdie,71,331415
3SCOuAxngTC1yGjKMcIPEd,Lasso,72,883128
0tmwSHipWxN12fsoLcFU3B,Manuel Turizo,84,14313708
3UTF2no3muGdiFXVujl94i,Kapo,81,329216
5qPeAT4ikl6gJNUexAOEy0,Oques Grasses,61,182475
6TKygPpVT29oGUogu4J9Ec,Yan Block,78,244886
34PYzJSu4DHKEyhdBfsn0E,TORRRES,63,11010
22dFwJoRBV51ue5TGnC7Dt,Beny Jr,77,1528476
2NeFajzkAQ4UfviWdzf0pK,Marta Santos,66,144015
6XyY86QOPPrYVGvF9ch6wz,Linkin Park,93,27824989
1XSmez9xyCCPpOZp0uImwM,Rita Payés,56,161635
6B1hSmaLdOvChinK2Z7gfi,Maisak,72,63861
2LRoIwlKmHjgvigdNGBHNo,Feid,92,14984288
6k8mwkKJKKjBILo7ypBspl,Ana Mena,69,971467
0AqlFI0tz2DsEoJlKSIiT9,Emilia,81,3856979
790FomKkXshlbRYZFtlgla,KAROL G,91,52495430
0ZHPrnImGh4re3TbSNkoZl,Beret,71,3088827
4az97MtWmBQ5Db3GfDh9j9,Morad,80,3681309
2CCgb0KApjfQDuTppovpf8,Rvfv,75,778702
5C4PDR4LnhZTbVnKWXuDKD,Morat,83,12357845
5PlfkPxwCpRRWQJBxCa0By,HUGEL,78,372703
0u6GtibW46tFX7koQ6uNJZ,Topic,77,270206
7hQmAXAzWI6D350VTgkKTG,Arash,72,261481
1IFAU4mznUcfPVP9z2c24N,Daecolm,71,13799
2enhM5DK9oTxWiCVpFIDv3,Figa Flawas,61,59066
1Yj5Xey7kTwvZla8sqdsdE,Cris Mj,87,4438239
1U1el3k54VvEUzo3ybLPlM,Kali Uchis,86,8154368
6nVcHLIgY5pE2YCl8ubca1,JHAYCO,84,8255768
0WwSkZ7LtFUFjGjMZBMt6T,Dire Straits,78,7976501
4BnXLYKwUhFGUmYE5mPNox,Las 2K,55,4636
6mQDo8xYI31LFjmhIsZEWg,Chardo Chardemio,55,2459
3QqpGThGBmUjiYeF8biKlM,Melody Records International,55,2379
4AK6F7OLvEQ5QYCBNiQWHq,One Direction,90,37753901
1x8mAhfvCw7JXRX7Ild0lF,Hey Kid,57,20448
6i0h6wBrfNkdf3eTUoelpP,Malmö 040,58,35378
7f5Zgnp2spUuuzKplmRkt7,Lost Frequencies,81,2942941
2txHhyCwHjUEpJjWrEyqyX,Tom Odell,80,4047775
5Y3MV9DZ0d87NnVm56qSY1,Tiago PZK,80,5468992
7FNnA9vBm6EKceENgCGRMb,Anitta,83,12805981
1JbemQ1fPt2YmSLjAFhPBv,Chayanne,77,8406346
60ZOYUFnCYEeKYsxgvPxOS,Cano,71,502190
3rIZMv9rysU7JkLzEaC5Jp,Snow Patrol,71,3106312
1bAftSH8umNcGZ0uyV7LMg,Duki,86,11588541
4gzpq5DPGxSnKTe4SA8HAU,Coldplay,91,55022595
6eXZu6O7nAUA5z6vLV8NKI,Little Simz,71,1094413
3wcj11K77LjEY1PkEazffa,Burna Boy,80,10793010
0jIWKlfmD4Ew7HeVVrq03g,Elyanna,71,232914
7vXDAI8JwjW531ouMGbfcp,TINI,79,8544429
2V9MnjEMqwXm7sice07NQK,Diegote,57,81918
4kcQWQDK0u9AftVSpdrAgk,Luck Ra,77,1904556
5TP8Ubo4jLKEi4Mw2O8fAk,BM,70,1005159
2OhUNb01gLwygOizYvTm0e,Big One,75,681652
2BTS8Np1YzPQuXjgdlqsBB,Emanero,71,515739
55ru5B05MMBunM1tvH7Di6,Valentino Merlo,74,267286
1FxPMQ9A0882eNDx3ZkD6B,La T y La M,71,821608
6Gsh7oJoJ5EQUuQk0EhfWL,Malandro,63,62275
1DxLCyH42yaHKGK3cl5bvG,Maria Becerra,82,7258191
0ZCO8oVkMj897cKgFH7fRW,Los Ángeles Azules,79,7886635
06Q5VlSAku57lFzyME3HrM,Ke Personajes,78,4052740
4oZolC0sCwCAKqsNXfRlVS,The La Planta,73,471202
7yIp2QRLkQ6loIrupimiri,Pinky SD,78,40960
2Mt2vBBEckrvXtg0JldwZ0,Un Poco de Ruido,78,178147
5Qv1EsPany9Fc3yyCJnoxw,Uriel Lozano,71,195821
6HTUcOExehqydqa7C3usAa,Abel Pintos,70,3505565
60XHOAhvEBiV6BGBOv8ClM,La Joaqui,73,1989837
19HM5j0ULGSmEoRcrSe5x3,Milo j,83,5336010
2UZIAOlrnyZmyzt1nuXr9y,Nicki Nicole,80,7869075
3vQ0GE3mI0dAaxIMYe5g7z,Paulo Londra,79,24350891
2Jb9jVnCpWkXtoGznFJ6bF,ECKO,66,1332757
6QVEWdYtBkaJcboEtH5FeB,Los Turros,59,173241
2eXWodjj5K1vVq2CSjl036,DobleP,68,219203
1NtRGHzfJ8H7dENIXu1tdk,Cristian Di Marco,63,88
04XdCDDrPnnqidaVBTOQjt,Hernan y La Champion's Liga,60,134194
6GRwwWAtmusrgAL5JF9Dfr,Callejero Fino,67,1789146
7dlkBH23ERFXxuNoMHq94Y,Q' Lokura,75,1308474
1QZuAtDYNrk2QMogJulsyq,Karina,66,651671
6iYRN5eaz8LSxvwkhmwkRj,j mena,60,498842
6LZA6PhNCwUfHzqfpN1nYL,Angela Torres,61,203679
7jAs1uPnpfNmT6e5qtEPxq,ATL Jacob,74,68374
3WMlRpW5JWuDI95TcEWt3r,Salastkbron,69,604098
5xIOUIBQhGFX7HIj8lhdyU,Omar Varela,71,88347
2x7PC78TmgqpEIjaGAZ0Oz,Trueno,79,8106559
1H6X7yhnXZg73f9bssaj1Q,Judeline,70,130522
716NhGYqD1jl2wI1Qkgq36,Bizarrap,82,17017536
4m6ubhNsdwF4psNf3R8kwR,KHEA,78,5832526
7rFHoDuiSlV0DGHxckjm89,Lia Kali,68,179152
7CvTknweLr9feJtRGrpDBy,FloyyMenor,84,1184551
2qWK8K2Jfh67UqtwY8tCW6,YSY A,77,3396522
7fT2Me47PQ8T7954PKrcwR,Bhavi,70,1524000
5Zk54wioCsUtq5ggUWXqlK,Tuti DJ,54,48777
0sE8WmITfzXJwYGdtbo8B0,Pereiraremix,57,57588
6UCQYrcJ6wab6gnQ89OJFh,Headie One,68,617605
6uzHLlGqFKaXYOnZyYmXYg,LOUKI,72,28243
0pelomsVlROuivdE2RgeDU,El Mago Y La Nueva,64,16228
7Ez6lTtSMjMf2YSYpukP1I,Dasha,76,264069
2FXC3k01G6Gw61bmprjgqS,Hozier,86,8109432
69GGBxA162lTqCwzJG5jLp,The Chainsmokers,83,20668786
3bO19AOone0ubCsfDXDtYt,Myles Smith,80,831041
40ZNYROS4zLfyyBSs2PGe2,Zach Bryan,90,5606988
70kkdajctXSbqSMJbQO424,Kacey Musgraves,77,1508348
2sil8z5kiy4r76CRTXxBCA,The Goo Goo Dolls,77,3018497
0Y5tJX1MQlPlqiwlOH1tJY,Travis Scott,94,34910223
0C0XlULifJtAgn6ZNCW2eu,The Killers,79,7573310
6kbR2eL4hecj3rFwGOsYsI,BL3SS,71,24369
20rKUmFZsfv9GBXiv6R9d6,CamrinWatsin,71,20319
2UNjfzEkfsdWVDwnuD6vdH,bbyclose,71,3809
4j96cMcT8GRi11qbvo1cLQ,Michael Marcagi,73,204956
08GQAI4eElDnROBrJRGE0X,Fleetwood Mac,83,12364588
10exVja0key0uqUkk6LJRT,Vance Joy,78,3219475
25uiPmTg16RbhZWAqwLBy5,Charli xcx,87,4498935
06HL4z0CvFAxyc27GXpf02,Taylor Swift,100,127212154
4gvjmrtzydbMpyJaXUtwvP,Addison Rae,76,513902
1WaFQSHVGZQJTbf0BdxdNo,Tommy Richman,78,770146
0PCCGZ0wGLizHt2KZ7hhA2,Artemas,79,1014311
2kS9NyuATpYwjeB93h24H5,Nina Chuba,73,798039
1E8mXBWN7AXZCOPYbOky4J,Jazeek,74,408416
7rBed6Ya7Hwa2fXbh5btJE,LACAZETTE,73,194344
3CJKkU0XuElRT1z8rEtIYg,Luciano,76,2345395
76dRoxKtDwYkgCQePok9cU,Miksu / Macloud,70,164138
0JBdTCGs111JKKYfLqOEBa,Shirin David,68,970930
3drqpTL4sQOckmAfF9i1wg,Summer Cem,69,1115910
72y6W9pGy97xTM44dwy3F6,BILLA JOE,63,69061
7vohy1W7YNLxHynG44UFjS,Sampagne,64,55628
7o95ZoZt5ZYn31e9z1Hc0a,Natasha Bedingfield,75,1834715
1SnSPHBs8l5iAvoWF0aO05,FOURTY,63,73952
13bDjug9N0pyv3ZUINjkDV,Bausa,70,1097837
61vhXXSO0lkbxFvnXHx8QP,CHEKAA,60,569
5HK6QtizXJzCmoYTkvFRik,Ndotz,73,143398
5p7mWeX4RlvqBCxylfiXdE,KC Rebell,65,1184620
11p2E654TTU8e0nZWBR4AL,Mark Ambor,76,540241
0eVixEZVW2PB1UogwTWXc1,Berq,70,188563
0wi4yTYlGtEnbGo4ltZTib,Shakin' Stevens,68,161714
0rvjqX7ttXeg3mTy8Xscbt,Journey,76,5843043
5WUlDfRSoLAfcVSX1WnrxN,Sia,87,29008656
1fImPZoBVjmYrBFzCHh0N3,Souly,69,117344
11kt6ggsdxvI8MhyeSMKom,CYRIL,80,300616
49e4v89VmlDcFCMyDv9wQ9,Dean Martin,80,1778710
5ByAEWetNZ95GufzBSOkc3,fallen777angel,61,43283
3JsHnjpbhX4SnySpvpa9DK,V,84,19186193
0xByDfltDVpk6LDsUMHyI2,Poshlaya Molly,66,1663744
4anb8rmk0xipuQP6QZ5IlH,FORTUNA 812,60,58769
5xtbUYHaOycg6HIi10EZdV,FRIENDLY THUG 52 NGG,64,219141
0TO6y1x0LQodwBnxGtQu9o,shadowraze,58,773500
5NMwoStnfHT4LdETlJSwDT,Big Baby Tape,65,1482494
4jIvmo6hfAQ04NSOWPVVA3,кис-кис,52,417408
5B5qmrbTFvA7TAxWruuwbo,Aarne,63,192754
2hTmpvdwhpNZryOkwTisRW,Toxi$,61,469810
6HaGTQPmzraVmaVxvz6EUc,Jung Kook,87,16574156
3MdXrJWsbVzdn6fe5JYkSQ,Latto,80,1836549
0qyv7OappGDi0OyJxcqpVt,KRISTIEE,53,8111
5GTZUVrKf86Aco9LJQquxc,mapt0v,61,31340
0oSMgGNMeXe3HJAXEJrqL8,YungMeechy,44,1612
260kWe4y9lg7YFDsZBgsLv,zhanulka,55,190352
6Tv4ZrZbgUMcXAMv0d1VQM,fleurnothappy,55,11415
1jUPTaRiy2sOdOhvIEUosG,ENINA,52,111415
2z20q6EEfm6w6PiIKsgtb3,FACE,64,1831754
0yp6xP5xe1qarfugfTixOK,Monetochka,59,974185
0Kwx9LPnkelacgHzRI8vxl,Jakone,60,96191
1EDrjPOlEjmbzjbet1DxTN,Kiliana,54,2767
0E56Ncr2I37JQhW71UJALE,KRBK,62,351338
6oiinpr7kwRmyWKVDTZgRT,AP$ENT,51,39294
27kGBCjiz5OXojkKX4xQ6R,BUSHIDO ZHO,61,458422
4h8pGxEIOi7j4me1yhYxlD,LSP,60,1226784
7K2PBAFUE98RKu30clhIms,Violetta Sokolova,48,38417
3vvLuXEEf7sl3izJcw0GIn,Skryptonite,64,2906670
0P9E2MHee0cXNpIeAvFAt1,БРЕДИШЬ,50,53464
6oTirjGdJPFt3hycC1Rfxb,Xolidayboy,52,46694
0XNKQFs2Ewb3y0VsFUFc5l,MORGENSHTERN,60,2145846
56wiPFJN2Z1PG1N8hGNYaD,mzlff,58,159620
0hAEtx2GQLtMTJj8qycHRr,xxxmanera,55,214868
4uWhcZCwuPopf6JGvwsN2B,ANIKV,52,95583
0ChMIwzbYxHbebgoPeETfV,Lida,57,306537
5IS4dQ9lDW01IY1buR7bW7,СЕРЕГА ПИРАТ,59,275575
7bI1v9NGBBhq8iGfytctni,Squirrel Flower,48,44986
1nnaE1FllcW0TlDdPVmdPg,Scally Milano,58,574158
3I9Bd4StaxvFWPG9AAjlrO,uglystephan,55,296744
6iQqWcDg92kre5ykFLwqD8,Дайте танк (!),59,772477
0GOx72r5AAEKRGQFn3xqXK,GIMS,80,5186491
1cKyknhftNKXCjMBd2hDrG,DYSTINCT,72,646898
0LKAV3zJ8a8AIGnyc5OvfB,SDM,79,1425991
2loEsOijJ6XiGzWYFXMIRk,Adam Port,77,224723
6XjgqvaVLUib6lCerbZrYD,Stryv,75,12932
26WKgv73kRHD0gEDKD1i8j,Keinemusik,78,357955
2yyaNPcdxZcn4iutCcLMaC,Orso,75,1338
37lTKHi901VnwngQ7C8noT,Malachiii,75,9354
3IW7ScrzXmPvZhB27hmfgy,Jul,82,10659860
3hWQDRr1PqwvnHeiZlucBq,Bouss,73,123258
3zGV7t4BDmYZBLVA24487b,Pommelien Thijs,59,150167
2F3Mdh2idBVOiMTxXoxc10,MEAU,60,184929
0UF7XLthtbSF2Eur7559oV,Kavinsky,67,983203
3QVolfxko2UyCOtexhVTli,Angèle,70,2746002
1xU878Z1QtBldR7ru9owdU,Phoenix,68,1949990
5oNWzcU0mYK1zDUxBGHIaG,Hannah Mae,62,42827
5ncHUtKhiVsHlugFN0DCDl,MAKSIM,57,42751
5MraexJKZDrQYzS98kNwie,Sevdaliza,76,749338
6tzRZ39aZlNqlUzQlkuhDV,Pabllo Vittar,75,4301052
1QsdzIKkTT5gDFj8GB1cIX,Yseult,74,278951
3TOqt5oJwL9BE2NG9MEwDa,Disturbed,77,6987246
5wCmhq5J2hPwL2r0eKurxn,cassö,70,75591
5KKpBU5eC2tJDzf0wmlRp2,RAYE,80,1811332
5VadK1havLhK1OpKYsXv9y,D-Block Europe,76,1597324
07h4CCFmlXkwx0g4PL5Uuh,Guy2Bezbar,66,528138
5eDdy8QxB47JsLASK2FI1m,Noano,58,17176
5eir5zFJpES4j7gsymbVyl,Ronnie Flex,70,597519
3JhNCzhSMTxs9WLGJJxWOY,Macklemore,78,2472207
5mZJerulcERBZV7xnhrVp1,Ryan Lewis,72,1911
5BcAKTbp20cv7tC5VqPFoC,Macklemore & Ryan Lewis,73,2603676
4e0nWw2r4BoQSKPQ2zpU13,Ray Dalton,75,87854
6ltzsmQQbmdoHHbLZ4ZN25,Lord Huron,78,1793656
0fTSzq9jAh4c36UVb4V7CB,Alex Warren,77,636018
60df5JBRRPcnSpsIMxxwQm,Otis Redding,74,2346644
11oaKJc8rsz6x8YPVjca4X,Engel Montaz,72,13373
0kwa5ELbi8xm7vbwywoLtg,Kuv507,64,3516
0c0Yh1P4gMYmDwebhyzIDv,Latinnites Music,65,3892
6XkjpgcEsYab502Vr1bBeW,Grupo Frontera,87,5368511
5JMJt80HJWR1e4hMw63Z5t,Luis Vega,53,61952
1TA5sGRlKUJXBN4ZyJuDIX,Blessd,84,5590731
3m5qlPf2OkihLz3dRYnkPA,Ovy On The Drums,82,558663
1r4hJ1h58CWwUQe3MxPuau,Maluma,88,35181234
66ihevNkSYNzRAl44dx6jJ,Carin Leon,87,13888823
6ndLrsgT3MV5CNxIrW71fw,DFZM,72,105534
1vyhD5VmyZ7KMfW5gqLgo5,J Balvin,88,37463468
7j6DKwmjbxvpQO8h914uEz,Ryan Castro,82,3291559
4q3ewBCX7sLwd24euuV69X,Bad Bunny,96,87431757
1fctva4kpRbg2k3v7kwRuS,Rvssian,75,2515300
1mcTU81TzQhprhouKaTkpq,Rauw Alejandro,94,24639525
3ZpEKRjHaHANcpk10u6Ntq,Ayra Starr,78,3955125
1dKdetem2xEmjgvyymzytS,Grupo Firme,82,13839167
0dUyjgCyjfj5eMx6bX2TWf,FMK,69,1619157
2jSGzJw0ebJLu7OLVSOcBP,Plan B,81,5273213
12GqGscKJx3aE4t07u7eVZ,Peso Pluma,93,17699141
18dspUI6gqabm5XCC2RcUD,SOG,71,152808
5szJHKg5xeUlQ9pTqzdpic,Taiu,71,95265
0OTHm6AFLxgeTm0gHNOuWi,De Parranda,63,117954
3qsKSpcV3ncke3hw52JSMB,Young Miko,80,3593900
0wdQR6Qd64uSVhNJy7M2F0,JAVVI ELIAS,38,7158
6aoGgTKGqtsjj48ymcNs4Z,MC Tuto,83,1089238
6XX6KGpomRDPmGGm7bofCK,DJ Glenner,78,271313
3p7PcrEHaaKLJnPUGOtRlT,Henrique & Juliano,87,24383531
6vTqEFbTtTRJsuIpzZgjxi,Grupo Menos É Mais,81,4058611
7MiDcPa6UiV3In7lIM71IN,Gusttavo Lima,82,21983968
5Dz2FizMLqV0Cr3c8uhEcF,MC Cebezinho,76,1168945
1b8S7EPzdckRyIh0uSbOMI,DJ Oreia,75,266980
64DTkZLH6KkkMwZEEZ5VWC,Love Funk,75,918294
5InVWl8IZB8zFAoNa5roKm,Mc Kako,76,1187271
59jlthNnbmim5l9tmNA7se,Maiara & Maraisa,80,13987684
1DuBkL1pAgaZQHXKPiVr08,Léo Foguete,74,89784
5wbf52LA6kcaboHSN6NEF1,PEDRO SAMPAIO,75,2750376
0nFdWpwl7h6fp3ADRyG14L,Marina Sena,71,421839
3hq7WoPJsrRP0KMSLhUgRz,Murilo Huff,80,1773114
2CKOmarVWvWqkNWUatHCex,Ana Castela,81,7758402
0xj9MJx9r0wO2o4aqdergP,DJ TOPO,73,194342
7me0S5Z40qVWj3gzyK8aC3,Mc Livinho,74,7408336
70jpkgy5oGT4YjaGFpCpk7,MC LUUKY,80,289136
7wLAecYIgstxcjqe6JwT3w,DJ JB Mix,68,3354
5s27i7oqhNWIcE4HeoVdq0,MC GP,78,1474923
2f8xoxornfSw6ePzgyM9NO,MC Jvila,72,64273
6XFc29m1ptfUNmaa1UTuBT,MC Joãozinho VT,78,1320780
3UfwtvPZZea2HHwI23VtKP,MC Vine7,71,51555
75i9GaW2MJUgt4BkdUnuUY,MC Ryan SP,85,6361665
2VTYSgPG0HoSZ4YMx7EeFj,Mc Duzinho SP,64,879
6zGPa2tLMJ5HQYUddZI8di,Caio Passos,67,103512
04QHNiih9ZesPvals6II1h,MC Marks,77,1779839
7IOSPo9oGCLWtDEZtmxgTi,MC Bruno MS,69,71017
2FDaBZt51fOXh2rbHL8Afr,Mc Magal,70,652358
48yaM25WLHmQZXx5NN3DYH,Aaron Modesto,67,11352
1elUiq4X7pxej6FRlrEzjM,Jorge & Mateus,83,20871614
0JRPF8WIKUtSO2IUYfrcuh,Kaique e Felipe,68,27546
5kVgcCdPbeUwxBqWxi2Ktl,Luan Pereira,80,2685125
6sW5k31iA8sTy0i2goUKF9,Oldilla,71,347970
6VOn8xBJH73S7DN8VBAoaN,Deejhay RB,65,15752
2Z0lRIqr997lIUiPtrpKCr,Matheus & Kauan,80,11525306
1LIuN7ov1IBQDdLsU83ojl,Hugo & Guilherme,80,2348590
41QLxRXlc2NwfJZkHGHKid,Israel & Rodolffo,73,2786418
1mV9h1AwhRXSjBFcYpajgY,Mc Lele JP,71,1015799
6VyttZwyEMGBl90oGdKCB8,MC Leozinho ZS,67,493689
6wduHvHCH5QZtWs6ULilDM,Henry Freitas,73,818499
0bg3fNpRQgZTCAg3Bseyly,Mc Th,72,1140027
5ZfBThYiIIhL7jHMG8gDB2,Ferrugem,78,5593823
1fUSLFr4WUBx7joEcGwpvG,Sorriso Maroto,78,3234020
37mqXU98U5GmH5ZDtlHM1c,Matheus Fernandes,71,880078
6qrqAYlS6lUj2BVXax7SZW,Mc Jacaré,72,659383
0vLuOi2k62sHujIfplInlK,Hungria,77,9888284
7gZu6kPnY9enEi5FvgTO4F,Felipe e Rodrigo,72,236711
7gHzR22tDNSWGS4HkvvPgw,THE BOX,66,419931
1SZXYhJz4sqEss888VmWLP,Mc Brinquedo,66,1066854
1JJq541frMPfUIQiUoVrnp,Mc Laranjinha,67,265826
1X6ORK7IekgmyjV6IFPszP,Gustavo Mioto,76,6296284
0i1s9WcIu0PrUvHzALgofo,Seu Jorge,70,1654959
6mKwmTMzDrye9elc8JWiw3,Mc Leozin,69,286213
3Nipsl6GVwwGyeAk0J29C6,MC G15,67,3296775
1tKrZaph4cLsnEdqC5BNEQ,Clayton & Romário,73,433238
5nP8x4uEFjAAmDzwOEc9b8,Matuê,81,11588969
2eK9gcJQ6uqVvJL63dnOM3,Simone Mendes,77,2422120
5IREutgMnyQqRcc8r15gWk,CountryBeat,68,62974
6YzSM19LzpLH0nVKKU6Jsy,Mc Daniel,75,2125341
3CIIaeZuFYrAD6PRVyuO4U,Felipe Amorim,76,2486901
2Y3kRJYYun9lDcRMM7ulQg,MC Bruna Alves,63,113388
6m6e7D2TnV0aYMllFFwMxu,Guilherme & Benuto,75,1361443
7rXMvXRnWHaSwnVvPeUUfw,Gloria Groove,73,3489449
6TYimByryGphZCtwYopH0y,Lauana Prado,78,4877841
5tfvAC3ptwTnVXeNJ8qkYe,DJ L30,62,9194
5O30nI9WzhHuxqFZqReBQu,MC Thaizinha,62,10135
1mvpEXClANunyiHFtAXCxt,MC Rick,70,1568633
2xOLGU5UNLV3KQSFteF8ZW,Boladin 211,72,198583
54DpD2uxqh2jQtstvXxCag,Deliverymusic,62,61
4MQAbRFF5xtTAIYG8jzfZm,Dj L Martins,61,11932
5H2zqAv4kVidX9S98sanYa,GringoBeats808,59,1166
487N2T9nIPEHrlTZLL3SQs,Zé Neto & Cristiano,79,20628797
6sEfX6ntbBxeWBLggUMyyq,Medi,50,178599
3CcA9m1Ivpp5XmLt8SxUpn,Tedi Aleksandrova,47,104920
2xZOjY3LYFt8mfHuBUOBwF,Silver,37,1360
4vczAVLBVJzhMndKRCsQls,Djordan,48,109480
1WOWylyMYTYIkDJmKLeSpQ,Dessita,46,98534
39mjWoyHE5RMghSx70h7pI,DJ Damyan,45,26314
1lxHE7dVKOVaIjGOIu8svG,Emanuela,51,129965
1vAwQYTE1k5MBhNsvqphp1,Azis,54,124014
2Dj0euYPa8eiI6Ee5VLBwg,Preslava,53,233371
3Q71N3lHz2pijhljCNqOqw,Andrea,47,19909
7Cg8hnSsmbfC6fxCykWYrh,Bilyanish,38,13504
5f1C9EB4G4MrxxmWmZP5Wo,MOMO RECORDS,43,40287
583wxBpo6S1maGz1bqYekZ,Selina,38,2376
2M8DUpSnqu7TlGxEgjUocd,Danna,38,48124
4v8n02xVhZK4CmdUAuipHn,Konstantin,49,71703
7JLPN5CklYCRotAvFGw4Q1,Fiki,47,124048
1UUQq3z2RCIqSE1eiP00Jv,Marso,45,66746
21dDhxm6HACY7m7vzfInMh,SST,35,2760
556XyBuO17TCo0Bviw5nCW,V:RGO,50,143478
27m6NrJXMbLGlkoGBUy2IV,Boro Purvi,43,62652
4oopAFtLdKXCoq2XoEjDZD,Krisko,50,156236
5M7RMcbgYy45XzC51HU355,Galena,54,298135
1nRdMIjXitRbmuhwGJopDK,Tzankǎ Uraganu,0,83
48MmYtebtmsS7LjcYwGBWk,Tomas,35,860
4AZihrM3P96d5mA9kvsxxH,Tsvetelina Yaneva,45,83875
5amPFw5XVlNzP7uSKBXtai,Galin,49,138027
6NtH0d4qlaU5FakRdrdNwq,SIMONA,44,52201
4aPsL8sPDTXIR11gYfAb0i,Mirela,40,8786
696J4fiOALx5ifVKv10VbK,Adam,40,30471
29Hsg37sCbjeeCdDA0HIgt,Ivayla,34,9365
4FTXvsvz433gZR67rhxFfN,Lidia,43,61013
1cqkZpQniJhO3wvhxqVz54,Jordan,29,1969
4CrkuFqKkCWd7pJTOaGxhX,Ork. Salih Hamburg,36,265
12a4KgFut39rBB8WjeN2oL,VANE$$A,39,68679
5mNFpEfI0KApCz2Y88LYW6,Alisia,46,78616
2lKSCvxuWDRCyImWLIXqre,Don Mario,33,3266
64KEffDW9EtZ1y2vBYgq8T,Marshmello,85,33927397
3oSJ7TBVCWMDMiYjXNiCKE,Kane Brown,77,5561673
0fGcIStdT1OpFFhOC7Wp36,Teezo Touchdown,75,312448
718COspgdWOnwOFpJHRZHS,Luke Combs,87,11786862
4GGfAshSkqoxpZdoaHm7ky,ERNEST,72,214822
4Gso3d4CscCijv0lmajZWs,Don Toliver,88,5447635
2hlmm7s2ICUX0LVIhVFlZQ,Gunna,88,8430343
7DXregrznS25AM30UY9sUU,King Savagge,66,406880
5CAruGjgds3QlF5ICtEnnc,Jairo Vera,71,1374201
2IAxPmQzx2NuutHe7ta7gs,Bayron Fire,66,488148
11HepfI1lj6KJHj651rZhM,Lucky Brown,73,635031
7tMukTswF8N6b0zI4rlCmg,Big Cvyu,65,28575
35oGZihZclGoTVuICPXRP9,Jere Klein,76,2352528
07WSqyexqFJM0ZeQVPqJJg,Mateo on the Beatz,69,56095
4fVe4Q8NDy3wog4lVZMlOX,EL MURCIELAGO,61,3211
1QcutbFtA6u8A2ZFTZuLSL,Panda Black,67,51302
6U574RAq08wVaurzSaqEY3,Lewis Somes,72,36582
1PANUPmT5KUDGs3Xgkhw3T,Martinwhite,62,63940
1djP5LHPEF9KvmoKJI0QPX,NEMJ,62,34328
4rRwh9ghjocFABAwIwnunp,Gittobeatz,64,17412
10VBp06W8NIgMW4JruLCC4,Kidd Voodoo,71,433149
2WcCTeyPFxpiGwlntz0X2V,Dysbit,61,13636
7hwlbJCUBQksiqlloB6x9K,Grupo Zúmbale Primo,65,209969
5NenY2Jl9wwLRxf86go4Y8,Fran C,66,115739
2OEZ0KKJrKXsRQ6hU9bbfS,Kevin Martes 13,55,242165
0x5lhIYknBUEozHuXjkwUs,Galee Galee,64,372855
22QaKKmBIH3QiotuG30W3o,Santaferia,64,1384183
3dC19P4w1BbDuwCailjybv,Nes,68,26482
6w9ToX5slZ4uIdmD17hJ3c,Bryant Myers,83,11810280
2XcZshqzPKm3iZcmt73R8D,Pablo Chill-E,73,1466967
0NnUMWDCDi1snuMja6IdxH,Harry Nach,64,366607
6RhHQP5MQPD3waU29h43gZ,DJ Acres,52,5205
5cRpSxsBSMfrPgDuXDsys1,Prod Millones,51,2564
4WnChRKrzhukEIN00vy0s8,Axl Boore,55,2528
4yxLYO2imECxGYTTV7RQKb,Pailita,69,1507542
1fIJZfSmqQkuqfKNRmrS1V,El Jordan 23,69,1512660
7kvnG7JhX0ycVMVb8SP8EL,Bryartz,61,52029
6rHwFb0YjWexAYxTjm4eIj,Nickoog Clk,65,661988
2vnaEm73LHWfchNiQccNBa,El BAI,64,437417
5uwa6tAMMfNbBFIHiI6NV4,W Sound,69,221670
0dQUkvpKTvHbsTxXKcIN0S,Adan La Amenaza,60,107453
3i6lAgVHplDXb6zrjIeBeK,Kris R.,69,157410
1cUpGtXcSQsovNYEZOQgOG,Nanpa Básico,76,2739775
7a0XAaPaK2aDSqa8p3QnC7,Beéle,79,897496
2NfSBtmWe7oPw1EmetJVso,Boza,70,662133
0zO8yNnw5GQgutcIyXfGBY,ELENA ROSE,72,161085
2xmhyxkjpGNBeWXVMeVWHb,Rayo & Toby,55,484691
7GQDI5Vmxs92RsIRZzYT11,Pirlo,70,516341
0x6LwydMMHwLVnyML3s4lb,Nicole Dier,35,333
4LyGCVZ22bGCY4BaW04Uyl,Mackie,56,19554
1g9s0VQvScNH2eh7JCbzUu,R.K.M.,44,4144
3jGlU8UMMo44I2xeLQ6FD3,Dalmata,65,1916085
2P5WbTImnPSJQV4ZbQuQZ3,Bimbo el Oso Mañoso,47,5040
5J5DLfdC5YmPjVk8ljdOqU,Big Metra,60,49266
3bkz7ccHi6jiOIag1UyKkE,"KIO ""El Historiador""",46,32
3tLXPx5dsnZtsodGSf6t8E,Chris Jonex,46,5001
0eHQ9o50hj6ZDNBt6Ys1sD,Yandel,81,8117602
1zng9JZpblpk48IPceRWs8,Grupo Niche,71,3928756
28gNT5KBp7IjEOQoevXf9N,Camilo,81,19491628
0GchaVw5KfSVEm0xl0OXEe,Luis Alfonso,67,1064058
4SsVbpTthjScTS7U2hmr1X,Arcángel,84,15763979
3SUT1jjM5hzZj9TLfLZGIP,Tego Calderón,73,4788262
17SY5q1CMOZJBRuPcKWwPI,J Abdiel,71,176287
4s6Xg38sbqh4xpf4OqhVUK,iZaak,75,330572
2cPqdH7XMvwaBJEVjheH8g,Jay Wheeler,80,4464580
4PPoI9LuYeFX8V674Z1R6l,Vicente Fernández,79,11442193
5lwmRuXgjX8xIwlnauTZIP,Romeo Santos,86,23294365
1qto4hHid1P71emI6Fd8xi,Aventura,82,9146086
4cG43cUBRJWWDsRh4SW48i,Viktor Sheen,71,608161
721o1Z0J6jQupyzLt9RnEk,Yzomandias,67,500326
6gvVFtkTV4OCyQSCzGgU1h,Nik Tendo,63,380633
1jHpBumJuu1B6LCJQVh49x,SIMILIVINLIFE,55,47968
6xg3PSVEwviVyfnx3mtsPL,Saul,56,56581
52OGEbhmyukkdvJ6EDaLH1,Lil Buca Near,49,3222
4Vmja4orT3sZ2F3x3DanBZ,Hard Rico,65,164689
4V1v1oFnKe0b42lZh1QBnF,Ektor,65,335068
19HPN1TcUQ4L5gPdRIELlr,Trabo,44,12988
3qoxj1cR3W3crV51Wg38Ux,Dollar Prync,57,92541
1gRr6moof50L1b7XsbClvI,Rytmus,56,267582
3LujD0iQ9jRbSCMA39CGfO,Separ,64,369083
5RWzjEjUW2NWpSm00Ieo5X,Peter Pann,57,48979
3FgZ0agsmQ50Y9VflHdcio,Rohony,51,36466
7eKgZc26opM9g5oRiOOwlu,Manene,45,17417
2U1l35agymGrBDFeMIxVLG,Pil C,57,158237
33ngpBQcfq53FgLhpBDt8i,Luca Brassi10x,60,56137
5gRumjUBK1fHfuOlQxspJ9,ŠKWOR,53,212965
5lEkQtWa3UKlI1hj7sktcd,Calin,63,561328
5iYtjtFv6SvHX95ny4fVEz,P T K,64,180916
1bpca6RQE5kp92pIwPMBE8,Ben Cristovao,61,477675
2f1Czzz5n4BX80U6cksGr9,Kabát,61,655100
28oxY7ZfDt1BJFf8FVfpEh,Robin Zoot,55,113456
2ZHJEckf6HJXMSuD2icSSW,Sofian Medjmedj,57,84900
7KjsjftPKKarTvZlawniPi,Marstein,64,28210
1GKN1Js8fa19K23eIhOMhg,Annika,63,19806
74HomvqoUecDcUPRespyqg,Suspekt,57,126122
5FIdLxucf1EKqZfxeeXZzD,URO,57,17049
4ZwOlDVAGXQo66ykbLQ8dP,Lamin,65,68045
1d5Y2zrhRQ6R0plv652L67,Ukendt Kunstner,58,98770
2eBqkaIfoNsOPCQCQEy5fD,Benny Jamz,63,71654
2KbikmQKGiUPR2ARs1h0sq,Gilli,67,289561
2dfY7zXIP61MKHtD175hFp,Noah Carter,57,42671
7JoViNQIqOIaxcBswboN5d,Ankerstjerne,51,75092
3pVuaUisHmRfVy53qWwmql,Daniel Schulz,49,24222
3SyJZpVRYuncgXPtjAceOJ,Panamah,47,21391
5Ppbc55kNdjvxP8Tw2P8S9,APHACA,52,11235
2d7AMvzFwh5wUTuqQl3BAE,KESI,64,191575
5RaTuqY7SJHvh6MNzMagut,D1MA,60,48510
14nVYgOiwVBJIEATXIDYC8,Burhan G,58,116607
6ohx0Iujh5kRkt5BibHlXj,Frida Brygmann,51,523
3elCsuJ1JjDeAd8mjlRRX5,Blæst,51,28377
6xfKNngTw1zxViM96HSTCq,Mumle,52,12266
7nCIXUCqZmxntAGJMyls5c,Svea S,49,8814
1w2fVGZN37TieWhlqS8UwB,Tobias Rahim,58,129367
3RYYha3CC7js2PHbcBHewt,ICEKIID,57,107519
4ysmSq2N7badobfVT6YZ82,Gobs,59,59665
3Tg0bQKDqc4ONwmKywDq72,MAS,56,15459
3UaEtP4pJGDhyEzy47AMzl,Malte Ebert,55,45546
5MCNh315T9Mi2yQTD4bYkn,Dos Santos,45,2775
2GGL93jyTZ4X7uidHSJhIr,Kundo,53,10782
1GLzVjVa7bLnAcD1At98j3,Omar,50,21435
028xhPwqtWva4J0MkFHY2x,Mads Langer,54,137215
0thQkzSyTo4l3zbpibZznQ,Hjalmer,51,33859
0yqCOSZ1i0c49UUbE8AzbQ,Rasmus Seebach,61,489731
1YwMnnHvnG64fJxYSVwmN6,Branco,59,82281
1uNFoZAHBGtllmzznpCI3s,Justin Bieber,92,79097768
4ncaw2cfA3Wlly1tBD2eWt,Yailin la Mas Viral,66,433195
5O5qjKWtduHgXxeEYbbSxz,Puyalo Pantera,60,5652
4WzBqbc7fxl2y8XrznMSqf,Candelita,48,6615
0TnOYISbd1XYRBk9myaseg,Pitbull,86,11020986
3OcvS8PzSGYMBvLdzY6g3e,Silvestre Dangond,69,5206322
6NVVcu2j3GlTJwVUnNh27B,Jose iglesia,47,36
03A4rAqMAxVwjkRIPZxZ9Y,Sacra Mr Melody,48,1921
4VVEpEhC8NcR7AqNEds42U,Chimbala,69,652855
7w0t8O8nbirfLvGJgKK0xk,Leo RD,62,64787
3Z8i7zAQr7lPwH7pUQnlXJ,Kreizy k,55,123883
7eUSP77ZhnXleSue48JWiT,El Blachy,51,20472
5rlinmh5Y0p4zfMY5qngpX,Diamond la Mafia,45,27443
4UcGO4hOufILa9qGd3KOCo,La Perversa,55,215592
4lpMINWZQ39N9joHJFmgDE,Loco Prieto Oficial,46,5085
30TfJAUX5Aeh7qKjyndmsO,Mapa Negro,52,9622
2rMFPjySMqkgBajkLKL6zo,Lomiiel,68,223686
2dHbjVgpO3NvzY8D7yZvji,Donaty,61,283828
0L7AJNWmGtSjzASON8eTDW,Papera,57,118338
1y8spb5Thg0p5ybNtdk4tu,Jezzy,59,122811
6kq4GHwUcUojGIu0ziSNXf,Amenazzy,67,3251759
6GlX3FdCQrMftGfVaWcmPZ,NTG,65,161693
5wJ6ampK4rbYM4QjhIbsGa,John Theis,45,29312
7qYeIN2r4H1kBvr0Gm9Iav,Randy,69,627237
44cW3xznP61BXbu0e7fgxn,Slayter,62,61829
12lHTAdc9T204lw5qPtasv,Foreign Teck,63,46675
0XXR1ghu7pFEcfdmhq52E9,Braulio Fogon,54,229177
1f7FtdbdaRjeeOr0gK9f3L,Luis Brown,54,49091
0b4EVanoJb8wkWF7QUA3uY,Sin Nombre,59,16038
0B4uq7LA4vdVwFPDoOcVtw,Jey One,63,336031
0tR60pwxQ5WKjPxQcKoCQ7,Messiah,62,115648
0PPgD3dY7wrxsMe021mByK,La Mas Doll,50,78216
2kF83E9c7WmW5XdqwUrJd2,Chocoleyrol,47,42624
3Y9A8EQQtWU8RStiTlzErv,Jombriel,59,47716
1YZcJWydWAbSpknMUKtD9m,Alex Krack,55,3345
2wnVvfvSkFJbtOinte4sC3,Jøtta,62,7194
70nxnxEqDQIEWneRjg2Q4O,Adolescent's Orquesta,73,1270711
27popMcDKX0XWFqlq4vTXZ,Sossa,50,11728
2Kw8bTqfGNAH3hOmR0aSsm,Bruno Marcelo,47,2493
2cXxHeHp70c1PDDo5h4Y9b,Rich Ibra,44,1245
4NMmc3Z7Yd8SJc0iSmEaZx,Vyse,44,614
3b3OoVWsX5vEeuAg0TUlPQ,Joel The B,44,284
0ehrcK1euZpC14iBSYtbgy,Hoppen,44,110
60uh2KYYSCqAgJNxcU4DA0,Hombres G,74,4566856
1Ts9of7VPZElwPQnqnDSfW,Lyanno,75,1547560
1GKIlPFdcewHtpDVCQ8zmJ,Brray,74,511379
4IMgqWorWJUqUlbULGdoBa,Youssif Elashry,57,94173
7yBuSjd5Z3w7acodk51evR,Afroto,60,2340920
33Dgas4QUk9jjh2TnolVwj,ONUY,51,8992
5CSaIf8OAstAYE5oqQeS15,Magdy El Zahar,58,552379
6mPZyiInAlfLGBJbX0echu,زاد,47,44181
3mUUUQDWnVlttF1yERxmPQ,Ilmond,61,1026490
5764EiAfWT26wi1CdLcnwz,Shehab,59,723928
5QKGejJMncXUNUb9pUFbEf,TUL8TE,63,609050
2KJgliIl1dMyeOMyCcnYv7,Bahaa Sultan,62,2855374
5rCq30EbJ3DfZPKybGZj8F,Tamer Ashour,64,4689437
2PM82jOCB674w4BL08zFVS,Muslim - مُسلِم,62,3414099
4KGzrDuN7l1lrMNuio2fUe,yousef mohamed,36,4191
3gCqbhXmiSto3R8U9YZcZM,Reda El Bahrawy,56,1525402
25P1GMgHepq6rkzRwg2DcB,Eslam Kabonga,61,1536306
4BKC2HOGEqtYz2Xbgp9N1q,Wegz,62,6038810
2GVksDv9UpY60i4CvytrZK,Cairokee,62,3340928
2iToE4LH0W9zs4hVw3A7m6,Mahmoud El Leithy,57,1437053
2KjiHtx0h8tyJXbg8aYRgu,Essam Sasa,65,5792636
5HczG7gdd89oDKY0CUyPof,Wael Jassar,61,3412553
2yV4zQzvNPMyHncf60u9sr,Lella Fadda,47,49357
4o6vIkdmHiEXZOesrJj3KO,Abyusif,58,1803545
5LtHZB7vU02HtNoOzNcVhc,Ramy Sabry,63,2912643
5OssgJlERPHTqpgpwUh01O,Said Fatla,41,5657
6bb9VI1PpPTEmdgcgjTppX,Mohamed Hamaki,61,5008596
15EdXJSvJSrjOGXsIimK0d,Ameen Khattab,56,1121042
0IiR4LJwslf6HBSdk9W3Dg,Angham,59,2608103
5OaC42gxOxSYgfmmSxe672,Farid,51,633484
2N72bJ8IYB4KZmKmxz5Xkk,Hamza Namira,58,2868398
56chSp36PsMhpQvUn1kdR3,Marwan Pablo,63,2432504
57UiSuUcw9m0MV4bC2DukM,Molotof,52,488085
63OMTYC88PAsd7ffM3ErQv,Muslim,50,1059610
4JhWEqWfwTQywn7lKkNWt5,Felo,48,238787
5miyPYjh5EcpOSqloDJPID,Ramy Gamal,58,2032045
1bfl0AU8SqmLkElptOprhC,Julión Álvarez y su Norteño Banda,86,7292160
5eumcnUkdmGvkvcsx1WFNG,Tito Double P,91,2644587
0pePYDrJGk8gqMRbXrLJC8,Luis R Conriquez,87,6808097
6pV5zH2LzjOUHaAvENdMMa,Neton Vega,84,586338
0elWFr7TW8piilVRYJUe4P,Natanael Cano,89,16532916
6dLuQ5qXxIuWc5urxfIiZR,Calle 24,77,1622872
2rmkQLzj0k4nZdQehOUByO,Chino Pacas,83,2979580
33ScadVnbm2X8kkUqOkC6Z,Don Omar,84,13101458
7Gi6gjaWy3DxyilpF1a8Is,Junior H,91,20758302
1pgDilWYDWLoOgGjf1iHNu,Zion,75,4285825
5lFhCi03HDneWzvCxGctrT,Jory Boy,70,1860391
4DYFVNKZ1uixa6SQTvzQwJ,Ken-Y,66,371491
3LKXWvXFWrkwUzJWxzwVpW,Tony Dize,73,3830540
3TVXtAsR1Inumwj472S9r4,Drake,96,93849553
2a8z7MVhEtvZXFbgEE9ihL,triibupasta,38,1357
5K9q3ogdUech17MWE2mqlL,White Girl,34,1324
2cNMMulo6S2a0tHrwX2s6i,nublu,48,70945
6kSiYWWt4597uZNH0Cpjig,maria kallastu,34,1191
13ubrt8QOOCPljQ2FL1Kca,A$AP Rocky,86,15421374
6Xb4ezwoAQC4516kI89nWz,Imogen Heap,78,652998
5vSQUyT33qxr1xAX2Tkf3A,Clams Casino,72,327751
5nZADoZFWVB90dHpk5zvXy,villemdrillem,42,14005
55I7E3FxDsnuRqr0sQSrMf,Küberünnak & Karmo,36,10624
6TsAG8Ve1icEC8ydeHm3C8,Snow Strippers,68,156448
4S18DTzCeExY2k5vi6rGWW,Florian Wahl,29,2179
6acByqWJeuaM0TX5VoY6an,5MIINUST,46,65954
6kvEy25jX5e1RtdFn1Eo3X,säm,43,6632
0Y6dVaC9DZtPNH4591M42W,TV Girl,84,8667036
1QAJqy2dA3ihHBFIHRphZj,Cigarettes After Sex,87,13638070
4oLeXFyACqeem2VImYeBFe,Fred again..,78,1777331
5SXuuuRpukkTvsLuUknva1,Baby Keem,78,2673347
78rUTD7y6Cy67W1RVzYs7t,PinkPantheress,78,3753531
3jNkaOXasoc7RsxdchvEVq,Chase & Status,73,1065889
2SrSdSvpminqmStGELCSNd,Stormzy,73,3013558
2Pn8JMNrnRnSpNRPPgtiWA,ibe,61,88536
6IKJyoGeFRCRDb90U6AEzp,Turisti,65,40846
5m8QXFAKCuty66pOzy9aPZ,Mirella,63,65850
0hVN0MWgK3oTTBoqBVSRwt,Sliki,57,8306
1iRlPYW9AnnyLTPfy53Mj9,Ares,53,8191
6lFrRAoT64zvrLiL1edMhk,Averagekidluke,63,24296
3Lc2yroP05lRK5z9NtQTkc,Etta,56,31660
2E93OTghhH2JKYUWt48gFK,AHTI,57,33292
3aD9K1zaLQ3G7yp9XV5E4D,Isac Elliot,59,118103
4cmLVUbkth6BauCptSGKsV,Lauri Haav,56,29806
7meg3neLTT2WR1LDjL8jze,SANNI,52,143125
0hidKEfknd2aNabseugaN2,SHRTY,53,24103
1hIZRiy8VLKDzZSk1SyjvP,Korelon,58,38892
5aF5rqONOxygQlthvJ5Wjr,KERZA,55,34111
56fNXc6wRoO6rkxs0mNtL4,Kube,50,55632
3kKa5RWsRwK2f5Xu2RHBB7,Jore & Zpoppa,53,10555
2JSX0lIYekUp6F301cTHkq,Sexmane,61,65017
3I4GcOB25cSJHa9d7Bsgji,costee,51,28118
2zd9YxlsQvA5mkZ1NarYVQ,Miriam Bryant,64,225125
0cv9YYFgE0vLVgTjMrOZup,Sara Siipola,50,16308
0PyeoSEt7RQPbjuzy3JK9O,Ege Zulu,51,27046
3bAa4FKwIgwWYHdaUJicmE,BEHM,54,121036
5lrrAnWHek9LEQgB3MCfub,OLGA,46,5984
4Q4b4S784htx6DtxcMUfMO,Robin Packalen,55,203890
4yJlK8mRoESpFoPq3sOAi5,Tupe.,49,12804
6LkMGN0t3HDNL8hIvma70r,Käärijä,59,259732
5BTRN678gL6XT4kv3TBopQ,Costi,58,51606
5ndSb0dw2ilXbSlUZ7Gm78,Juuna Chill,44,508
1p1Q1tRavrbMGCgJdf9G0H,Tomi Saario,45,3479
3YC5DVJDjyazvB8hxJSybr,KUUMAA,58,97515
4rL7vju2zGQGrzqkpzkwOo,koira,46,6829
0LjFLVs8xGlfyPxUZrG5NZ,RODEO,33,1194
4gl9wpGYA4o15ykU2FBnd3,Anna Puu,45,75672
5H34mYQz0gLcqPWIOTyDaJ,Erin,43,69786
69pjn3Oxt0azUYEw9NE4S0,Ida Paul,46,4193
5tflzG5jjh0ka3SrnOgewO,Mikael Laurent,44,1683
1fy2OEMI7TX9ayBKxErHK0,jambo,49,14441
0C1YfsZSxVHgL0Z8bngOTM,Dr. Yaro,62,26995
3vUMXQ9kPnZAQkMkZZ7Hfh,Tiakola,78,2499870
4acowSAiQXmdhs4DCgUQ0U,Ryflo,61,5464
1eXXCUkwhu0MRLTamWEgXE,Oskoow,61,29873
5Vf6gyVzfo8TnzrPRBg3qo,SANTA,62,137470
6Te49r3A6f5BiIgBRxH7FH,Ninho,81,10574954
7CUFPNi1TU8RowpnFRSsZV,Niska,77,5677804
7x3eTVPlBiPjXHn3qotY86,KeBlack,71,1502651
4uJNQGa3L2frXDxwgouTIw,Franglish,69,1582370
26zgIfFyTCImkHAp5gwKW8,Joé Dwèt Filé,67,725369
4v3iE7RK6SOyplsSQxZsjc,Yorssy,65,148733
2GlEiSHYEKlq9cUYDa9oZb,Lynda,65,785572
0PcU18DNfkn3pmbjy5yMFz,Genezio,68,129735
3igykO7sW43wfhSjvnETTo,Prototype,60,61037
2t0frJEIdex2PTwuLlGxDD,Carbonne,64,173251
78iJ2FMbYAFY3djO4PbWZi,La Mano 1.9,69,146038
6HCBnyTBSLdb3TFn2ayulY,Leto,69,1200183
5gqmbbfjcikQBzPB5Hv13I,Gazo,79,3319303
3YBJLs7RqR0aPGBgU27nDh,Werenoi,78,1590925
1AFQg3CpeciNbd120XZDmi,AMK,64,80057
2YRHC9O0GHvyHY38yFP434,Dadi,62,122216
3Cz37xnWAOtQEa5jfrTUbL,VEN1,65,140386
5xfBWklmIwTOoijr3nMgHB,Ramos.,58,23354
58wXmynHaAWI5hwlPZP3qL,Booba,73,3189851
7DUTsWY3RBd64vh8UtgtYA,Lacrim,72,2636436
6q87j1F6EtUxjlvkJNknFp,THEODORT,59,192568
20JMfmzDb5cjHxEoMXXMyY,Favé,67,729118
4IS4EyXNmiI2w5SRCjMtEF,Kendji Girac,65,2107610
5gs4Sm2WQUkcGeikMcVHbh,Hamza,74,1410967
6L8y2rKomt32RmT4wfwZS7,Jungeli,68,258758
7CW7QdOgRStOg7JktRuZ3E,Imen Es,64,1336354
2z2TRvloJt4EfUNQp9rHAi,Alonzo,69,2028121
2jFnPm8VeSO19i6B8blXB5,Abou Debeing,60,532094
5ZlyVrDhzKVvaZNj3b58fE,Lossa,63,24290
2rEVnwCPBeGkWMv425KoG1,AYLIVA,75,1814313
1qQLhymHXFPtP5U8KNKsm6,Apache 207,73,3101055
39KEQQAG9JhIt71g9NEVhh,Azet,71,1412260
1aS5tqEs9ci5P9KD9tZWa6,Bonez MC,77,2283442
6h1s4i4XKIYv4ErDelLDN0,Samra,69,1327562
1pOuPivcxEwA8lnpMYYVsO,SHABAB,64,183657
1yIifIA91WgmfzBcjbQB8i,Kurdo,65,880016
3qcaaPlAej44awNYKTTXCw,BERDO,16,698
07SFzTMeYf5P8Rd32a9Zzw,AK AUSSERKONTROLLE,65,1019453
3NZPZUWDcJngcu8MuBpT69,KARDO,63,86019
0PPCPsuv0iOAYKGR2SkFal,VOLO,58,45745
6GoNVmYCl0yUm4pEp80vn6,badchieff,62,71192
1ABhalCH6yn3eS3T46KmvF,bac,59,24052
4hK7sEnm0se5bqoI3Yb5o1,SANTOS,60,32315
4Yttlv9ndGjCDCVLqM7ACq,Sido,73,2469836
3F2BUPEkX9IDaRYAeJN0Gh,Amo,71,151767
1xlPEhjbFqhrDjaAvyvueX,Safraoui,61,31003
3ZuBEj9ppJe8GSdKaMTfMN,Nimo,72,1522756
0t84CBqmvihsUVFme33TLd,GReeeN,65,471344
5j21TGkrNEAJe3gG9VlS34,Shindy,66,856176
5pVRwX5ZQR7hfJ18w8ZYkl,Ufo361,75,1968574
3pjq2pDV9RR6VY55wBjVnp,Dardan,74,1211790
6x0pz3N2n51qG75kjMR4uV,Sicario,60,60813
1yBH6dqnD6xzSeCjXp9pKm,Roi 6/12,62,149449
3h3WR8UDyRk15U74xAXE7a,Arab,63,77284
6Zx32XYdrM9A2rIt6jKVmm,ASOK,57,2064
0cy6ZMOTeautXRNJsR6PiV,Ivan Greko,63,207685
6WzxopGY3sy97IeNFaDELc,Trannos,63,569644
5qDpS8QhKjNRZ6aRrcpY1Z,BeTaf Beats,62,24901
6wN4QyhoM6fN49kEB25rnl,SNIK,65,747686
6hyFvbMnKrLVujJZnovsWz,Marseaux,57,110687
2bucjueNUx2aVTUA7zj6w7,APON,60,54300
0ijA6WxysUZ8vZQL7JkUfx,Sanko,55,4681
1zeAbUJAbLOWeYpgRVnYmu,FLY LO,66,279096
7zYmrye7LvmpMkfHWrENu9,Mike G,58,36270
3KcZf8BFeFBtnGyOZmUggd,Mad Clip,61,798299
29Bl0nvClztM0dpgY2vvcc,Billy Sio,48,90490
48h12D3cJbqfn1ReVL9qbw,Strat,60,143111
6YYOTK6Qyv6PuFipPxCCoe,RACK,66,680329
7AWAljMatr7bxddF4kWzXG,TOQUEL,69,736761
7KcIok6StqYSedgtjmtsqP,Beyond,69,41876
4rtNK25TiSGNcibilGWcQK,DIFF,57,60650
1LxWE4LOhnqeaAx2tVUK6p,Saske,62,283170
39E15l8zeCDYpSZwFNX4G2,Eleni Foureira,58,413102
69EosSfMcqIxCMw7VeVPVC,LILA,58,151958
6OBgaDVTONTa4rkGpE7sVE,Sin Laurent,61,53543
5YquORfLTx6nWMlBzJstx7,Konstantinos Argiros,58,715652
1UdbiTrv73Dp7F0s3OHmn2,Light,67,985434
3qg78GGGWP04yTv0ZQMsXl,Anna Vissi,59,222622
3J7SI1JrZt43ZBlH24IqCK,Evangelia,52,36203
1pujt2kEecz5ystwtZxJ0w,Tr4cer,55,6133
2xbrr6hwAzNT0fi0nZ0yJz,Brief Talk,43,3221
4RTFt1VFxH6TYHIpVDCmpV,Onad,53,22106
2KUhRrZ8gyki8zG4HJFDjN,Joey Evans,43,686
5XABVWdxtyuupsE2YUGrma,Baghdad,53,24253
2oQftHHbzwW2lMNxh5W5iw,Ioannis,51,792
2ra3quFhImLyv0c9XTnWFl,Melisses,57,383417
2wn1GEkgU8x5i1fstfxog4,Franklin WWT,46,22899
6ITj5WewzBmhbCBS1jxY75,Rvchet,48,2784
5svarA8QyRUWetgH9ZouQq,Sadam,55,81397
1OJxI4NQfY6osMvhfRMMEX,Dof Twogee,69,60931
2SabhGDiBSyaM6QSuBUVqB,Noizy,68,704361
0vUcZVCNG7i5OV0zb8Icfw,Hawk,60,304722
1RqOmrtivmvKrfBO81j1ou,Kidd,60,191763
3jPN2U65cMPzvozEBue5zp,SIDARTA,61,338060
4j3tjX98PWp21sE1XWIBt8,Danae,44,1343
0WxSlQlue0fq99fXfGBmxA,Fy,56,508348
2FTua3TeIGnmQQrN80DinP,Anastasia,56,280109
4Rh80sXmcG4xDP1r6dTNiQ,Estevan Plazola,69,83609
6Sbl0NT50roqWvy746MfVf,Gabito Ballesteros,85,3928524
7hDt3OE2ubsKzO9rMYPXox,emmanuellcortess_,67,122796
5YqI7p8zYsOpKJtjxYdOce,Victor Mendivil,79,529277
3p8PwzenE7ktd4BVFuQzMD,La Receta,74,464866
5vV3bFXnN6D6N3Nj4xRvaV,Jin,86,8617728
4dqqy9z09htrVsRiJpoQmw,DESH,66,233169
0zmW213tzA7NFv6ESRso7N,Young Fly,62,65231
6EIriUxo7vznEgJtTDlXpq,Azahriah,65,529378
7JOS2dpikWR1qxVZfLbKju,Pogány Induló,60,178202
7MiVTMPyOXp6jr9H3mFHBb,HENN,51,13951
3RDALl5RyRDHPryF1uyWwG,T. Danny,58,375118
7nU1fhLUpYpzilqF5QkVdX,Fehér Krisztián,49,14812
35BhE5C6szF898n5WgUSgO,Burai,49,77438
5Zwlr28h134D0OzxzUfVCA,BSW,53,212473
2dmFGufs1lJpgKnb5NyPNS,ByeAlex és a Slepp,54,224715
2O9w0WQhGtr7oQWG6nUqh5,KKevin,57,192799
5ALUgNuS421MZrrrAhM9Bv,Bruno X Spacc,55,213016
0x57YRyWq4ke3e1Sd9E7SV,VZS,53,62577
0Qld3F5Dr62sYbuivSzEMw,Mario,50,87617
3PMRY3PR5xAe5UpRfPPuaG,Dzsúdló,57,153221
5Y82XghASZwxaZGe7tJVUJ,Moriones,51,24017
5hBCfYFEDK8otrksMYuzoL,Parno Graszt,50,34313
1O4dvMoyQSIClCii6DSai8,Manuel,56,327008
3T7cPgj4vAIoSdypl7cNH8,Tomi,39,15032
0EQbKeNi7GXjfN2LndmReh,VALMAR,51,303357
7veanrmdYNXRdmVxbsjSNh,Lord Panamo,43,106
13Et80WfHLQ1cBn2YTQ7Zd,ANUBII$,51,4273
5x9gQC3VztdH5mQO5EEi9y,Beton.Hofi,57,93675
4imSxhDqtkiuKUamV1AL2l,DÁNIELFY,45,7786
6MBiPjSFsYijvVDtKDwVs4,Herra Hnetusmjör,45,28193
0OCQtSY66ZM9xUUsuvjDXw,ICEGUYS,43,12319
4jfe3cL8wzjPxD9CViP2dW,Aron Can,45,21472
1tNJibl39hvCIVSnGaiwx5,Hafdís Huld,50,7382
7FRQP6Ivwv3DQCLxpR3I6Z,Birnir,43,10189
5fxRKBJNkss9n22ePnifL6,Izleifur,41,2299
734Ea35ORu5chErtoqMMtU,Daniil,43,8327
5h3hKwGlSCOjBjsMhMCWma,HubbaBubba,38,898
6100Rwk1ypJpElhvxSKju4,Þórunn Antonía,30,415
3hvKmeo12OU7ai8Mpgraf7,Floni,42,8640
5A5hVxY3BogJUch1IUcuw7,ClubDub,36,6367
6opz1Ax3VqCmeQBGax1erx,BRÍET,43,22384
7rjcERw1K9oR9vtik3YSJN,Luigi,38,2285
4ynaUZA4BVF6d2XaNuflVz,Ingi Bauer,33,2794
6TBRY5HueSwE3yVgBIHcy2,PATR!K,36,8726
4gdMJYnopf2nEUcanAwstx,Anuv Jain,77,4659177
05etL4pzWd6TSv1x5WrlG3,Faheem Abdullah,66,121371
22UtphG4LcwxlhhV0aP4js,Rauhan Malik,66,52430
6MPuzz9hPrs4TwxeHh4cEj,Amir Ameer,66,28243
1SyKki7JI1AZNKwgNMkn25,Sachet-Parampara,72,1789885
1E6arsXf5Fgsnv9YpSzjpE,Parampara Tandon,73,1570570
3GBSge8pq7mpezUQl0GAOA,Kausar Munir,74,178939
1mBydYMVBECdDmMfE2sEUO,Sachin-Jigar,83,3889503
4ojkMVHjuDZgDXSJy5qs2h,Madhubanti Bagchi,68,64817
0NErdIJtuKBjtxKmlqaWdj,Divya Kumar,74,602519
2fMqTqiTxUDlmcOEPaQSsx,Amitabh Bhattacharya,82,1598283
7uIbLdzzSEqnX0Pkrb56cR,Yo Yo Honey Singh,80,22224784
19LIHDDSHBD5NyYHI3gpzB,Shilpa Rao,78,2546502
4zCH9qm4R2DADamUHMCa6O,Anirudh Ravichander,86,34691178
4GISoVSxo2LkF5EyorXs9W,Ramajogayya Sastry,71,74866
3PpjqSKBer3obW6lDflOBx,Ram Sampath,67,583560
4YRxDV8wJFPHPTeXepOstw,Arijit Singh,91,130083899
7vCsTTACb2iT4fvBMnwp5w,Prashant Pandey,66,35139
5VVN3xZw1i2qihfITZlvCZ,G. V. Prakash,78,12749610
1QvyquqkuuwUzdszyoKIy4,Haricharan,73,3441295
1rdQOMFFtoskDXXUVjiGo9,Shweta Mohan,73,1972615
3o7GGc9KjbLzTCwOq9WL55,Karthik Netha,63,4314
1T7MiVJ2MJlR5GKi11w4VT,Pawan Singh,75,1264228
1eQsrFTW5NHQs1X7B0mImu,Simran Choudhary,65,63334
2rN8LHqK4TBI7y3d9POvJb,Dhanda Nyoliwala,72,533303
0qS0rxCY4YfrUx9GCTlDIW,Malaysia Vasudevan,68,1557515
4PY2xnTu90K0hvkgcljRJl,Deepthi Suresh,66,38527
3UVLcqHc3pOMsWiZv2MeIZ,Yugendran Vasudevan,63,5952
09UmIX92EUH9hAK4bxvHx6,Mithoon,75,9663748
2FKWNmZWDBZR4dE5KX4plR,Diljit Dosanjh,82,26313327
6DARBhWbfcS9E4yJzcliqQ,Karan Aujla,82,14238190
3nqS8jzqmsPKFJTp0BOIel,Ikky,73,417513
4f7KfxeHq9BiylGmyXepGt,Tanishk Bagchi,79,4610227
1wRPtKGflJrBx9BmLsSwlU,Pritam,90,42165825
3tHD07u1ON4uHxmnT9rwqZ,Neeraj Shridhar,72,2381010
1gegc3MqXY9tE3SL0PyLKr,Dhrruv Yogi,63,261
5sifufajls8Q6k04Y4F8mH,Sameer Anjaan,69,72331
5GnnSrwNCGyfAU4zuIytiS,Mohit Chauhan,77,10783360
5wJ1H6ud777odtZl5gG507,Vishal Mishra,78,5977543
6SWmwFBXIsxhIx5XPkYo0a,Josh Brar,62,18060
0y59o4v8uw5crbN9M3JiL1,Badshah,78,27496907
183DgO92lAqgpVVNKI7ZKF,Raj Ranjodh,65,288362
3ozYqVCLohfpXIhalkhM8D,Aditya Rikhari,69,523622
0T1CMVkqffHlqEk4BcAph1,Tulsi Kumar,76,10687241
5TNSXFCNwlq2CfiMcNOCDP,Lijo George-Dj Chetas,67,53618
5o36rLQd78Zh8CaT8rn59d,Shreyas Puranik,64,69475
6k6TIai4KyKG1DeIMftSmJ,Siddharth - Garima,66,26406
3iGhlvzpXc0UHBQ7klAItX,Mitraz,69,646524
2DFCHTDIA0t638a4mm37dK,Raj Shekhar,67,108706
5Z8nzSJRSo4HRcUOzemnC1,Juss,66,191705
05dG9pMLRWenxzvSmefE6U,MixSingh,68,247840
6WOdPJmexxFINcKMkP2jMG,Sachet Tandon,75,5298614
6q29t5RuXxlBuqIZsOMQss,Priya Saraiya,69,143809
2cjQTf2J5yCaNY8qHpW855,AUR,68,1233407
4gzrZDyL5gYiROkv27pYKx,Varun Jain,69,234794
5r3wPya2PpeTTsXsGhQU8O,Shubh,77,5397714
2oSONSC9zQ4UonDKnLqksx,Atif Aslam,81,29605290
3qpyErDI4i90q5EGgSRmNK,Raghav Chaitanya,67,179685
7xcbCUOXrxDyWxbYxPq60B,Indraneel,62,480
1bTROl5p3rGTpvKeWnGgrw,Sohail Sen,66,1147184
2o4R2rK7FetH40HTv0SUWl,Monali Thakur,67,1090117
682M6cmwGHOyAB1ZmPv38W,Gurnazar,64,333088
5aWkTGq5O45ES0fDFmN1Wv,Chet Singh,61,67101
2UWTNi6LLK5lXNGzFWzIqT,Aparshakti Khurana,62,85108
6jvvFfe34NYXjWZMz7rExP,Savi Kahlon,65,140452
4xNgNFUMUuGCoy7IX74Y60,Mohammad Faiz,64,336149
5gZhfbckaWo89OzDSk3gdT,Jaani,76,647280
0m3D4grap8VFSzbJMqgNVk,Kumaar,74,463748
0oOet2f43PA68X5RxKobEy,Shreya Ghoshal,85,27387777
6k6dimE4a6OFnD0HWmkIUW,Tochi Raina,65,196739
5jJrJU7VVmxQQLcLAmmxXc,Sai Abhyankkar,64,157147
139FRgoVcJ82jogPttiWcc,Sai Smriti,61,20354
6LEG9Ld1aLImEFEVHdWNSB,AP Dhillon,76,6078791
74OaRjmyh0XyRZsQQQ5l7c,Jasleen Royal,72,2556089
3NHwwyb1coYa5cLyI72xSk,Dulquer Salmaan,63,535287
2GoeZ0qOTt6kjsWW4eA6LS,Darshan Raval,77,23632841
00sCATpEvwH48ays7PlQFU,Jonita Gandhi,72,1372188
3dN9MQpjIyNxyeRfz4EDZe,Rochak Kohli,73,1172145
3nLLr3ShsQC2Hdrwjl14ie,Gurpreet Saini,63,12115
47z98pKd71yIbgXwe9LPVC,Bernadya,82,2811836
0f6TyESD8E1mD2oLJ4TGv1,For Revenge,74,1258111
5Plk4JdCzMxhAHSRTEsxJp,Ernie Zakri,67,211214
1lg1jqQMMJQQFFMnkxn0zV,Ade Govinda,67,37546
7Gy1PxqrgsiqWF6JNYPHeB,.Feast,71,852152
6X28gNASnalAWseUA8uI4X,Adrian Khalif,68,94563
3tMTXQyRrPmMyHv5SoC0TV,Juicy Luicy,80,1663758
1v1khTmozNfxB2ET1Ep288,Last Child,75,9896854
16B3ICSQCPu4C6L5TEHXQe,Rio Clappy,65,110564
6Sv2jkzH9sWQjwghW5ArMG,Lyodra,75,5701654
6YPfs6tdZXvnlzgZNU3SYT,Dudy Oris,67,147779
53tuXn4uXfDqZYhAFMxZdt,Nyoman Paul,67,105697
3wOsYKZM0zcKNasi3I7fP4,Mahalini,76,14836626
327ipGIr9bD3MkLb2eucqC,Suara Kayu,64,251119
66NmU5epI0ONGmdCRbLpmW,Feby Putri,71,3734279
1JvbNeV9zG9Sew1JyaWsyx,Anggi Marito,65,1274637
20zafXaLhm5IcXnSU93rNn,Nadin Amizah,74,6794175
1WX2v0BiEW19Vw7xmznLdZ,Vierra,71,1631865
06QVnTCdjs4jPKO0487EGV,Fiersa Besari,70,5286546
51kyrUsAVqUBcoDEMFkX12,Hindia,77,4648433
1NjxFrpEGZTV2Ny0OJxeWu,Sal Priadi,70,957777
0kw7tMniMnrp9Pcr7vgDAm,Stereo Wall,64,83988
6UgERnTHmjk3qXM9x5vzyO,Nadhif Basalamah,65,1165518
4sEWznAKWWNcicTuLxzb6d,Nidji,69,1828584
1ZT1OfVAO3kpOEHVejBxV8,Meiska,65,474439
2iDVt6mFbtbDEZG5ax0dTi,Tulus,76,16770625
5vTG3EyFrsARtIGDWZNRzu,Hal,66,454823
4bAgr9zaF0bpzVGHdHuf0f,Virgoun,70,11344075
611ajYp7fMbkU5CYF08tje,Audy,64,422541
6O74knDqdv3XaWtkII7Xjp,Boyz II Men,71,3263205
2dyCbip3jAVmQNAs7Sg8Y9,Vionita,61,169049
4AhHkaGz7W2bKKJK90IaV2,Batas Senja,64,314776
3DHOtJqv0Bw65ENlK4FiSF,Yovie & Nuno,71,1885523
4IWBUUAFIplrNtaOHcJPRM,James Arthur,82,19119292
1zNqDE7qDGCsyzJwohVaoX,Anne-Marie,79,12148795
0kPb52ySN2k9P6wEZPTUzm,Tiara Andini,74,8235820
6RoZip1Hn7ahR6MjzBKKLK,Mawar de Jongh,63,843077
5L1lO4eRHmJ7a0Q6csE5cT,LISA,82,9780366
7Ln5yumFjHCkeZ8bAzHUcp,Yovie Widianto,68,380810
4ubEZ6sMsrrbQChueyouCC,Hivi!,72,2237926
39B7ChWwrWDs7zXlsu3MoP,Sonny Fodera,71,228769
7zAAwgV5Wqmvpb4GzvlRkP,Jazzy,71,84320
0Cs47vvRsPgEfliBU9KDiB,D.O.D,71,94747
4qU7IJSReZnsLy5907Mtau,Richy Mitch & The Coal Miners,74,241085
5Ea0d3mUECVaMf8h2DTehE,Static,55,74420
1Wq2STGiL7ZaIHAm5jMakc,ששון איפרם שאולוב,58,90075
2LUB7PhWK2j2obgSTeD3GN,Osher Cohen,61,344698
7lwdlhwSxbB36wqnOwo5Kd,סטילה,56,51320
2ygecp3YQJwBHL7LNzDgwe,Ness,55,38727
1IAEef07H0fd9aA8aUHUlL,Omer Adam,69,1215307
1wak0ZG1LUrZPYx8RDTQoD,Noa Kirel,55,523320
28jEBK1RysfSUBHFofFflA,אודיה,61,235171
3cDi1D2FHMVgljfdB1QVgr,Jasmin Moallem,55,123907
7o5IkQicos4SrXeny1LOZr,שירז אברהם,48,11948
2YHuWGXNWLmpBTKo1rQ3me,E-Z,50,76021
0pv7p5CElqhjhzyPD4eXpe,ליעד מאיר,47,51774
24HI9hevLjIQtj7xp2CeHs,Peer Tasi,59,299057
36TG4OFhKuCHnTFCa6BEh7,מ',49,16998
0WfHRTAUTncteWfXm917EG,ילד.,44,6270
6VdxGMRiiFQhI8F0FkuQZg,Itay Levi,56,505302
01r7peBt7lJhz42nE04rpM,ShrekDiMC,50,26985
6uQl3gu1AIXyvqCAxnc2q4,Eden Hason,59,735045
7MKSeamhiRpa0xiS4FHGSC,Kfir Tsafrir,42,19926
3umXlcgiDTcCRkvPVobeJc,Hatikva 6,48,204271
17pbOSPIn3lmY0vHhOlKGL,Tuna,57,377524
1CD5WWtF6AFUq6BTY20I4k,Full Trunk,49,91738
6ltKIf1bortd0DQbpgKdQu,Jimbo J,46,41272
78u2puZeKJRYIfNHkx2Jdh,Hadag Nahash,47,174484
0T0COcAFHD9oZ704HbZr2A,Shai Tsabari,40,37034
2JQK9mzxqKz16lSgICHDTx,Ravid Plotnik,57,339196
72UMGUwvrkXSesefytfLWy,Danny Robas,40,56747
2PEMswqQspTSsAltdeF5kO,Simba La Rue,75,801536
2iRUfXetAwNoxIN42BQ5hq,FT Kings,71,21839
0hk4xVujcyOr6USD95wcWb,Sick Luke,66,274500
25u1DN0MwQVSav4XoJS7hl,Olly,74,112975
1A6HBLulvBFzNtlMb7b08f,Angelina Mango,67,479984
4rj3KWaLAnuxgtMMkypZhf,JVLI,73,11846
7GacyaFUp0qkEJglERX9N7,Alfa,68,816252
396Jr76018oUMR6QBnqT8T,Cesare Cremonini,70,1234942
0lI3rF4hi4op6UxqlLHPzv,Achille Lauro,66,984436
3yGA8yyowtKVXgNIXguMfz,Lele Blade,66,389080
27LlKWxS3KXW7RRAxN5S8s,Geolier,80,2717750
58bdmuoVnCLzq3gqATaLLB,Dele,63,900
2jnjbAYKylrmBMCFZE0OCK,Poison Beatz,68,17177
7K80yOTC0Id95gRaOxDG5u,ANNA,76,1194555
4w9mPW732RnZkoqsy3lRsg,Niky Savage,67,325749
0jdNdfi4vAuVi7a6cPDFBM,Lazza,78,2361534
0EUR8jz8L936AEbV2Spkca,Kid Yugi,77,459793
7cdIY4mDfM1dbjgl7s2fGR,Sal Da Vinci,61,85754
6RdcIWVKYYzNzjQRd3oyHS,Pinguini Tattici Nucleari,72,1990992
76UCIJTB0jcJvBaL0CdIqx,Takagi & Ketra,68,522557
3wDn3kW2zDRLnaQAnX0S3x,Dat Boi Dee,68,41265
2pzFTbri7ew8mW2CbYpCNq,Astro,67,68860
35V1WomiedCJeGfupcPm7s,Tananai,69,526859
2K5nCggbhSZ00YCYP5qkZS,Shiva,76,2381664
3egWSWp7Y4FyCKIyvXbw7L,Ghali,71,3221509
7GgpsUpkj3olseoaTY7TEY,Elodie,66,901427
11TplWqOPQBTmg2eiSLt1m,Tiziano Ferro,66,2140539
1rWg0CyGoCsRYYtpj5NC5P,Sillyelly,57,16148
5Otk4eRecMMbC5YR4Iliou,Le-one,60,33057
0ozb4x3nqp8fRb2WRgNKEn,Christian Liguori,58,6557
55hqNIuyJgDQhJrW5NSfVk,Babywyne,53,654
1AgAVqo74e2q4FVvg0xpT7,Tedua,75,1866011
0EqkKYDK9EkKY5N7zU3FPv,Annalisa,68,1697726
6CKch2otN4SPznHf9ms5JF,Tony Effe,72,883730
3AVx3OBPIk4pJQllAXoVs1,Gaia,59,262391
5f7VJjfbwm532GiveGC0ZK,Lil Baby,87,19105568
2E6AK3UPEGCvjnzuygCh2h,Night Skinny,74,262217
6PsQc21YZU7WNfiODG69Qk,Tony Boy,75,325154
5SulO4l40qDuV9zUGLZx7n,Capo Plaza,76,3927942
3LvwPiJQJ0da0GurKMToV0,Baby Gang,75,2083855
1UjxAZqzphB1tsMb1aWBj0,Omega,65,247399
1eBPcZCSWh1EAv0aOXusye,Higashi,65,8806
2aiM1OfMODFLUXaQgEVPK1,Roberto Ferrante,64,10127
2R4kNOwHUUsuDYhKsESVbF,Artie 5ive,73,513138
6frLp49xcNeQN6QYYrbSw7,Glocky,64,35297
3hN3iJMbbBmqBSAMx5veDa,Ultimo,71,3662699
3XTUciJcdix4GkO9YoBdtP,Holden,56,160161
2IUzp4XydH7CtjqGwW2XiU,mew,53,26220
23TFHmajVfBtlRx5MXqgoz,Sfera Ebbasta,78,6646424
06nvjg4wBANK6DCHjqtPNd,Mahmood,65,1504476
0gzwXezN4IUHAwLufA6YcX,Emma,65,1006578
5FEh6KHK99CyLXp3qFvZFM,CoCo,62,214021
2GyLz0gcl3zDPPql47YWEy,Geeno,51,3554
3AJSAtfY4qkm7DfGdCK9ne,D-Ross,0,8
4MR6tQyIrWK82b56cYPBDv,Ornella Vanoni,60,222912
7CRwZOgk6IQ8Y6ABhwrpDN,Jack Sani,59,1170
08ppjXEpROUgrG1X0DEquB,Nerissima Serpe,69,138355
0vAALEhfbmllIOX1t7k5KU,Papa V,69,157310
4QvgGvpgzgyUOo8Yp8LDm9,Mrs. GREEN APPLE,81,4600321
2VcWFvgGxVdma52qB5DSDw,AKASAKI,66,131985
0pWR7TsFhvSCnbmHDjWgrE,Creepy Nuts,77,1519777
0IwZVmMMGE7nNXS7vN9SIo,MISAMO,69,913508
6YVMFz59CuY7ngCxTxjpxE,aespa,83,7211339
5Vo1hnCRmCM6M4thZCInCj,OFFICIAL HIGE DANDISM,73,6829510
6rs1KAoQnFalSqSU4LTh8g,back number,78,5054054
3qQKrWwcqJlE4OS4e1ox7x,Kocchi no Kento,65,106661
71UIOLnsacxQHlU55TvfiH,Da-iCE,66,608213
71hQB5jxdNiHk5gzZRhicQ,Sonoko Inoue,59,211519
63ylN6WBUUxxMsySiDmr0B,Omoinotake,61,197209
2IUl3m1H1EQ7QfNbNWvgru,Vaundy,74,2831140
6wxfx1yhyqjCPYwwxJktR2,King Gnu,72,3669795
0ixzjrK1wkN2zWBXt3VW3W,Yuuri,71,2800325
1Y5vJqABeI6QI6R95EDV6o,tuki.,65,295018
4XFkDALFTsSHVnRtJSsaMN,Number_i,71,257339
4SpbR6yFEvexJuaBpgAU5p,LE SSERAFIM,80,6151860
6sX1XKgDIiAcVZof0SgWUe,Koresawa,63,384717
64tJ2EAv1R6UaZqc4iOCyj,YOASOBI,77,8544383
36cgvBn0aadzOijnjjwqMN,ILLIT,77,1818848
0LOK81e9H5lr61HlGGHqwA,XG,74,1850647
4UK2Lzi6fBfUi9rpDt6cik,ヨルシカ,73,2834639
7AUc6z9aVJftqLkiWdQ1ew,GEMN,59,32163
3KJigfhLjMfuE2HXsgXbln,中島健人,60,15874
7mvhRvEAHiCTQHUnH7fgnv,Tatsuya Kitani,69,513222
1snhtMLeb2DYoMOcVbb8iB,Kenshi Yonezu,75,6389500
38WbKH6oKAZskBhqDFA8Uj,ZUTOMAYO,69,1967667
72owWXEwmyfKq3ajrajPAN,Mega Shinnosuke,56,71701
6mEQK9m2krja6X1cfsAjfl,Ado,76,5246357
5TZ0uM0InXX4LtI8hTsXlv,Bakr,58,1257090
6e7rMLAtwn5YRapc2iHAlG,Duman,43,48816
3JLa8aXwsmX727vtb4bPUi,Asik,50,165169
1e9PC6DAoGYlg0r6Q1VWcI,IL'HAN,49,53750
2RntBZZLAjvQxQhOKHHhX9,Darkhan Juzz,45,180547
7Ln80lUS6He07XvHI8qqHH,Arctic Monkeys,88,27616268
09cKncAQn28NqTUORLMwSR,Ariis,75,205442
1nQdZyarkEApwhC24Ftdpk,Ulukmanapo,56,320243
47UTUDCdtoo8P4YQAq9uFr,Sadraddin,53,610930
7aNi4lXLvcdKjZGIVbzdmu,Қанат Ерлан,38,4451
4CMquFsyU5t2qKaveFHv3B,Kazybek Kuraiysh,48,136972
0Qy71aidwpN3kMH1fG8cJt,akimmmich,47,72135
5Srmck3vhC1RB1hAhqUk3W,Turar,37,12508
6Z6djJ1zi15vWmODy2Qt08,Nuricko,49,160456
6XlJ3b8DflSGBQmAOd38aj,Bonapart,47,51119
3wQNcarvRuzhz2Fg1pVDxZ,DJ ANXVAR,68,35626
1nzIoHG5B7klgAPdwjqRDj,MC LONE,68,6728
7ANOnrs1reQqbI9CGpQCQy,BALLER,43,63357
6cT1f8NElnobV4XpJc6lWQ,Patron Hanzo,37,310
250b0Wlc5Vk0CoUsaCY84M,JENNIE,82,7937621
1pBLC0qVRTB5zVMuteQ9jJ,Lily-Rose Depp,77,239761
1bYE7N4miu1B9YOETbsxc4,Moldanazar,43,164347
5u6VEc0OwUChkBhYfAcSWS,LUCAVEROS,48,178139
4GQp7nMuGPcy2EgiWV2GoK,6ELLUCCI,40,24598
57vWImR43h4CaDao012Ofp,Steve Lacy,83,5370806
1x6BAYMOuypMaYEDC7cqU7,ARO,39,54952
4ePAwakFZQ4jXFvuZQAQLC,Gianluca Gallo,35,24936
6jAmGa0ssb0T7yCsDCvMvk,Fiņķis,37,3858
7shMk1uQMXeODDEGmbC8IL,Patrisha,34,3739
7Buj3BepqTe1ACFEa8x93l,Deniss,36,3620
5IxWv5qXFhkzRt91O4i6gU,Sudrabu Sirds,45,6675
3X4o7qy1ci4qtCVg2AtuXb,Singapūras Satīns,44,32010
7u9HzYQPhBC92mdvpzGqu8,Wiesulis,47,9722
6eG66XVFe7u2IX3NOmEX9R,sangvn,45,876
4qvH4YJ2ESxPSJ2sLMHxM5,OLAS,39,18537
2cPtOqq7n3pjJF1XGiKM4I,Esmeralda,32,578
3SxmEaVKj3dXh5HsMzOQ8g,heywhosthatkid,32,224
2kCcBybjl3SAtIcwdWpUe3,Lil Peep,86,13535146
15UsOTVnJzReFVN1VCnxy4,XXXTENTACION,89,47801325
5p9HO3XC5P3BLxJs5Mtrhm,Djo,76,1641295
4Oa84NTjAiJwpRMRMnMqlY,A-Europa,28,1643
7i2U71XuLFajkGpxuJWFDG,Adomas Vyšniauskas,45,3927
0CinAWYkte8opxVAPI3nMu,Jessica Shy,53,90452
3jfKIjYYnAfdUW40Uragnd,Free Finga,49,27116
17IHT4KW6k85SHKiSAssQt,Rokas,35,4959
2YLwIrzSnsbpBMKWzwu6JD,Monika LIU,41,25608
6fuceMe1tElXcrzMaSjdcy,GJan,44,51577
45gxkYJJ7Od6URk57yexCs,Rokas Yan,45,13123
7o4wZjVHHWe4gw4oenPmcK,Evgenya Redko,43,14474
53xjuOkCa7byXggNs2VZOw,Furytto,47,24164
1vbYzdfRH2UJ72vbFKGZlm,Milana,30,225
6jx9UX4W6wVbifcN8U246U,Jovani,50,44182
1S8GUDg4ojjbFAS2QAb6m2,Ledi Ais,31,454
7AczdBjiNUjo4pxVVucvw1,Vaidas Baumila,41,33055
7HOmuShc6sajk74rYV7zR2,The Adventures Of Stevie V,67,10238
314gEtVHpWMBWfExBpeBwz,Norbertas,36,1561
0Y2zzjMum7MSOCvI0GNbv5,OG Version,50,68247
56OLtN2Eqc3fMT40ehCj5d,Justinas Jarutis,43,52014
3r5dCyf2TGWQreILEV6hCk,BIANCO VELEZ,44,12554
4I3K5jXaeMhm3n5x8hsPWH,DIMA & LALO,44,12249
5YGY8feqx7naU7z4HrwZM6,Miley Cyrus,84,25138270
3uSnvyMAFJTm7XkZJFo0xP,Insomniacks,60,372612
1SIocsqdEefUTE6XKGUiVS,BABYMONSTER,79,3050187
4fVYwG8RsbJsREFFniszhf,Noh Salleh,56,129802
0zo8fkOQyrawuBfIhy99jb,Hyper Act,55,212698
3c0gDdb9lhnHGFtP4prQpn,KATSEYE,75,793988
7hr9W3IjXcm3UlLY7guLk5,Henry Moodie,68,669885
6FTLayBxjkQeanFdUusk1I,Fabio Asher,69,1426155
70NcAr4ZtA3FAqU16iQZSb,Dhruv,70,716555
2uYWxilOVlUdk4oV9DvwqK,Mitski,84,9394777
30b9WulBM8sFuBo17nNq9c,G-DRAGON,73,3002822
4TEK9tIkcoxib4GxT3O4ky,KISS OF LIFE,76,1573525
5fS7aONqrIhiw6YzgKVOsd,Judika,68,5814275
0NlNru2YcUz6RbnpYGQz26,Clave Especial,75,315608
4yjm4SvYqC5FFuLbB6TyHr,Bellakath,74,1465535
6BV37tKh6pY97mnNdTCzly,El Malilla,75,1148070
3S9Hg7sRKhmtWunFZ2yAYP,El Bogueto,77,841123
6swtbYCVvjJIjCb5MWaIT2,Andres Castillo,66,3374
4HUY0hELnxz4RC6VvJzRyc,La Dinastia,66,13675
74mXQ4kCTwvcY9FtSrNm9c,Riky Produce,66,386
7yCGrS6Xh3UngvY6Ad5sMJ,LEGADO 7,71,2157954
163DQlpiiNqxgn2m4WsD3e,Kane Rodriguez,66,36096
0T8Ix53aIN4F7aEKj4EnKy,Jasiel Nuñez,79,1013313
5bSfBBCxY8QAk4Pifveisz,La Arrolladora Banda El Limón De Rene Camacho,82,7673898
4BFLElxtBEdsdwGA1kHTsx,ElGrandeToto,74,3079661
7DBIKXxSh2BMPqSN7UB4rS,Madd,60,504207
5yviYTy79A8vuWF8iR6nPS,SKY,51,30022
471CLfthkGwHrnegKOcTbx,Lazaro,52,50599
0eLoiWLwWeaHGNkYke5G1k,Xcep,40,22702
4PgPJfNYhFaHAV5C5dFhYS,Smallx,48,459194
7vg7wkmGzMEM7p2ZkMPHJS,Figoshin,53,272629
5Et8bRmkENeaA7SPwj1OxL,Shobee,46,198891
7LC7LQ1f1CzaRLobFcblZN,Snor,50,939049
0rqQfmTWtmxzlrNmnruQXS,Khali,56,81801
5CtPAGoxpJ4yLJLx6CSrO8,Zamdane,61,199054
76wDwepIombkHCdm0kas1h,Tawsen,55,103750
2XgBaGUId4RuYzvXYEKikZ,Ayoub Anbaoui,51,155528
2g8Pu5gVtDpkYGsP3RLepJ,Draganov,58,1076007
2QtIVRuCdO2a4RWyoF4ayb,Bilel Tacchini,55,344020
5k63RPpkbbyVuufLXS2GTe,Delarue,54,112885
3kd62SrugthLOzen7XmzG6,Douaa Lahyaoui,50,62101
1H0D7p5aN8tGG8DPLt0Nbv,Lbenj,52,794219
3IRAzpoLeNDGv7kqwNK3bp,7-Toun,54,616151
0bmKQDkU4J3gUykZS8tb6v,LFERDA,57,1125770
25eYSizNX4BK5ZtqAq8pE8,Nouamane Belaiachi,47,358113
6g4L5CJkiMINgAzUQsb7fr,Hassa1,49,71429
3Fi4gBbVvIHrqEG9TGwRTC,Flack,44,17857
6L7RfKlbIHQPxKbLizN9ts,Ali S,47,29861
4vyibjuGePnrB7BzbHkA6u,L'morphine,57,521654
1wAtSe79kItIb9nf5EhI2Q,Niro,65,1237850
5Do9u0GoN4gFn6Nk8NGDhh,Stormy,60,931102
7douYKOyzk9ZRvGFu9UOnm,Mons,49,374707
7wGBPJk6sHwRCozFfhU09F,Yves Berendse,63,41347
3898xesz6JuQkpz7Kiu4uM,Emma Heesters,61,213851
010ZclHHy7BrTO5AQ0xGgn,Hekje31,59,22400
6uQiTAaIF0UBTED52UMcZp,JayKoppig,59,22082
5aR7M98Z0H5SzbGOIfkIQt,Dior,59,22048
0XlmgJDA7Zqoyyreep2YpT,J.FIZ,56,2805
2vzRN2N10AtxEHaxSIN1NR,Ksix,56,1834
79TBgzOALTo3GOcKl1Rn8k,Robert van Hemert,55,10218
6YznhKZUZFVr418x7OUi3z,Roxy Dekker,63,206658
2ylIKKdMukkuprCgY4ZDFE,Donnie,60,122746
5kukvi4C18gvtXbDS1eKjQ,Marco Schuitmaker,58,92275
7DOOGHZ6CXsF8bvNrnDE6W,Turfy Gang,57,28784
2rYWceJ64fH5hw2XkXR7ee,Russo,56,23188
6m1LYS5NQonxjOcQFPQOb5,Frenna,69,590193
7eBiPPZezCgV5rrO5x47qf,LUNA,55,9841
5GvMLzUp6tMBpaCbr903RN,Broederliefde,63,544412
30mNTnmvPn3HwXA5dW1Iza,Racoon,61,306236
70SvhGqakpocD7GxVYnnBC,Mensa,59,29752
0Kwf0zcciIFGLCKiqNcO6Q,SRNO,65,34325
0uBVyPbLZRDNEBiA4fZUlp,Froukje,60,108986
1zT9SWCzN45r7oVhy0VYLK,S10,58,81300
2YkP9pfIZ6hJKeuppuz8qT,Yade Lauren,61,139909
6zEaCvF0CqEHs7kFyBkLHi,Mula B,61,233782
31RYhg7Auitqp3eg9rTB9i,Milolaathetlukken,52,6589
5adKMaYrGOMyOfnbiLPuHg,Jonna Fraser,65,265792
7bTUZU8QavxiW0GtvEVP0M,Kleine John,54,49197
3Ptyea6E1lJgg6W64f0OQa,Yxng Le,54,22657
0MSYpagcvnSP2o91Ji2OCw,KM,59,31554
5sBoNBXFMzoZjgHLbQueeG,Antoon,61,215518
3AlRiyjMywTVNzTcHbf9QT,Lil Kleine,66,1100168
5yDkaiPTFbHGWCMXAEBt5Q,Kraantje Pappie,60,283505
5qeFPM2PZUCzcpkY4e4RC8,ADF Samski,58,63261
3IYUhFvPQItj6xySrBmZkd,Creedence Clearwater Revival,82,7142341
0L8ExT028jH3ddEcZwqJJ5,Red Hot Chili Peppers,84,21686127
7ohlPA8dRBtCf92zaZCaaB,Crowded House,72,902709
39T6qqI0jDtSWWioX8eGJz,The Doobie Brothers,71,2616340
4YLtscXsxbVgi031ovDDdh,Chris Stapleton,83,7784709
0UWZUmn7sybxMCqrw9tGa7,Juanes,77,5012510
1Kj6Km5IuLGKt2cxuhSgLm,Golfklubb,60,25913
7lKk7yXNockkDjhb1GCeOy,Dizzy,64,87086
23yPgzwt35lJyA3f8ayMfW,Philippe,55,731
7krakxeyEmge6pzTthKNyg,Bausa,53,20280
0elSJZFrHnayc7AUCkbWAl,Pasha,45,5292
4OL8M4X2h0li7ThNulTjmx,Problembarn,50,6807
7GgWpPrcNYH90st7I3nJtv,Ballinciaga,57,132562
6ca1Pm4bp04bPJF1dfhmqu,DJ MøMø,48,33639
0TW5M8RYADmgeCP1q523hf,Kjartan Lauritzen,47,29751
6Lu4e8FvAWcp1S5BVoDLjJ,Aiba,46,9093
0l2QmwUY1pWAjK8RcoXQ2v,Sleiken,51,2091
2bLUPXEzgA4BRIZCk2x1Pi,404,44,677
2QkG2LM1QO37UTojXXTCvB,Roc Mul,48,1936
09qHO1fFJ6iIeTuCjO7Bfa,Roc Boyz,61,67393
5N9d9BMxodykFktDttHERD,Ari Bajgora,52,11497
5tdUPxmXm8l09CGFHOyRSa,Kaja Gunnufsen,41,6433
7y4tvVGuB9WTDQwTj3ueu7,Kulturaften,43,1152
7wRXf1DelGyBsmOj5hnOum,DJ VLADI,45,1550
4JgV7rrIlfSvZYnlAwOblk,KNEKT,43,1503
3is2frns7nVQwNYdaJ5N2N,Ane Norum Kvistad,41,4177
3b7i9BNL3DBMl1fXy4kayt,BlimE!,47,2293
2veUQvo0k7rk3TI5l0EnIi,Metropolen,38,1511
3scNK8e4mqnP6Rb8a3lwZY,Maanu,60,125022
1nCZUpBIcyOxufOx0lPeIW,Annural Khalid,59,118531
1Bz46nDCMO1UOKp9GJjL92,Zeeshan Ali,50,45086
6gIqKYKRmltKfkTnxhMv8V,Hasan Raheem,61,562022
1n6pjRJkTY5v8RtUCAv5pi,Umair,71,371322
6QoCrBHsojKnOrsGNfRcTN,Talwiinder,66,525975
4wOKfu3A61gCA7lWEynNoe,Jevin Gill,52,7238
69xcFpmqTOmFNOL08Bxyci,Talha Anjum,72,2068986
5Us2dsq4VHlfLbKOrskg7K,Mxrci,70,112607
7GquqOIWZX7FNjsUYNjOKy,Ali & Shjr,45,3745
2URzIJH7QfPgMAEPErd0cC,Ali Raza,45,2862
485dW6YyuxW3kpnWmuFnnv,Shajjar Hussain,45,2172
1gcHKvKKZtEccnyXYlSvP5,Abdullah Maharvi,51,25837
0VAIiNSKG4DWkSaIy5qWz1,Prabh Singh,59,96810
47SaOSOqcrxSJNZUuqpLuu,Jay Trak,61,117930
54E3dYx7RpaGZaDVXJTWjr,Rooh Sandhu,60,11653
5DHi2MeoRgAwPE0A0qwRMl,Gurinder Gill,70,805541
0OS0NZnK7TGIAWx8MkWNFN,Intense,69,442325
7frYUe4C7A42uZqCzD34Y4,Sultaan,65,483700
5TvdGhdmRObqOkU6eGfXb5,Preston Pablo,61,44662
7hHDO4bJGlEaEHlY2lj1eZ,Bilal Saeed,63,2138941
4qjiRRFcM4WZ0aJ3IHdWPN,Avvy Sra,68,269493
5mWQT8CLTa4mAQAJdFjHb1,Abdul Hannan,61,510566
01pFDtbY3k5uOmy0Pbg93C,Rovalio,59,151362
3R1penrqtuKNTeWABjKT5N,Bir,55,99636
3SQVNBF31sOSgXeXzkGW9M,Dhanju,55,23740
54BjV0qctcWp8xOip7uaJD,thiarajxtt,68,218159
2Up4MLmBYIJV36ymeT44TF,Kinza Hashmi,49,287
2sWf9Tj6EsTxURcgil3NTG,Greg Kurstin,60,39594
1yMP2gzEFgUkib4khXN6hi,Taimour Baig,59,335340
7rEwKApsZMo8cXVxAndmvD,Raffey Anwar,56,83642
01PyusFVbXgoD5Kl1mR8CC,Young Stunners,60,1319667
3mGW1eoqwNtCxd8R3hIOM5,Talhah Yunus,64,959657
1qyXgLYCg0osV4glEYuQIv,Danny,60,103994
1uY9B9QroF5K8wPyeEO1QN,Sagar,68,14232
3atMq790wQ7IqjeSO0HFeP,Bayaan,55,242685
71DQO8pgnTwS3lNCq0cDcr,Valentino GRM,54,65633
5A0VwTrVvV03LMeBZYT99d,SMILE BEATS,52,15738
6oYwraA8pyfDH4Otny6ooZ,BARBEL,58,364705
6g6DtbtyBi3Ir0mxiDlouJ,Nerry Money,49,62807
4ebruhG8pei8qFQOfNxxLs,LH,45,24012
57GVeZvmrO7oCLm0Uacrjy,Robi Guid,45,64833
77ziqFxp5gaInVrF2lj4ht,Sech,81,12100514
39GGxIMwluX0usfj3E1IhJ,Lh Da Produzza,34,96
6GKbEjuVNKuuAKetDXA2Mi,Key-Key,64,46526
1i8SpTcr7yvPOmcqrbnVXY,Ozuna,87,37756026
4dlXeMiq59ilk4DUppR5rf,Elty,34,791
4YcotSTsnWhSSizEgJlH5k,Don Pablo Mures,35,843
3r0UTZrNnAhbXmmfF91TD2,El Yeyo PP,32,379
5H1nN1SzW0qNeUEZvuXjAj,Danny Ocean,79,5677546
0ghH5fsPlkf2XIALKJNSsb,JEYSON,50,80003
4I8dxVJ518Fc8xqfIilTeU,Josuan,38,5091
3k7FDxixhDQYNuxOtiN7jl,Lalo Y Los Descalzos,60,111854
1eIYP01ZLPKEExhcV6xFgt,Grelo,72,502110
2R21vXR83lH98kGeO99Y66,Anuel AA,89,39116282
3exLluFM1Apoq5gnsdagNj,Banda Tava'i Oficial,46,12289
3JgxYKorIJ2z5QIRSCsfMw,Jorge Acosta,53,7473
4VMYDCV2IEDYJArk749S6m,Daddy Yankee,88,35634422
21451j1KhjAiaYKflxBjr1,Zion & Lennox,78,7801997
329e4yvIujISKGKz1BZZbO,Farruko,84,16170240
3E6xrwgnVfYCrCs0ePERDz,Wisin,76,9311540
52iwsT98xCoGgiGntTiR7K,Quevedo,86,5354540
1WUEWZGTvX4AjC2y5PoSDd,La Única Tropical,67,600092
2fuu7gBnfDhgJNt1Yr4ERu,Pascal,52,8394
1chOgh5tgwfiyJ2zhUHwBj,Dionela,75,914825
3z0IVhtuFvt9VYUZGT98PU,Jay R,68,251785
6AvnL2gWjNYs1hRVJx4huK,Maki,72,890521
6rTxLeff3t3rivZ3rabRpw,Robledo Timido,64,37498
6zO1dZ40fTZ5hY9NnnRJSk,yung kai,69,193449
0WleeEe3UurwlNbDGhb5Yz,ALLMO$T,63,840571
3wbCeEPAW6po7J46netxMT,Up Dharma Down,68,1336710
7LvDTuFCBv08xm6u1pOMK0,TJ Monterde,73,3443470
1mcqfNCReSFxun2vIWvC28,KZ Tandingan,66,1263905
7uDdl5V5AETSFY7K3muu22,Arthur Nery,73,6116486
61nn6nOoLWjVC1ER2qFAvN,Cup of Joe,72,1405514
09Xydf4dlkr29dH99DmsvQ,Janine,65,562637
1hMAGfvamVXuSWBFQRFMeq,Over October,62,298890
5GVk1KCKa1tdHRev4bMw7V,NOBITA,63,1995242
1DlYnIiliftt6R21Y5NOW2,Adie,69,3423207
4qPhnQfRgdgcZEdXgENOnr,Janine Berdin,62,119458
2WzWSpOB41g3gb78Raj6RK,gins&melodies,64,354731
4zpGxqF6oI1h3f6Md2v42T,Hev Abi,76,3490259
3Y7RZ31TRPVadSFVy1o8os,H.E.R.,77,8012317
3AQRLZ9PuTAozP28Skbq8V,The Script,78,8328787
3C1ER0cuXc8dLtaI8RvLI6,Eliza Maturan,60,48378
3d0hhzHPK0jA5mKTeFIZc5,Realest Cram,66,689664
57yOAX6apIrclpBG736Uy2,CK YG,63,432374
0DpLoyGVbhOHNR3ht2oO9y,Calein,61,569422
2XHTklRsNMOOQT56Zm3WS4,Parokya Ni Edgar,70,3730910
7dFzqx2qyelGPiBKmdSEOT,Rob Deniel,65,863182
1EUmQM6xgUQLUkJVcvSdey,Orange & Lemons,66,2095083
24fEOzlKhgSNLIcy9NdmwH,James Reid,62,437901
4Rxn7Im3LGfyRkY2FlHhWi,Nick Jonas,67,10039954
0NIIxcxNHmOoyBx03SfTCD,Tinashe,74,2883916
0MIG6gMcQTSvFbKvUwK0id,Mata,71,2027559
6udTUV1aI2aPaTMAhLBtVz,Hilary Incognito,56,3989
4t5tP3pvrx50ONnbos94lz,FourNine,58,14416
7GsITNaWwtgl2FCpmNdxcH,p3,57,2906
6Lf4vAUaFUR2jAsybC7cGV,Roxie Węgiel,57,90590
2IHoZ3RrDJIikMRsYgHjhy,Kizo,67,1380006
4QYitR7yrCaf5CLQ09hX1m,Bletka,66,80502
0Wi2fADbhwXlPUWxBmzo99,Szpaku,71,873888
2MRSNbEPY2YKzkgDag5fzg,Leśny,57,2004
4K8wRpyAE3Cwq4q5Jpgpdh,SVM!R,61,47378
2Qk1uZpDnwDozHdxmB0dDx,Kleks,57,82360
56VhOZOF6hwqrbNYwkmcsH,Sobel,67,1235513
0TMvoNR0AIJV138mHY6jdE,sanah,70,2832337
2FtYzWBUVhZ2vfy8S207Zf,kuqe 2115,63,73797
6HdxibJzoNkDUUDHagx3Ko,francis,69,23679
2GzZAv52VCMdVli7QzkteT,Kaz Bałagane,70,307955
7BIHYaTeyOxOKV7EyHF0Z4,Oskar83,59,23370
5ic8bWWvZHWf0dDBi9ThNk,bambi,70,413689
4EBHix5Pj89l0ISzlIjaal,FUJU,55,686
1PFMCqDezh9wVkmmWZlv16,Def Jam World Tour,58,4649
19zuiWthJYU6FCqnV4mJYC,Kinny Zimmer,61,301763
4NJA8jbfxc4daVM2wi9ybd,Kaptur,56,5264
2dLhpezBEgAELn73fiMEak,Jonatan,67,34144
1T4HxOYolAEb5PadIVKdWZ,Gibbs,72,587606
0WDJa0qnagyOnMaiD26wht,Kubi Producent,68,259212
3cBLJizprytrMpuFbnRnaE,MODELKI,61,68978
75wMNgYkzacOI08FN7BaG0,Vłodarski,62,10759
3bS0MLzGAoO6lLUy7gguHY,Fukaj,62,181793
1fZAAHNWdSM5gqbi9o5iEA,Chivas,70,392724
0eWYWLizN5us1MOF1rdyh9,Livka,53,5853
34Atpk8kle8mndOUwKblhK,Lucassi,55,971
7FauNoLr3HWvWfsaBlFPhs,Wiktor Dyduła,54,21425
3gm9b6AeMf2eGQTLashkDt,Deemz,68,175054
1oxn6cQ37twQ7yGnlE3ETd,Oki,70,947939
3ClL18AtCAPwXVT6mUkBDN,Kaśka Sochacka,65,185800
1silJqJQfrrZNFvWWjAyhh,Tymek,63,851299
7Myky2n7ro7FEMaf0HyHtE,Urbanski,56,5953
5RwiBwEEW5dOXGUlEVA0LT,stickxr,53,34185
37Pprth5H294i7rSnIkVVV,charlie moncler,59,10521
0iBTVnJ1Sff92zCDujfvyJ,Young Leosia,68,521539
1efYxTvCNTpqYqfiEsxawq,Jacuś,56,112611
7uWyXPJ04ihdQdYGGw3xVV,Guzior,64,523677
16TsNPlesuA1R9kPLS6nta,Favst,65,64208
5qgkVkdZIIBHLdnrpa3w3s,PG$,60,70104
5k96hVqrpJoo0zmlVggVzv,Louis Villain,67,97039
3gQDpnU208VW54WF9EMsuw,Budda,51,44194
7li6R0hKFXu7496e0Yialv,730 Huncho,56,18755
1Kjs5u8GQf6zCFdTj6SI9E,Malik Montana,69,1226268
3bSbo5ZCbrTle7S2q8nqf8,Kazior,58,38297
66NiiFgb74HLBN1A5ylO5t,GENZIE,58,511665
0tdKRrbItnLj40yUFi23jx,Daria Zawiałow,64,613509
7v49oVVUhvIQG5EK0jkcF7,PRO8L3M,70,838941
2TRVhYMkHV4jwB92R3McaS,Sylwia Grzeszczak,60,518928
28WXX79U4jzq1kfjx5QXPy,Opał,59,111906
6EjCs0fSiq0HvAbCzIPeq1,4Money,60,8600
264Be2Waq137vybMlFYCnu,Theo Rose,55,256098
60KR2lVVoYd6GIcfLoUjPI,Dani Mocanu,61,666275
6yTJ8tQyoUxgf6aqbpsXhQ,Mgk666,58,503738
5BUJV1dbGNb61hYPK6rhtM,YNY Sebi,51,524515
2MiJmNQKPgwLZMr35cVqtq,Bogdan DLP,60,623883
1Iq14y98EVmnXUah4ldJnl,Babasha,59,194367
1QFgyLmmyAZTPn707dbQT7,Ministerul Manelelor,60,13940
5d3bc9MSib3NPeIDxYIIWD,Iuly Neamtu,56,385385
4FxpvNihN7UbesJZrAE9tR,Manele Mentolate,59,90773
6nyKhzPeKV9pzpYN0malXP,IDK,52,228701
3E7XNzGG6qqnjwV9nOCxQM,candyboii,48,16309
6ocuMBOl5OFS3AViv3DnG6,RAVA,61,499418
17JCMZusNXS0iOLaForWrm,Gya,52,48778
66Q5nZGMgEDpcjm6Q1ZC64,Denis Ramniceanu,50,17463
049DlsIPXRROSgnc8mJeWd,Johny Romano,45,10292
7uERYbuFqxJTqQlQr52lZr,Sami G,55,35225
2218dGWsepdbDbWnzJzYNB,Claudia Puican,42,17620
5tXxrzPQRZ7UK2cAQNSQW2,andrei,45,12681
5ChWT8CfHjk2PnRG70ZgWV,DZWS,49,62270
0CubchptrDNV9ei0oA5u3k,BEN,38,1364
5h0wBmd25qPcGSInl3dp66,Tzanca Uraganu,61,1345359
16h499dib06k5oaxjbAVtW,Sheik,47,3154
2S3C9sCcaSXmGzH4dVoiHF,Karmen,42,8308
1fYKCWegShlSGe4yATnpdp,NOUA UNSPE,50,46289
040gmk9Wd9sKXx199imiSM,M.G.L.,55,197463
5ZBJ4rLeQx0IEN3ut3O1fC,Erika Isac,47,57628
0P8GOB6ZytMhZX8fd1OUsz,Alex Botea,53,194988
0yjc2FN5zju7xyuJsTfGkh,Petre Stefan,51,234248
5dJZz1wDTaRM9UBo1AODI2,Dhali,39,8781
6dKPNkSEQOrRRvZz63Y47F,Oscar,58,344584
2DVHeB86M05t7mBTvvsEVF,Nutu,45,53044
3zdzuFF7IkJWWKLsIwAlzf,Bee Remix,45,5093
7CLlOKuKAmd7uuSDeyLN0M,umiy,35,8123
6nJJCgVQZCwUDgKsIwWNjM,Hassan El Rassam,43,1262
3LTg1uDlzgeNpapZviVVAF,Nasrat Al Bader,47,17134
6U4hHMBYGDF1f98bGjxC8U,Ayed,54,618042
748f0zL5X2KNapx8K93SUq,Saif Amer,46,470106
059BiSwXatlPKBSOWG6gIV,Kstr,38,4419
44eguFvAUWt2jsI2ZYWDYj,Qaed Helmy,40,8594
74KWopgkBxKlwFCAa6UawR,74 Original Suppa,44,8501
2yLjdrrnFBawKrwLrNLyi7,DEE PRODUCTION,41,6004
6DPTJXd1omQ1oTiR1Vy9CZ,Sabah Mahmod,41,7895
5cLIxAVjEMmvPOZviDlhO4,Aws Al Saber,36,2415
4PQeohrT8GInzKC3wJFGLa,Tayseer Al Safeer,36,46981
2vPnS0IpayC2RVFuQA08R4,2KE,73,216540
4jM6R2LK78dVTqHVUoA4li,808iuli,70,38503
1Sdc6ySbIvzO0X9vbyHzWm,Ogryzek,75,220746
3j2RV0vrjqFRwKVrV2aWr7,Astknan Maghribi,41,3413
7ITMCzIU9uII8gwRg8JAhc,Odetari,80,3680586
4Ga1P7PMIsmqEZqhYZQgDo,Lil Tecca,83,8160362
3pc0bOVB5whxmD50W79wwO,keshi,78,3818227
3Y7gOnKYWfQlEdgXag0Z6W,Regina Song,60,81000
6fOqdhRNsMQqtwRwgo3NUv,Firdhaus,64,93285
0czbvTRVGHfCdRsJLxbBGQ,DIOR 大穎,58,27579
6RHTUrRF63xao58xh9FXYJ,IVE,74,4838201
1Cs0zKBU1kc0i8ypK3B9ai,David Guetta,90,26498223
6Ff53KvcvAj5U7Z1vojB5o,*NSYNC,77,2764930
2elBjNSdBE2Y3f0j1mjrql,Jay Chou,76,6337720
0lf8LVkrjg9GudchoppC5q,Zayo,45,41328
5TUkb2q1sX3DiWtwBPHErg,Jerry Lee,45,2188
2UhQit3wwPVwOBt41vMu94,Crosso,41,986
7vdksiaT0UGPpZgCCPCKrU,Tisci,42,7565
4eWCc0DOwhdz3GHxlSnYE1,Dano Kapitán,42,4209
5QLfxY8Phcamadzx1r79ck,Shimmi,53,32323
1R9DUv3WqRNJKHrNTs53eM,GABRIELL,38,451
6EBKq4KCXExYanXleLzIVT,Call Dominika,43,9349
1bNjWBFWsAAzZSR59lRdpR,Kabza De Small,67,5019199
2mF7ygWz9oyJ3L6ZPWlZVH,Vigro Deep,56,549608
0mMqD2uqwvCjFvlzo6ayGi,DJ Maphorisa,68,2714408
3S4T8XtipStwl34odXn1YS,Scotts Maphuma,67,316641
6WQFTzqYHmh8Ph2X0L0QLQ,Young Stunna,60,1585930
1HGyQR41EokAZE5Dl4PtYc,Blaq Major,54,42369
3zO4VnpgPzQAE6ibTievv1,BLESS THE GENTLEMAN,51,1854
6YbUZ7rG3diOQFbAq8cySD,DJ KAP,51,2317
2tqMDvoyXVbN7uF4ObOeJX,Mthandeni SK,56,293585
5kwZB1xNLgB3lln1JGS2B9,MaWhoo,59,706946
3qqJxbB40F5AmjBiO4akVa,Mr Pilato,56,12690
4hADccnhJWKgtjTKues1oy,Ego Slimflow,54,4175
3U6tzzUuiMZD64IPkutbjM,Tebogo G Mashego,54,12043
1x0kR06ROuVi1aLwPuaZ7J,SJE Konka,54,40
2GJMSZ7M3D0KyyKRhYgWju,Focalistic,59,1127635
5n0o0t9wgg6uzHqfVd2Yr1,CowBoii,60,49852
0fs9otT9TtwXUOcFXZomZY,Caiiro,57,186219
3flcjKgRCeBVZTR8n8iShE,Ami Faku,57,780030
5kmceQl1Y7lveTVbcy5ycD,Dlala Thukzin,58,671346
1dllQgzSDUNbXbtk5INbhj,Zeh McGeba,48,1114
6jUYsFkr46ErYnMV82HgQ8,MK Productions,53,1363
13TUuvzi6FAkiA5F9MiYF8,Casswell P,51,20247
2SuwWqS2g4w2GSE4lxD1UM,Nobuhle,51,97482
5ln4EWpJqQZEWXAlSNTtVz,Kharishma,57,131223
6c4AisSoKVYdeivUhofn6P,Ba Bethe Gashoazen,49,2644
6Z6xrqezBTUUDnCinhPwCO,2Point1,49,111812
7BZeoHymLQ7WC1Vl7gkS5g,BelloM,45,799
3ZdMTEKhhs4Rl7qQXv4vUT,Epic DJ,46,1552
0APf0XKCd2289zoD4wzroe,DJ Seneath,45,14
2xopv1IOZfIPbbVuHDylEL,X-Morizo,46,26
6k8odn7NzzTT4K3NBNtsfV,Felo Le Tee,55,941816
5JyEgson2YVsJT0fNGroWn,Thabza Tee,51,37294
1YO25RWxpZ2Pvg82Bs4ING,Djy Biza,56,95955
1apU1xLioEcDVmYQmmbXD8,Blacko SA,49,15812
5MJ5f1XKD9yu7aWfG8OGjz,Mellow & Sleazy,64,1542805
7CAuIrM6rFLrIgisYOV0Fs,Usimamane,58,158294
4RfOLIFy2xEmlWzXEVmLJn,Sjava,61,1794187
2iN5MhOgkenO5FtkPtEVAF,Wanitwa Mos,56,749996
4AnNB3lPD0Sv7ziKVHqI66,Nkosazana Daughter,61,577033
523y9KSneKh6APd1hKxLuF,Master KG,63,609124
6sNKQgLUy4LVNEX3r1kG1A,Big Zulu,57,1497096
5m5lgddffBHA2pv0m5E2Ro,Zee Nxumalo,58,255634
1W5wfiEUdPebJdwmyglKP4,Cyfred,48,111538
0RSqcZGU4Kf01zKcn4JhiE,Mawelele,47,16015
3Px6IenueysHsgCQf9xFVr,Kwesta,54,900365
1ELUrmWBlXkqVabjVincQ6,Bassie,52,425168
1WyQuSMk2VrDyfYfdfa4w6,M-Touch,47,9253
6V0AnQuqPD8zkTZKbO1pbk,Ranger,49,7558
0lxNEAFHu0uIMSTWMiKV3q,Amaza,47,5174
5vFGtc23dtvt3f7FSK7vtg,LeeMcKrazy,64,644851
6Wqpl1YTjgy5TiTluzFzjx,Tman Xpress,57,353173
0sN5oRkFliiyjSNqPIEjML,DoouShii,47,12989
2J9OgoroujUr9FiiT40sqc,Tycoon,49,22235
3vg62RNNbcEtTGVRHzIBdi,Sly,46,378
5M9mFjVaPT2T1HFYFFSoCt,Dladla Mshunqisi,49,306388
3yWkz47Z8kE6z1xW6rjkAl,Goldmax,52,58451
2oA819q93vu53ZDkCJYdbN,TNK MusiQ,47,52910
0CPfPl6Fy7ueqMoxjZjmYb,Seun1401,47,2265
1YA6d3F7LilOsKSGYSB4Nm,The Exclusive SA,43,449
3YOKEbNmcMxvIDpZxw4jvn,Kabelo Sings,48,1913
6xcF2N2Z4NFVEkLCZluCLC,Bontle Smith,48,25974
2CsKNR9HBBs3bAswmPz825,2woshort,46,38328
16IdDbuertDHTGF9Si2eCN,Stompiiey,45,2636
2NJ4G5sIHIfma9PF2MO0yi,Khathapillar,46,9347
6KSYSas66s64PZDOnb6knq,Sol Phenduka,46,17121
0w5arbommuYnUMeXetmv17,Smash SA,50,14620
2Fotv9MULwrtOPORxgtRui,Kamoh Xaba,46,1175
2KYeDbDn8hr0auXnbpKfvs,Lwah Ndlunkulu,43,3893
1raznef8uIDK0SAlPabb86,Funky Qla,49,27230
241x5prRiXJmnk4vSGEHcr,Mjolisi,47,60103
4iKk928O7ApC51cf4q2mpO,Mnqobi yazo,43,2185
7lpGctutZNeN7UKIyEFbPg,Sminofu,56,84553
4mexy8G8bBE7SBuAzTBLYr,Eltee,51,14322
5rnKcmn5XTpbD9OPEsrV1s,Novatron,48,2585
3aznFYhXZNLiZYfF2nIt6K,Umafikizolo,50,58572
0bQK92L70k52lgVCQX0mNp,Umashotana,43,1698
5EVpgXduYKQyggrs93bPby,Msongi,48,27783
3i9UjIGeZT2cRyltQrr8nj,Cici,50,225234
4QkKUb73NVonTlAZaShsuY,Sir Trill,53,832024
0DnvMgwUAfLV06uffraoeJ,Dot Mega,45,426
2krUPP3nMYoF1C5WX3yB7J,Q Twins,49,480445
68McnNC9twEtiynOAJRRgZ,Uncle Waffles,56,836898
0UDlBvCj6BwV8uYLf8zzKS,Royal MusiQ,53,95428
4IZr8UpEiuTNDf9a5atoco,OHP Sage,52,4643
22Bl1QCNEZvpqVwRPYscE4,Pcee,55,511380
1BC2o2RW9sGr2NB8jXlYQv,Officixl Rsa,51,147283
3kOjBD3iIxB2zeN4CFngxm,Danny Shades,42,1144
16Sxr5Kd5KJIUXTUVtmVOV,Mshinwemali,49,17391
6OtlecLaA62XUdzRZDSeBz,Shenge wasehlalankosi,45,3352
2qixIA7qPFts4yN1Av017D,Mthunzi,57,224350
7Hb7ZlUE4ByWsV1Rkc4Uo2,Sizwe Alakine,47,74162
4DFFwNev2bjj7QGVTxzuwM,Umthakathi Kush,47,4260
3xXIOO328Ieh0PWOcxivjL,Aymos,56,1084526
3fdFRgy3GmfiWQqeKbmFS8,Mas Musiq,56,844047
6EG9v86LsCoq5HS4Jj1zCQ,Pabi Cooper,49,612219
71sePyklre8L4YJuE9Qf7D,Thebuu,45,1455
5H7UcHG42hqQZzkGJ8QqIt,Lajere man,41,10
1f5s8gmQ3SgDc6TtlegNkS,DJ DADAMAN,41,61
2oIQCM7hRZI9tS5b9S8rj4,Tyler ICU,62,1183768
4Ijr6oNjLibby38inghdKO,Visca,51,145799
5DuhT9Ix9p7qvE42w9liWY,Ceeka RSA,61,81727
5I2wx5alIUkX7uDkTUAv6Z,Sjavasdadeejayj,46,39
6vIKxXxsfpL8tAmjP0eCwY,Al xapo,49,1884
1lDWyPzSZOqP5jfZNm5lLI,DJ Stokie,53,1125690
2zCe5zvuLDUr9BfD4NMDQc,Zee_nhle,51,20202
15NUCBzkuF0VbkybGMUTPw,Sobzeen,47,6841
39ejxavrkdkHXj6yCGJugx,Faith Strings,44,539
5DrdfQwRGTeV7erKmKVZ6i,Lawd Weezy,45,988
34RwSIfWKAwRdIq6cdYnZv,TO Starquality,45,6755
7HpriU9gAJThxAfPfXpZ6N,Chley,56,59210
5yR5c8xnUVQDP3UDqfjhZd,Bandros,49,84260
4VlxI0WKDh7HFgHjXcfj6v,Kelvin Momo,64,2252519
5V18XqJmDIo9Sr6Rlu6cgu,Mr. Maker,44,31
24Hon9044L6JUKWcqQSjma,Makhadzi Entertainment,57,142208
2xkslEBMPDYAZzT2Ws2pUz,Dr Skaro,43,1143
4GlpRsgQev4kO3yl4YhoJs,Babethe Gashoazen,44,1043
3ZUn6LYxdmmPYQqBhFWI3h,Iyanya,52,433966
5jCHpUIjSnOXUzVaxwBA2k,Prince Benza,47,108553
6qQ80mn21S92SYfqtceUin,015 MusiQ & Van City MusiQ,41,2976
7cEqpdw3pDFWfl8jScOSNe,Veyane,41,934
0dUHzfa2msKEpMevzsdwqG,Babalwa M,61,583034
3rIVgeRWFhGxhFF9wgJFC2,Stixx,60,77463
3W0DeGwe5EHJwydiL6ECaC,Nvcho,52,10570
3bvfu2KAve4lPHrhEFDZna,Lola Indigo,71,1385838
4ixNZvQuuzCDxBsxO9zE6L,Gonzy,67,116346
2YRyPiW98bpkARAS4B3OQP,Dei V,81,1469160
2O8vbr4RYPpk6MRA4fio7u,SAIKO,77,1448194
1TtXnWcUs0FCkaZDPGYHdf,Darell,78,4578901
3lY9Fxceu60W1rbon7PkuF,Omar Montes,72,845581
4bJh7sMPcVRiqe5jlnsWQV,DELLAFUENTE,71,1068610
5Q30fhTc0Sl0Q4C5dOjhhQ,La La Love You,64,152092
31IVfzTQ5bAPL8XMrO6dVx,Axolotes Mexicanos,57,34169
0GgyFUpOyzWDRDqx8FCTDN,Baby Rasta,72,2223380
3RtNN1VnooWEn3KQk03DUL,Noriel,79,8053383
4CQdcx66F116k2db2Y0rjE,Hades66,74,905623
0NRMzT05nsc8mTm4iUvuHY,Molly Sandén,63,295980
6RJXSfbIkEMoCJ8GAg2dVO,Victor Leksell,65,173698
6rYEqmajzlhGVaayOJ2bpJ,Yasin,68,333450
3M1eBsR4rSTcDAzYopumeG,Asme,65,174722
2r9JAY6ISvp0VvZsT6cBJo,Shiro,62,34808
4Ui11oqvDCTqw4fxX2XkFW,BoBa,53,5357
1n3grwmOigAA2UYtlF91gc,Malik Dalasi,54,4421
73nQT8Arf05XV666SlvrVQ,Humlan Djojj,69,23312
42OtrLDsfIE3pD915uvaju,Josefine Götestam,68,3168
6E4YKq2KF72sNDThe2TaE8,Y4ska,60,22481
2EWsHDexsSInArfFkhA2i6,Jireel,65,103660
5GT8ltnqVPe7Zf8Ynrb5mV,ROMANOS,55,1495
55ZGFvikpNjQHvtTWS5aZF,Bolaget,62,164799
03SBMfoHX3EUENFwFoLN5i,Soppgirobygget,63,63531
1aA5OGASCVhznQYm71BMYg,Babblarna,59,47061
2Dor6diK1zw9BEluKBOdoA,23,65,135471
6tTI20dSq7pg481D7Mkcak,Prilla Generalen,53,9352
4kUfJdASJDMPLuo1t1N2zi,Sarettii,59,81966
3vHwJg9XHrACvX9ZlwV8pT,Adel,55,99559
5ILMkt5lW4KAyTXMNYWaGF,Dani M,57,78731
04HqRx07Bv9gh7rsrMTqs7,Miss Li,63,322438
2WBJQGf1bT1kxuoqziH5g4,Purple Disco Machine,73,759529
7jEEE187pVG6InOxn03oA5,Benjamin Ingrosso,68,281655
3yDIp0kaq9EFKe07X1X2rz,Nile Rodgers,73,157109
1OFOShsIbhy1l5x73yuVyB,Shenseea,68,894712
0LVDX2sdKpfXwVmy52HLAc,25,50,12179
2uX5jeXMEK3YNrL1bwVWd1,Fu3go,46,449
6yAKbgaSH283c7eAZVgk3P,LOAM,53,67171
6RjsbK9T7d1UQD1PFEYYGt,FRÖKEN SNUSK,59,92572
7zLm9op6LgPqKL62d1FzhO,ADAAM,59,194349
0MBLQbpbPvJ4oXM0Cj4aKR,Trobi,61,47210
054fVwphDX8QB8Pm7IjRcL,Hooja,59,214100
5LKh6CH11tVjyXpxz2NjFW,邱軍,54,15526
0Awqm7GXGiBp8fJNGvywra,理想混蛋,60,185156
1arCVYXeStgCY2UazBNBLK,TZUYU,60,196806
4TcOznbEZBqev21LzAH4KE,高爾宣 OSN,60,424778
1xCrrnnj9xif5G0y3ie5dM,Patrick Brasca,58,131935
3n16EAnJtz6SZGx2zJssrI,Amazing Show,56,189935
5ZxRmJ21NzjxD2ZGBxi7um,陳華,55,46783
0Y2AcMPMpeuPXtPQGVvRBq,Lee Young Ji,64,467960
2CQZr2RPZmrcvDnaod1ldC,D.O.,66,2023148
0PdNEiQ3MsJGCEgE13Tz60,Silence Wang,61,387289
7rXM91kSsqGzvYANukdQJD,單依純,60,138564
6g641431O1Xkl7HAs2yFEg,EggPlantEgg,56,543348
5PNcqs6EtD6gSXgUiiJIUU,颜人中,62,248886
4XpUIb8uuNlIWVKmgKZXC0,ZICO,67,1707649
7nqOGRxlXj7N2JYbgNEjYH,SEVENTEEN,82,12502344
0QHgL1lAIqAw0HtD7YldmP,DJ Khaled,77,11768238
4wUR1NviIGE01yEfeLNkeV,卢卢快闭嘴,54,52370
2AfmfGFbe0A0WsTYm0SDTx,(G)I-DLE,75,9990969
6HvZYsbFfjnjFrWF950C9d,NewJeans,82,9648058
6H93wOohK6r1MwGh41Z4Nb,Ashin Chen,52,19927
6JrR3zrG0NQiXb9N9XSyGb,Cocktail,66,1613032
2F8QVTDDHb8n0cwR9ftxFs,Q Flure,56,815
7ltDVBr6mKbRvohxheJ9h1,ROSALÍA,81,8392090
2LIk90788K0zvyj2JJVwkJ,Jack Harlow,82,3983971
1xrRqVDsJaZPw0sXme5i2T,PP Krit,60,357956
3Q5Qep7ytrjVleNnMnntgQ,TEN,63,748226
0XkEUMM4lJHAzfTK9vR0cu,Violette Wautier,60,917222
2DaMrZndfGgM3yd9ivadRC,Lipta,60,534287
5zSQoNQ9o2dnT1LPTzDxg7,Mirrr,61,277165
5pokGZ1K9Hr6etaKPDxSG8,THE TOYS,62,1470095
6chmC6o0wvACYVGTITw3Pz,NONT TANONT,64,1396204
6HEMZkIMQAPnd36iLsUlTx,PUN,65,307294
1aEKvjRnbf1laB7DVXFqsG,fellow fellow,62,328331
1qveov8f3HXFhDIWtFO5tG,guncharlie,56,38098
1Twi7NfmUzbXF7lEMaGCqF,Ink Waruntorn,58,851317
52VcFYcq5kJEaRYgy58ouW,Paper Planes,56,154585
5RQZVhw9dwZYc10QQfNMf1,JOEY PHUWASIT,54,473121
2xsBUJ327d3iC1LvL5hYrQ,YEW,58,433968
5xq3BK55BJmutN0X7eTyQB,Jeff Satur,63,1185271
61hVICScGPBw0WmGPqWVRE,เล็กสเร็น,49,9856
2SWWw5uB9cO5m7zJQZqwmr,BOWKYLION,60,1277000
5ghOUzxpnQmnPQDwC1thIz,ASIA7,51,19664
2XiaPu2j4nBMhF8pIlt6Bk,AYLA's,55,222988
0UAiHanBWs5vRM1tSPf2RJ,No One Else,58,188381
1ssEwBiz4ZKrbgR6o8vOeg,Polycat,60,939488
1qAOsY7jv9GFTv4HoVof5P,Three Man Down,62,2052845
0OjRa6r1EIPF5RZPy1SGz9,Musketeers,61,663859
5kU6FKYW7YBB2ikPQnk8cS,BUS,60,317227
5RmQ8k4l3HZ8JoPb4mNsML,Agust D,76,14976896
4G5OlxtrOm9ADmu3VZgFbG,MEYOU,58,707777
5PRW6j58xEEWL4DDVEITKT,Dedublüman,75,1648677
4ckLjJztj53Ifid7WHweBn,Aleyna Tilki,69,941424
6bGOmNBU1AOgttgOjh0ldf,Ati242,79,1414024
16GyR4WfCnIT2XST4ZLl2B,Melike Şahin,71,1185849
4UW9Hdsrx9kX2HdJ90jRKM,Era7capone,71,315190
15AZJFNrXtIN4Nk8BIOnS2,Batuflex,69,1454685
6WpmH4J0R74ZkHtgm7JLvM,Narco,64,17527
1GMwSpFzrLd12jUX15bHB6,BLOK3,76,2454002
4TofTRvEUQsznrSPnYnHx9,Afra,62,26214
37kh4W61I9Gm5R3hOFfIG9,NASTEISHA,60,16959
1CcZoULzFHa8Uhwo6OlQcp,Semicenk,76,4383878
1hgaXjbAcED2p80Lj8dzXT,Canbay & Wolker,65,1425822
1Tjaa3WWIVU00kfZ8Dvpcl,ElMusto,66,853892
5W2dGRPmYetOpUIpErUtD3,Organize,64,780753
6wxh9aTFgTS4OiyYlnQBq6,Bengü,68,1441135
4StjyzjcmZ7a9QncHVf0pu,Simge,70,1731131
4YLcK0MEyqFkdyyzbPTWrs,Can Kazaz,61,374934
7ictQXHIBmXODb4ykTI95n,Yusuf Güney,59,628541
6xqA7u7TxHUYJp6Ww1XgNx,Jeff Redd,65,177254
4XP7cGw4t8BqZ8Du5q3bHg,Emir Can İğrek,70,3018006
4li4dx5mFgZlMVeHlARBHP,Nazan Öncel,62,667768
46zuW8tHxwahYn7VNMgYTa,Yalın,71,1609362
0uHvlWnhRpaomF4e9IZHLy,Doğu Swag,64,232009
4i4ALRtQQmFxn3BCIB6iC0,Göksel,66,1542517
0V2oXYR7DtrZAEFeILRW2r,Lvbel C5,75,3269429
17EAWIoXAMU9Vo9xRrdZQ0,AKDO,68,154859
0KOSzgkMlkeowt1tgIg6ca,Heijan,67,1838051
3NPQ2qMGXAR0g1COJxuZ8r,Muti,66,724915
50z4meqYMvVCXEv2jDneDN,Tuğçe Kandemir,63,1776303
1F2v33FQTavJyaD7ZsyhdA,Gülşen,71,1773353
53oeVgECSa18dkHBQ9X6Eh,Murat Boz,65,2112818
1kRAeenoDZ5jBdzboZQuKa,Emre Fel,66,391584
6dDaXbE1caD65TONToYXYx,Murat Dalkılıç,65,1054087
7CLojerj7StFcAX03tA8Pc,M Lisa,66,111061
58UBmhZzNl22EI94dh9Gx0,OSTY,52,15841
5BwbVAdT6rFF2vGVE8su2y,Klavdia Petrivna,59,223092
7lyYlIclaVEmE0rlSCwH3h,HOMINID,41,9655
6yC7BVlGi7JXkpl0LsZeeS,CØV3R1st,40,5682
6l5IEx62Nsc2k1QyfaWvEz,Wellboy,53,267981
64XGTiElvPUfmJjyWJnW8C,Parfeniuk,55,120398
33xlLiptsAIW56IqRxaQoV,Domiy,50,11713
6NTzEgUmN1PIBIYEHhf1kS,Okean Elzy,57,1008344
2ojY7fXJxZQhg8Rx5e8h9G,SadSvit,59,303181
4AupETQEHkWQL9H3O6f9h8,СТРУКТУРА ЩАСТЯ,50,94494
6wbEgVlGqWb4I9tbMluu5Q,MONATIK,51,740006
7wl1m5vgWkCP3cqYVj2noM,DOROFEEVA,55,399780
5QFYXpPnIZPu2OSD9n8BVN,LEBIGA,41,2545
0PWfuxCvPtyeCLLWjf4EzJ,CHEEV,52,60918
11sIz9STeD6yVSuBaD8nMW,Artem Pivovarov,51,621642
6fBUVJW6cDrYluXjnnRdY4,OKS,42,5304
5NR8eODM4CQ2X6rBuGpZ2B,Геля Зозуля,49,17357
19JYV5zLhGkyqClNjdSfdb,Adam,49,22392
6fNkvAT7XRYuIynD5RTSLf,Kalush Orchestra,47,27314
1nzgtKYFckznkcVMR3Gg4z,KSI,71,2633783
6Xgp2XMz1fhVYe7i6yNAax,Trippie Redd,83,10030850
1kyy6AW7C6Rr2jrYwz95Gi,Lira,56,46961
338Grz8ebmeku4xVYVqUHQ,KINGTO,53,17417
5TeBsszZQTyqBX4eDHdtNx,LA NUEVA ESCUELA,57,76668
3Pohtvl5MO8eQpaZVOrhUS,La Deskarga,51,47343
2sp0CxickfFJun08JtXgiA,Diel Paris,55,13010
2IKdK6PbitvCiXt1t2bPU6,Mesita,67,536424
6uJKnn4CV4IIop8mg4kCUy,Luana,53,69108
2AbQwU2cuEGfD465wCXlg2,Rawayana,71,821458
6fMZytDgX1Q9OV6ndSugym,Akapellah,65,797756
0rwGV1HhNWK2Ta4rjmlmtp,Junior Caldera,51,44067
36KsCCwgI0Dep97yVJWmkK,Monsieur Periné,61,617686
3tveA7l6PmZICdkhBPVvak,Jerry Di,52,241
77iZVjeYoYSl5P0K9mIiUE,Haze,71,108156
57g2v7gJZepcwsuwssIfZs,Vũ.,67,2228148
2nSO7JYDbJrYbJmP39qUzj,Binz,62,1159195
3diftVOq7aEIebXKkC34oR,tlinh,68,1236094
6TITnFVRcl0AcZ4syE7Toe,Low G,67,1507958
2dC1IBU9NOD9xsQJ5RE7j7,Puppy,54,18364
5xY6E5PMZNtz9jDvxTRiGI,Dangrangto,64,92434
5HZtdKfC4xU0wvhEyYDWiY,HIEUTHUHAI,71,1834864
3y6Lfjkrdn5TgkbgDxbpvM,marzuz,56,15689
4wZ6awunqaaVLl5j0WpDFu,"ANH TRAI ""SAY HI""",71,374558
4KPyQxL1zqEiBcTwW6c9HE,Dương Domic,64,167457
6zUWZmyi5MLOEynQ5wCI5f,Da LAB,63,1085299
27RoKwun6jKycKbH2iYUFU,Minh Tốc & Lam,54,18817
3oD2yI1g6aT3KawHD8ZYaU,TeuYungBoy,55,11253
3rSAej8VUifF02zpsGjsRZ,DONAL,54,832
1Qia4CTwh6x0CZbD0079zi,CoolKid,59,58097
1W2pigH6UYwuTuFbwoSfVZ,RHYDER,65,353778
0iqum9KAHh3LkgDhuqvTxM,Song Luân,58,36269
6EybZ5zwPNEtEngfrEMevN,JSOL,61,145481
5pyjjs1k7keBTqwhkVs7MA,Trần Đăng Dương,52,65
5dfZ5uSmzR7VQK0udbAVpf,Sơn Tùng M-TP,65,6116940
5jTFNkoZebPnX90CbB3F2A,MONO,57,851342
0CO1IZAPmgTbkfXvcRCLsL,BAN,53,53773
5ulyphh5uJrH4Gb1JpSMkV,HURRYKNG,62,164410
4fg8aMZ23d2bxKz7r2vt9v,Negav,64,187134
13c4ijEkXNvEFoxGxwp5Su,Pháp Kiều,62,108429
40JnMfFlpwqBnWitkL96g4,Isaac,57,172056
1L1VfizWn4DkFt602yD80U,ERIK,61,949188
62D1qvKkvUCvXEtY1xwRfo,Anh Tú Atus,57,118912
5lAfakPZgxFKgiJD6xAF1G,Orange,59,510362
2rKtPYcwYmevNcaqzJOwvf,MANBO,57,131819
1OIYKbmhG0RxPXvVPNj3NN,Madihu,54,254928
0slOzRzTQb1RBBVJbvRITP,Quang Hùng MasterD,62,220079
5M3ffmRiOX9Q8Y4jNeR5wu,Wren Evans,60,562725
0hy8mfXxfD8kQ6MRQkDVrn,itsnk,58,22047
4bPYvyUn1mWwUwIW57oST2,Emcee L (Da LAB),55,186181
1Tdy7LZnrufTyuEbgDi1D8,Muộii (Starry Night),50,985
1pKPrziZw7C4GvOlBIXqP5,Captain,59,121568
30eFAXoU2kTjJPf2cq80B8,WEAN,61,359470
4RPhZ2g5GYff0hKNBlZKXh,Ali Hoàng Dương,58,64657
2aQnC3DbZB9GbauvhAw7ve,AMEE,62,1419168
1zSv9qZANOWB4HRE8sxeTL,RPT MCK,63,1106838
6NF9Oa4ThQWCj6mogFSrVD,W/N,60,1453048
6V1SwiosQqf5XvmoTMCGa9,Dear Jane,57,261385
0dBcEvEklr1jx4uZuhFX5e,Ronboogz,61,238010
2ZjO6APYelcHcLd2pWMx8x,Badbies,48,247
5Kh0ta0UY4uJ4g2CIdq9V9,Phương Ly,57,560670
0zo8kCJVktn7oPnzpkbC2p,14 Casper,53,71644
6hnfLIkvDl6pjlAe1YRGXY,Bon Nghiêm,53,14262
7Cp2hGcriAaDUAWpXnSEwm,buitruonglinh,58,478019
0XtC2d9ZVigYA7iMy5YkW0,2pillz,59,43232
61ydMyohF67xBZmWSPA3YQ,Chọn gì? Chọn đi!,42,384
5mPbBOU2KMFfStepNZ027p,OgeNus,52,45049
5Xn0cJrrcslCWCzPXNTy54,PiaLinh,52,3600
2NRcG7E1j2sSi8vnUzCcpi,Quân A.P,58,646365
4cLYlDISnWaErAitB8kRph,Quang Trung,55,44171
3E0b68wCGYihuHBtlasfm9,Lâm Bảo Ngọc,53,21972
7yquVKfxBuNFJbG9cy2R8A,Vũ Cát Tường,56,734124
Lithuania,Lithuania,,
Morocco,Morocco,,
Panama,Panama,,
Saudi Arabia,Saudi Arabia,,
Kazakhstan,Kazakhstan,,
Germany,Germany,,
Taiwan,Taiwan,,
Sweden,Sweden,,
United Kingdom,United Kingdom,,
Nicaragua,Nicaragua,,
Pakistan,Pakistan,,
Italy,Italy,,
Japan,Japan,,
Belgium,Belgium,,
Paraguay,Paraguay,,
France,France,,
South Africa,South Africa,,
Dominican Republic,Dominican Republic,,
Argentina,Argentina,,
Dominica,Dominica,,
United States,United States,,
Venezuela,Venezuela,,
Bulgaria,Bulgaria,,
Denmark,Denmark,,
Hungary,Hungary,,
Ukraine,Ukraine,,
Ecuador,Ecuador,,
Uruguay,Uruguay,,
Brazil,Brazil,,
Guatemala,Guatemala,,
Indonesia,Indonesia,,
Israel,Israel,,
Spain,Spain,,
Bolivia,Bolivia,,
Australia,Australia,,
Singapore,Singapore,,
Andorra,Andorra,,
Romania,Romania,,
Malaysia,Malaysia,,
Chile,Chile,,
Turkey,Turkey,,
Netherlands,Netherlands,,
Iceland,Iceland,,
Greece,Greece,,
Switzerland,Switzerland,,
Vietnam,Vietnam,,
Philippines,Philippines,,
Belarus,Belarus,,
New Zealand,New Zealand,,
Poland,Poland,,
Colombia,Colombia,,
Thailand,Thailand,,
Canada,Canada,,
India,India,,
Luxembourg,Luxembourg,,
Honduras,Honduras,,
El Salvador,El Salvador,,
Ireland,Ireland,,
Finland,Finland,,
Egypt,Egypt,,
Peru,Peru,,
Slovakia,Slovakia,,
Czech Republic,Czech Republic,,
Latvia,Latvia,,
Costa Rica,Costa Rica,,
Mexico,Mexico,,
Estonia,Estonia,,
Norway,Norway,,
Austria,Austria,,
