Source,Target
2YZyLoL8N0Wb9xBt1NhZWg,rap
2YZyLoL8N0Wb9xBt1NhZWg,hip hop
7tYKF4w9nC0nq9CsPZTHyP,rap
7tYKF4w9nC0nq9CsPZTHyP,pop
7tYKF4w9nC0nq9CsPZTHyP,r&b
6cUpFVxDYWed9WxtC4QgC5,rap
757aE44tKEUQEqRuT6GnEB,trap
757aE44tKEUQEqRuT6GnEB,rap
4V8LLVI7PbaPR0K2TGSxFF,rap
4V8LLVI7PbaPR0K2TGSxFF,hip hop
2qoQgPAilErOKCwE2Y8wOG,hip hop
3DbwFQlvLxRSi2uX8mf81A,trap
3DbwFQlvLxRSi2uX8mf81A,rap
55Aa2cqylxrFIXC767Z865,trap
55Aa2cqylxrFIXC767Z865,rap
55Aa2cqylxrFIXC767Z865,pop
55Aa2cqylxrFIXC767Z865,hip hop
6fqjJNsLs7g6F3PXy01Xnw,rap
1HY2Jd0NmPuamShAr6KMms,pop
0du5cEVh5yTK9QJze8zA0C,pop
1iCnM8foFssWlPRLfAbIwo,pop
3eVa5w3URK5duf6eyVDbu9,pop
3eVa5w3URK5duf6eyVDbu9,k-pop
6qqNVTkY8uBg9cP3Jd7DAH,pop
67FB4n52MgexGQIG8s0yUH,pop
1oSPZhvZMIrWW5I41kPkkY,pop
1oSPZhvZMIrWW5I41kPkkY,k-pop
1Xyo4u8uXC1ZmMpatF05PJ,pop
1Xyo4u8uXC1ZmMpatF05PJ,r&b
699OTQXzgjhIYAHMy9RyPD,rap
699OTQXzgjhIYAHMy9RyPD,hip hop
46UMQ0cW8ToR8egkBRwAxZ,pop
66CXWjxzNUsdJxJ2JdwvnR,pop
74KM79TiuVKeVCqs8QtB0B,pop
4cPHsZM98sKzmV26wlwD2W,rock
4iHNK0tOyZPYnBU7nGAgpQ,pop
7GlBOeep6PqTfFi59PTUUN,pop
20wkVLutqVOYrc0kxFs7rA,r&b
5lpH0xAS4fVfLkACg9DAuM,pop
5lpH0xAS4fVfLkACg9DAuM,rock
3y2cIKLjiOlp1Np37WiUdH,rap
3y2cIKLjiOlp1Np37WiUdH,pop
3y2cIKLjiOlp1Np37WiUdH,country
246dkjvS1zLTtiykXe5h60,rap
246dkjvS1zLTtiykXe5h60,pop
4oUHIQIBe0LHzYfvXNW4QM,country
5j4HeCoUlzhfWtjAfM1acR,pop
5j4HeCoUlzhfWtjAfM1acR,house
6e3pZKXUxrPfnUPJ960Hd9,pop
2tIP7SsRs7vjIcLrU85W8J,hip hop
3l9G1G9MxH6DaRhwLklaf5,corrido
0ys2OFYzWYB5hRDLCsBqxt,sierreno
0ys2OFYzWYB5hRDLCsBqxt,corrido
22wbnEMDvgVIAGdFeek6ET,pop
2sSGPbdZJkaSE2AbcGOACx,pop
77SW9BnxLY8rJ0RciFqkHh,pop
77SW9BnxLY8rJ0RciFqkHh,rock
2RQXRUsr4IW1f3mKyKsy4B,pop
78F6Xkd46aMHkr4AP60TXY,trap
78F6Xkd46aMHkr4AP60TXY,rap
3E12tRURRvPfHz0hAMCFYc,trap
3E12tRURRvPfHz0hAMCFYc,rap
3E12tRURRvPfHz0hAMCFYc,urbano latino
54seKvtsZauR1iauN0ptpo,trap
54seKvtsZauR1iauN0ptpo,rap
54seKvtsZauR1iauN0ptpo,urbano latino
7iK8PXO48WeuP03g8YR51W,trap
7iK8PXO48WeuP03g8YR51W,rap
7iK8PXO48WeuP03g8YR51W,urbano latino
5CiGnKThu5ctn9pBxv7DGa,pop
0CVOcYvRcSvOXyuR4YGKaC,pop
4F4pp8NUW08JuXwnoxglpN,trap
4F4pp8NUW08JuXwnoxglpN,rap
4F4pp8NUW08JuXwnoxglpN,urbano latino
0EmeFodog0BfCgMzAIvKQp,pop
37S0GFsBW73uqxGXNFeADJ,rap
0VZrPa7mWAYXH4CwmYk8Km,trap
0VZrPa7mWAYXH4CwmYk8Km,rap
0VZrPa7mWAYXH4CwmYk8Km,urbano latino
0VZrPa7mWAYXH4CwmYk8Km,drill
3SCOuAxngTC1yGjKMcIPEd,pop
0tmwSHipWxN12fsoLcFU3B,trap
0tmwSHipWxN12fsoLcFU3B,rap
0tmwSHipWxN12fsoLcFU3B,pop
0tmwSHipWxN12fsoLcFU3B,urbano latino
5qPeAT4ikl6gJNUexAOEy0,rock
6TKygPpVT29oGUogu4J9Ec,trap
6TKygPpVT29oGUogu4J9Ec,rap
6TKygPpVT29oGUogu4J9Ec,urbano latino
22dFwJoRBV51ue5TGnC7Dt,drill
2NeFajzkAQ4UfviWdzf0pK,pop
6XyY86QOPPrYVGvF9ch6wz,rap
6XyY86QOPPrYVGvF9ch6wz,rock
2LRoIwlKmHjgvigdNGBHNo,trap
2LRoIwlKmHjgvigdNGBHNo,rap
2LRoIwlKmHjgvigdNGBHNo,pop
2LRoIwlKmHjgvigdNGBHNo,urbano latino
6k8mwkKJKKjBILo7ypBspl,pop
0AqlFI0tz2DsEoJlKSIiT9,pop
790FomKkXshlbRYZFtlgla,urbano latino
0ZHPrnImGh4re3TbSNkoZl,pop
0ZHPrnImGh4re3TbSNkoZl,hip hop
4az97MtWmBQ5Db3GfDh9j9,drill
2CCgb0KApjfQDuTppovpf8,urbano latino
2CCgb0KApjfQDuTppovpf8,drill
5C4PDR4LnhZTbVnKWXuDKD,pop
5PlfkPxwCpRRWQJBxCa0By,house
0u6GtibW46tFX7koQ6uNJZ,pop
7hQmAXAzWI6D350VTgkKTG,pop
1Yj5Xey7kTwvZla8sqdsdE,trap
1Yj5Xey7kTwvZla8sqdsdE,rap
1Yj5Xey7kTwvZla8sqdsdE,urbano latino
1U1el3k54VvEUzo3ybLPlM,pop
6nVcHLIgY5pE2YCl8ubca1,trap
6nVcHLIgY5pE2YCl8ubca1,rap
6nVcHLIgY5pE2YCl8ubca1,urbano latino
0WwSkZ7LtFUFjGjMZBMt6T,rock
4AK6F7OLvEQ5QYCBNiQWHq,pop
7f5Zgnp2spUuuzKplmRkt7,pop
7f5Zgnp2spUuuzKplmRkt7,house
2txHhyCwHjUEpJjWrEyqyX,pop
5Y3MV9DZ0d87NnVm56qSY1,trap
5Y3MV9DZ0d87NnVm56qSY1,rap
5Y3MV9DZ0d87NnVm56qSY1,urbano latino
7FNnA9vBm6EKceENgCGRMb,pop
7FNnA9vBm6EKceENgCGRMb,funk
1JbemQ1fPt2YmSLjAFhPBv,pop
60ZOYUFnCYEeKYsxgvPxOS,rap
3rIZMv9rysU7JkLzEaC5Jp,pop
3rIZMv9rysU7JkLzEaC5Jp,rock
1bAftSH8umNcGZ0uyV7LMg,trap
1bAftSH8umNcGZ0uyV7LMg,rap
1bAftSH8umNcGZ0uyV7LMg,hip hop
1bAftSH8umNcGZ0uyV7LMg,urbano latino
4gzpq5DPGxSnKTe4SA8HAU,pop
6eXZu6O7nAUA5z6vLV8NKI,trap
6eXZu6O7nAUA5z6vLV8NKI,rap
6eXZu6O7nAUA5z6vLV8NKI,r&b
3wcj11K77LjEY1PkEazffa,pop
3wcj11K77LjEY1PkEazffa,hip hop
0jIWKlfmD4Ew7HeVVrq03g,pop
7vXDAI8JwjW531ouMGbfcp,pop
4kcQWQDK0u9AftVSpdrAgk,trap
4kcQWQDK0u9AftVSpdrAgk,rap
2OhUNb01gLwygOizYvTm0e,trap
2OhUNb01gLwygOizYvTm0e,rap
2BTS8Np1YzPQuXjgdlqsBB,rap
2BTS8Np1YzPQuXjgdlqsBB,hip hop
1FxPMQ9A0882eNDx3ZkD6B,pop
1FxPMQ9A0882eNDx3ZkD6B,cumbia
6Gsh7oJoJ5EQUuQk0EhfWL,rap
1DxLCyH42yaHKGK3cl5bvG,pop
1DxLCyH42yaHKGK3cl5bvG,urbano latino
0ZCO8oVkMj897cKgFH7fRW,cumbia
06Q5VlSAku57lFzyME3HrM,pop
06Q5VlSAku57lFzyME3HrM,cumbia
4oZolC0sCwCAKqsNXfRlVS,pop
4oZolC0sCwCAKqsNXfRlVS,cumbia
7yIp2QRLkQ6loIrupimiri,pop
7yIp2QRLkQ6loIrupimiri,cumbia
5Qv1EsPany9Fc3yyCJnoxw,cumbia
6HTUcOExehqydqa7C3usAa,pop
60XHOAhvEBiV6BGBOv8ClM,rap
60XHOAhvEBiV6BGBOv8ClM,hip hop
19HM5j0ULGSmEoRcrSe5x3,trap
19HM5j0ULGSmEoRcrSe5x3,rap
19HM5j0ULGSmEoRcrSe5x3,urbano latino
2UZIAOlrnyZmyzt1nuXr9y,trap
2UZIAOlrnyZmyzt1nuXr9y,rap
2UZIAOlrnyZmyzt1nuXr9y,hip hop
2UZIAOlrnyZmyzt1nuXr9y,urbano latino
2UZIAOlrnyZmyzt1nuXr9y,r&b
3vQ0GE3mI0dAaxIMYe5g7z,trap
3vQ0GE3mI0dAaxIMYe5g7z,rap
3vQ0GE3mI0dAaxIMYe5g7z,hip hop
3vQ0GE3mI0dAaxIMYe5g7z,urbano latino
2Jb9jVnCpWkXtoGznFJ6bF,trap
2Jb9jVnCpWkXtoGznFJ6bF,rap
2Jb9jVnCpWkXtoGznFJ6bF,hip hop
6QVEWdYtBkaJcboEtH5FeB,pop
6QVEWdYtBkaJcboEtH5FeB,cumbia
04XdCDDrPnnqidaVBTOQjt,pop
04XdCDDrPnnqidaVBTOQjt,cumbia
1QZuAtDYNrk2QMogJulsyq,pop
1QZuAtDYNrk2QMogJulsyq,cumbia
6iYRN5eaz8LSxvwkhmwkRj,pop
6iYRN5eaz8LSxvwkhmwkRj,cumbia
6LZA6PhNCwUfHzqfpN1nYL,pop
3WMlRpW5JWuDI95TcEWt3r,pop
2x7PC78TmgqpEIjaGAZ0Oz,trap
2x7PC78TmgqpEIjaGAZ0Oz,rap
2x7PC78TmgqpEIjaGAZ0Oz,hip hop
2x7PC78TmgqpEIjaGAZ0Oz,urbano latino
716NhGYqD1jl2wI1Qkgq36,trap
716NhGYqD1jl2wI1Qkgq36,rap
716NhGYqD1jl2wI1Qkgq36,pop
716NhGYqD1jl2wI1Qkgq36,hip hop
716NhGYqD1jl2wI1Qkgq36,urbano latino
4m6ubhNsdwF4psNf3R8kwR,trap
4m6ubhNsdwF4psNf3R8kwR,rap
4m6ubhNsdwF4psNf3R8kwR,hip hop
4m6ubhNsdwF4psNf3R8kwR,urbano latino
2qWK8K2Jfh67UqtwY8tCW6,trap
2qWK8K2Jfh67UqtwY8tCW6,rap
2qWK8K2Jfh67UqtwY8tCW6,hip hop
7fT2Me47PQ8T7954PKrcwR,trap
7fT2Me47PQ8T7954PKrcwR,rap
7fT2Me47PQ8T7954PKrcwR,hip hop
6UCQYrcJ6wab6gnQ89OJFh,hip hop
2FXC3k01G6Gw61bmprjgqS,pop
2FXC3k01G6Gw61bmprjgqS,rock
69GGBxA162lTqCwzJG5jLp,pop
3bO19AOone0ubCsfDXDtYt,pop
40ZNYROS4zLfyyBSs2PGe2,country
70kkdajctXSbqSMJbQO424,country
2sil8z5kiy4r76CRTXxBCA,pop
2sil8z5kiy4r76CRTXxBCA,rock
0Y5tJX1MQlPlqiwlOH1tJY,rap
0Y5tJX1MQlPlqiwlOH1tJY,house
0C0XlULifJtAgn6ZNCW2eu,rock
08GQAI4eElDnROBrJRGE0X,rock
10exVja0key0uqUkk6LJRT,pop
10exVja0key0uqUkk6LJRT,rock
10exVja0key0uqUkk6LJRT,k-pop
25uiPmTg16RbhZWAqwLBy5,pop
06HL4z0CvFAxyc27GXpf02,pop
4gvjmrtzydbMpyJaXUtwvP,pop
1WaFQSHVGZQJTbf0BdxdNo,hip hop
2kS9NyuATpYwjeB93h24H5,pop
2kS9NyuATpYwjeB93h24H5,hip hop
1E8mXBWN7AXZCOPYbOky4J,hip hop
3CJKkU0XuElRT1z8rEtIYg,hip hop
3CJKkU0XuElRT1z8rEtIYg,drill
76dRoxKtDwYkgCQePok9cU,hip hop
0JBdTCGs111JKKYfLqOEBa,rap
0JBdTCGs111JKKYfLqOEBa,pop
0JBdTCGs111JKKYfLqOEBa,hip hop
3drqpTL4sQOckmAfF9i1wg,hip hop
7vohy1W7YNLxHynG44UFjS,hip hop
7o95ZoZt5ZYn31e9z1Hc0a,pop
1SnSPHBs8l5iAvoWF0aO05,trap
1SnSPHBs8l5iAvoWF0aO05,rap
1SnSPHBs8l5iAvoWF0aO05,hip hop
1SnSPHBs8l5iAvoWF0aO05,r&b
13bDjug9N0pyv3ZUINjkDV,hip hop
5HK6QtizXJzCmoYTkvFRik,drill
5p7mWeX4RlvqBCxylfiXdE,hip hop
5p7mWeX4RlvqBCxylfiXdE,drill
11p2E654TTU8e0nZWBR4AL,pop
0wi4yTYlGtEnbGo4ltZTib,pop
0wi4yTYlGtEnbGo4ltZTib,rock
0rvjqX7ttXeg3mTy8Xscbt,rock
5WUlDfRSoLAfcVSX1WnrxN,pop
1fImPZoBVjmYrBFzCHh0N3,hip hop
0xByDfltDVpk6LDsUMHyI2,pop
5xtbUYHaOycg6HIi10EZdV,hip hop
5NMwoStnfHT4LdETlJSwDT,trap
5NMwoStnfHT4LdETlJSwDT,rap
5NMwoStnfHT4LdETlJSwDT,hip hop
4jIvmo6hfAQ04NSOWPVVA3,pop
5B5qmrbTFvA7TAxWruuwbo,rap
5B5qmrbTFvA7TAxWruuwbo,hip hop
2hTmpvdwhpNZryOkwTisRW,hip hop
6HaGTQPmzraVmaVxvz6EUc,pop
6HaGTQPmzraVmaVxvz6EUc,k-pop
3MdXrJWsbVzdn6fe5JYkSQ,trap
3MdXrJWsbVzdn6fe5JYkSQ,rap
260kWe4y9lg7YFDsZBgsLv,pop
2z20q6EEfm6w6PiIKsgtb3,trap
2z20q6EEfm6w6PiIKsgtb3,rap
2z20q6EEfm6w6PiIKsgtb3,hip hop
0yp6xP5xe1qarfugfTixOK,pop
0E56Ncr2I37JQhW71UJALE,rap
0E56Ncr2I37JQhW71UJALE,hip hop
27kGBCjiz5OXojkKX4xQ6R,trap
27kGBCjiz5OXojkKX4xQ6R,rap
27kGBCjiz5OXojkKX4xQ6R,hip hop
27kGBCjiz5OXojkKX4xQ6R,drill
4h8pGxEIOi7j4me1yhYxlD,pop
4h8pGxEIOi7j4me1yhYxlD,hip hop
7K2PBAFUE98RKu30clhIms,pop
3vvLuXEEf7sl3izJcw0GIn,trap
3vvLuXEEf7sl3izJcw0GIn,rap
3vvLuXEEf7sl3izJcw0GIn,hip hop
0XNKQFs2Ewb3y0VsFUFc5l,trap
0XNKQFs2Ewb3y0VsFUFc5l,rap
0XNKQFs2Ewb3y0VsFUFc5l,hip hop
0hAEtx2GQLtMTJj8qycHRr,hip hop
4uWhcZCwuPopf6JGvwsN2B,pop
0ChMIwzbYxHbebgoPeETfV,hip hop
7bI1v9NGBBhq8iGfytctni,country
1nnaE1FllcW0TlDdPVmdPg,hip hop
3I9Bd4StaxvFWPG9AAjlrO,rap
3I9Bd4StaxvFWPG9AAjlrO,hip hop
6iQqWcDg92kre5ykFLwqD8,rock
0GOx72r5AAEKRGQFn3xqXK,rap
0GOx72r5AAEKRGQFn3xqXK,pop
0GOx72r5AAEKRGQFn3xqXK,hip hop
0GOx72r5AAEKRGQFn3xqXK,r&b
1cKyknhftNKXCjMBd2hDrG,rap
1cKyknhftNKXCjMBd2hDrG,hip hop
0LKAV3zJ8a8AIGnyc5OvfB,pop
0LKAV3zJ8a8AIGnyc5OvfB,hip hop
0LKAV3zJ8a8AIGnyc5OvfB,r&b
2loEsOijJ6XiGzWYFXMIRk,house
26WKgv73kRHD0gEDKD1i8j,house
3IW7ScrzXmPvZhB27hmfgy,rap
3IW7ScrzXmPvZhB27hmfgy,pop
3IW7ScrzXmPvZhB27hmfgy,hip hop
2F3Mdh2idBVOiMTxXoxc10,pop
0UF7XLthtbSF2Eur7559oV,house
3QVolfxko2UyCOtexhVTli,pop
1xU878Z1QtBldR7ru9owdU,pop
1xU878Z1QtBldR7ru9owdU,rock
5oNWzcU0mYK1zDUxBGHIaG,pop
5MraexJKZDrQYzS98kNwie,r&b
6tzRZ39aZlNqlUzQlkuhDV,pop
6tzRZ39aZlNqlUzQlkuhDV,funk
1QsdzIKkTT5gDFj8GB1cIX,pop
1QsdzIKkTT5gDFj8GB1cIX,r&b
3TOqt5oJwL9BE2NG9MEwDa,rap
3TOqt5oJwL9BE2NG9MEwDa,rock
5wCmhq5J2hPwL2r0eKurxn,pop
5KKpBU5eC2tJDzf0wmlRp2,pop
5KKpBU5eC2tJDzf0wmlRp2,r&b
5VadK1havLhK1OpKYsXv9y,hip hop
5VadK1havLhK1OpKYsXv9y,drill
07h4CCFmlXkwx0g4PL5Uuh,rap
07h4CCFmlXkwx0g4PL5Uuh,pop
07h4CCFmlXkwx0g4PL5Uuh,hip hop
5eir5zFJpES4j7gsymbVyl,rap
5eir5zFJpES4j7gsymbVyl,pop
5eir5zFJpES4j7gsymbVyl,hip hop
3JhNCzhSMTxs9WLGJJxWOY,rap
3JhNCzhSMTxs9WLGJJxWOY,pop
3JhNCzhSMTxs9WLGJJxWOY,hip hop
5BcAKTbp20cv7tC5VqPFoC,rap
5BcAKTbp20cv7tC5VqPFoC,pop
5BcAKTbp20cv7tC5VqPFoC,hip hop
4e0nWw2r4BoQSKPQ2zpU13,pop
0fTSzq9jAh4c36UVb4V7CB,pop
5JMJt80HJWR1e4hMw63Z5t,pop
1TA5sGRlKUJXBN4ZyJuDIX,urbano latino
3m5qlPf2OkihLz3dRYnkPA,trap
3m5qlPf2OkihLz3dRYnkPA,rap
3m5qlPf2OkihLz3dRYnkPA,pop
3m5qlPf2OkihLz3dRYnkPA,urbano latino
1r4hJ1h58CWwUQe3MxPuau,trap
1r4hJ1h58CWwUQe3MxPuau,rap
1r4hJ1h58CWwUQe3MxPuau,pop
1r4hJ1h58CWwUQe3MxPuau,urbano latino
66ihevNkSYNzRAl44dx6jJ,sierreno
66ihevNkSYNzRAl44dx6jJ,corrido
1vyhD5VmyZ7KMfW5gqLgo5,trap
1vyhD5VmyZ7KMfW5gqLgo5,rap
1vyhD5VmyZ7KMfW5gqLgo5,urbano latino
7j6DKwmjbxvpQO8h914uEz,trap
7j6DKwmjbxvpQO8h914uEz,rap
7j6DKwmjbxvpQO8h914uEz,urbano latino
4q3ewBCX7sLwd24euuV69X,trap
4q3ewBCX7sLwd24euuV69X,rap
4q3ewBCX7sLwd24euuV69X,urbano latino
1fctva4kpRbg2k3v7kwRuS,trap
1fctva4kpRbg2k3v7kwRuS,rap
1fctva4kpRbg2k3v7kwRuS,urbano latino
1mcTU81TzQhprhouKaTkpq,trap
1mcTU81TzQhprhouKaTkpq,rap
1mcTU81TzQhprhouKaTkpq,pop
1mcTU81TzQhprhouKaTkpq,urbano latino
1dKdetem2xEmjgvyymzytS,sierreno
0dUyjgCyjfj5eMx6bX2TWf,trap
0dUyjgCyjfj5eMx6bX2TWf,rap
2jSGzJw0ebJLu7OLVSOcBP,trap
2jSGzJw0ebJLu7OLVSOcBP,rap
2jSGzJw0ebJLu7OLVSOcBP,urbano latino
12GqGscKJx3aE4t07u7eVZ,sierreno
12GqGscKJx3aE4t07u7eVZ,corrido
5szJHKg5xeUlQ9pTqzdpic,trap
5szJHKg5xeUlQ9pTqzdpic,rap
3qsKSpcV3ncke3hw52JSMB,trap
3qsKSpcV3ncke3hw52JSMB,rap
3qsKSpcV3ncke3hw52JSMB,urbano latino
0wdQR6Qd64uSVhNJy7M2F0,pop
6aoGgTKGqtsjj48ymcNs4Z,funk
5Dz2FizMLqV0Cr3c8uhEcF,funk
5InVWl8IZB8zFAoNa5roKm,funk
59jlthNnbmim5l9tmNA7se,pop
5wbf52LA6kcaboHSN6NEF1,funk
0nFdWpwl7h6fp3ADRyG14L,pop
2CKOmarVWvWqkNWUatHCex,pop
0xj9MJx9r0wO2o4aqdergP,funk
7me0S5Z40qVWj3gzyK8aC3,funk
5s27i7oqhNWIcE4HeoVdq0,funk
6XFc29m1ptfUNmaa1UTuBT,funk
75i9GaW2MJUgt4BkdUnuUY,funk
6zGPa2tLMJ5HQYUddZI8di,trap
6zGPa2tLMJ5HQYUddZI8di,rap
6zGPa2tLMJ5HQYUddZI8di,funk
04QHNiih9ZesPvals6II1h,funk
2FDaBZt51fOXh2rbHL8Afr,funk
0JRPF8WIKUtSO2IUYfrcuh,pop
6sW5k31iA8sTy0i2goUKF9,funk
2Z0lRIqr997lIUiPtrpKCr,pop
1LIuN7ov1IBQDdLsU83ojl,pop
41QLxRXlc2NwfJZkHGHKid,pop
1mV9h1AwhRXSjBFcYpajgY,funk
6VyttZwyEMGBl90oGdKCB8,funk
0bg3fNpRQgZTCAg3Bseyly,funk
5ZfBThYiIIhL7jHMG8gDB2,funk
6qrqAYlS6lUj2BVXax7SZW,trap
6qrqAYlS6lUj2BVXax7SZW,rap
6qrqAYlS6lUj2BVXax7SZW,funk
0vLuOi2k62sHujIfplInlK,rap
0vLuOi2k62sHujIfplInlK,hip hop
7gZu6kPnY9enEi5FvgTO4F,pop
7gHzR22tDNSWGS4HkvvPgw,trap
7gHzR22tDNSWGS4HkvvPgw,rap
1SZXYhJz4sqEss888VmWLP,funk
1JJq541frMPfUIQiUoVrnp,funk
0i1s9WcIu0PrUvHzALgofo,rock
6mKwmTMzDrye9elc8JWiw3,funk
3Nipsl6GVwwGyeAk0J29C6,funk
1tKrZaph4cLsnEdqC5BNEQ,pop
5nP8x4uEFjAAmDzwOEc9b8,trap
5nP8x4uEFjAAmDzwOEc9b8,rap
5nP8x4uEFjAAmDzwOEc9b8,r&b
6YzSM19LzpLH0nVKKU6Jsy,funk
2Y3kRJYYun9lDcRMM7ulQg,funk
6m6e7D2TnV0aYMllFFwMxu,pop
7rXMvXRnWHaSwnVvPeUUfw,pop
7rXMvXRnWHaSwnVvPeUUfw,funk
6TYimByryGphZCtwYopH0y,pop
5O30nI9WzhHuxqFZqReBQu,funk
1mvpEXClANunyiHFtAXCxt,funk
4MQAbRFF5xtTAIYG8jzfZm,funk
6sEfX6ntbBxeWBLggUMyyq,pop
3CcA9m1Ivpp5XmLt8SxUpn,pop
2xZOjY3LYFt8mfHuBUOBwF,rock
4vczAVLBVJzhMndKRCsQls,pop
1WOWylyMYTYIkDJmKLeSpQ,pop
39mjWoyHE5RMghSx70h7pI,pop
1lxHE7dVKOVaIjGOIu8svG,pop
1vAwQYTE1k5MBhNsvqphp1,pop
2Dj0euYPa8eiI6Ee5VLBwg,pop
3Q71N3lHz2pijhljCNqOqw,pop
7Cg8hnSsmbfC6fxCykWYrh,pop
5f1C9EB4G4MrxxmWmZP5Wo,trap
5f1C9EB4G4MrxxmWmZP5Wo,rap
5f1C9EB4G4MrxxmWmZP5Wo,pop
5f1C9EB4G4MrxxmWmZP5Wo,hip hop
583wxBpo6S1maGz1bqYekZ,pop
2M8DUpSnqu7TlGxEgjUocd,pop
4v8n02xVhZK4CmdUAuipHn,pop
7JLPN5CklYCRotAvFGw4Q1,pop
1UUQq3z2RCIqSE1eiP00Jv,trap
1UUQq3z2RCIqSE1eiP00Jv,rap
1UUQq3z2RCIqSE1eiP00Jv,pop
556XyBuO17TCo0Bviw5nCW,trap
556XyBuO17TCo0Bviw5nCW,rap
556XyBuO17TCo0Bviw5nCW,pop
27m6NrJXMbLGlkoGBUy2IV,pop
27m6NrJXMbLGlkoGBUy2IV,hip hop
4oopAFtLdKXCoq2XoEjDZD,pop
4oopAFtLdKXCoq2XoEjDZD,hip hop
5M7RMcbgYy45XzC51HU355,pop
4AZihrM3P96d5mA9kvsxxH,pop
5amPFw5XVlNzP7uSKBXtai,pop
6NtH0d4qlaU5FakRdrdNwq,pop
4aPsL8sPDTXIR11gYfAb0i,pop
4aPsL8sPDTXIR11gYfAb0i,rock
696J4fiOALx5ifVKv10VbK,pop
29Hsg37sCbjeeCdDA0HIgt,pop
4FTXvsvz433gZR67rhxFfN,pop
1cqkZpQniJhO3wvhxqVz54,pop
12a4KgFut39rBB8WjeN2oL,pop
5mNFpEfI0KApCz2Y88LYW6,pop
2lKSCvxuWDRCyImWLIXqre,pop
64KEffDW9EtZ1y2vBYgq8T,pop
64KEffDW9EtZ1y2vBYgq8T,house
3oSJ7TBVCWMDMiYjXNiCKE,country
718COspgdWOnwOFpJHRZHS,country
4GGfAshSkqoxpZdoaHm7ky,pop
4GGfAshSkqoxpZdoaHm7ky,country
4Gso3d4CscCijv0lmajZWs,rap
2hlmm7s2ICUX0LVIhVFlZQ,trap
2hlmm7s2ICUX0LVIhVFlZQ,rap
2hlmm7s2ICUX0LVIhVFlZQ,hip hop
1QcutbFtA6u8A2ZFTZuLSL,trap
1QcutbFtA6u8A2ZFTZuLSL,rap
7hwlbJCUBQksiqlloB6x9K,cumbia
2OEZ0KKJrKXsRQ6hU9bbfS,trap
2OEZ0KKJrKXsRQ6hU9bbfS,rap
0x5lhIYknBUEozHuXjkwUs,drill
22QaKKmBIH3QiotuG30W3o,cumbia
6w9ToX5slZ4uIdmD17hJ3c,trap
6w9ToX5slZ4uIdmD17hJ3c,rap
6w9ToX5slZ4uIdmD17hJ3c,urbano latino
2XcZshqzPKm3iZcmt73R8D,trap
2XcZshqzPKm3iZcmt73R8D,rap
2XcZshqzPKm3iZcmt73R8D,urbano latino
0NnUMWDCDi1snuMja6IdxH,trap
0NnUMWDCDi1snuMja6IdxH,rap
4yxLYO2imECxGYTTV7RQKb,urbano latino
4yxLYO2imECxGYTTV7RQKb,drill
7kvnG7JhX0ycVMVb8SP8EL,trap
7kvnG7JhX0ycVMVb8SP8EL,rap
3i6lAgVHplDXb6zrjIeBeK,trap
3i6lAgVHplDXb6zrjIeBeK,rap
1cUpGtXcSQsovNYEZOQgOG,hip hop
7a0XAaPaK2aDSqa8p3QnC7,trap
7a0XAaPaK2aDSqa8p3QnC7,rap
7a0XAaPaK2aDSqa8p3QnC7,urbano latino
2NfSBtmWe7oPw1EmetJVso,pop
2NfSBtmWe7oPw1EmetJVso,urbano latino
0zO8yNnw5GQgutcIyXfGBY,r&b
7GQDI5Vmxs92RsIRZzYT11,trap
7GQDI5Vmxs92RsIRZzYT11,rap
7GQDI5Vmxs92RsIRZzYT11,urbano latino
3jGlU8UMMo44I2xeLQ6FD3,urbano latino
5J5DLfdC5YmPjVk8ljdOqU,trap
5J5DLfdC5YmPjVk8ljdOqU,rap
5J5DLfdC5YmPjVk8ljdOqU,hip hop
0eHQ9o50hj6ZDNBt6Ys1sD,trap
0eHQ9o50hj6ZDNBt6Ys1sD,rap
0eHQ9o50hj6ZDNBt6Ys1sD,hip hop
0eHQ9o50hj6ZDNBt6Ys1sD,urbano latino
28gNT5KBp7IjEOQoevXf9N,pop
28gNT5KBp7IjEOQoevXf9N,urbano latino
0GchaVw5KfSVEm0xl0OXEe,pop
4SsVbpTthjScTS7U2hmr1X,trap
4SsVbpTthjScTS7U2hmr1X,rap
4SsVbpTthjScTS7U2hmr1X,hip hop
4SsVbpTthjScTS7U2hmr1X,urbano latino
3SUT1jjM5hzZj9TLfLZGIP,trap
3SUT1jjM5hzZj9TLfLZGIP,rap
3SUT1jjM5hzZj9TLfLZGIP,hip hop
3SUT1jjM5hzZj9TLfLZGIP,urbano latino
17SY5q1CMOZJBRuPcKWwPI,trap
17SY5q1CMOZJBRuPcKWwPI,rap
17SY5q1CMOZJBRuPcKWwPI,urbano latino
4s6Xg38sbqh4xpf4OqhVUK,trap
4s6Xg38sbqh4xpf4OqhVUK,rap
4s6Xg38sbqh4xpf4OqhVUK,urbano latino
2cPqdH7XMvwaBJEVjheH8g,trap
2cPqdH7XMvwaBJEVjheH8g,rap
2cPqdH7XMvwaBJEVjheH8g,urbano latino
5lwmRuXgjX8xIwlnauTZIP,trap
5lwmRuXgjX8xIwlnauTZIP,rap
5lwmRuXgjX8xIwlnauTZIP,pop
5lwmRuXgjX8xIwlnauTZIP,hip hop
5lwmRuXgjX8xIwlnauTZIP,urbano latino
5lwmRuXgjX8xIwlnauTZIP,bachata
1qto4hHid1P71emI6Fd8xi,pop
1qto4hHid1P71emI6Fd8xi,hip hop
1qto4hHid1P71emI6Fd8xi,urbano latino
1qto4hHid1P71emI6Fd8xi,bachata
4cG43cUBRJWWDsRh4SW48i,hip hop
4cG43cUBRJWWDsRh4SW48i,drill
721o1Z0J6jQupyzLt9RnEk,hip hop
721o1Z0J6jQupyzLt9RnEk,drill
6gvVFtkTV4OCyQSCzGgU1h,hip hop
1jHpBumJuu1B6LCJQVh49x,trap
1jHpBumJuu1B6LCJQVh49x,rap
1jHpBumJuu1B6LCJQVh49x,hip hop
6xg3PSVEwviVyfnx3mtsPL,hip hop
4Vmja4orT3sZ2F3x3DanBZ,hip hop
4V1v1oFnKe0b42lZh1QBnF,hip hop
3qoxj1cR3W3crV51Wg38Ux,hip hop
1gRr6moof50L1b7XsbClvI,hip hop
3LujD0iQ9jRbSCMA39CGfO,hip hop
5RWzjEjUW2NWpSm00Ieo5X,hip hop
3FgZ0agsmQ50Y9VflHdcio,hip hop
2U1l35agymGrBDFeMIxVLG,rap
2U1l35agymGrBDFeMIxVLG,hip hop
33ngpBQcfq53FgLhpBDt8i,hip hop
5gRumjUBK1fHfuOlQxspJ9,rock
5lEkQtWa3UKlI1hj7sktcd,rap
5lEkQtWa3UKlI1hj7sktcd,hip hop
5iYtjtFv6SvHX95ny4fVEz,hip hop
1bpca6RQE5kp92pIwPMBE8,pop
1bpca6RQE5kp92pIwPMBE8,hip hop
2f1Czzz5n4BX80U6cksGr9,rock
28oxY7ZfDt1BJFf8FVfpEh,hip hop
2ZHJEckf6HJXMSuD2icSSW,pop
2ZHJEckf6HJXMSuD2icSSW,hip hop
7KjsjftPKKarTvZlawniPi,rap
7KjsjftPKKarTvZlawniPi,pop
1GKN1Js8fa19K23eIhOMhg,pop
74HomvqoUecDcUPRespyqg,pop
74HomvqoUecDcUPRespyqg,hip hop
5FIdLxucf1EKqZfxeeXZzD,pop
4ZwOlDVAGXQo66ykbLQ8dP,pop
4ZwOlDVAGXQo66ykbLQ8dP,hip hop
1d5Y2zrhRQ6R0plv652L67,pop
1d5Y2zrhRQ6R0plv652L67,hip hop
2eBqkaIfoNsOPCQCQEy5fD,pop
2eBqkaIfoNsOPCQCQEy5fD,hip hop
2KbikmQKGiUPR2ARs1h0sq,pop
2KbikmQKGiUPR2ARs1h0sq,hip hop
2dfY7zXIP61MKHtD175hFp,pop
2dfY7zXIP61MKHtD175hFp,hip hop
7JoViNQIqOIaxcBswboN5d,pop
7JoViNQIqOIaxcBswboN5d,hip hop
3pVuaUisHmRfVy53qWwmql,pop
3SyJZpVRYuncgXPtjAceOJ,pop
2d7AMvzFwh5wUTuqQl3BAE,pop
2d7AMvzFwh5wUTuqQl3BAE,hip hop
5RaTuqY7SJHvh6MNzMagut,pop
5RaTuqY7SJHvh6MNzMagut,hip hop
14nVYgOiwVBJIEATXIDYC8,pop
3elCsuJ1JjDeAd8mjlRRX5,pop
6xfKNngTw1zxViM96HSTCq,pop
7nCIXUCqZmxntAGJMyls5c,pop
1w2fVGZN37TieWhlqS8UwB,pop
3RYYha3CC7js2PHbcBHewt,pop
3RYYha3CC7js2PHbcBHewt,hip hop
4ysmSq2N7badobfVT6YZ82,pop
4ysmSq2N7badobfVT6YZ82,hip hop
3UaEtP4pJGDhyEzy47AMzl,pop
1GLzVjVa7bLnAcD1At98j3,pop
1GLzVjVa7bLnAcD1At98j3,hip hop
028xhPwqtWva4J0MkFHY2x,pop
028xhPwqtWva4J0MkFHY2x,rock
0thQkzSyTo4l3zbpibZznQ,pop
0yqCOSZ1i0c49UUbE8AzbQ,pop
1YwMnnHvnG64fJxYSVwmN6,pop
1YwMnnHvnG64fJxYSVwmN6,hip hop
1uNFoZAHBGtllmzznpCI3s,pop
4ncaw2cfA3Wlly1tBD2eWt,dembow
0TnOYISbd1XYRBk9myaseg,pop
0TnOYISbd1XYRBk9myaseg,hip hop
3OcvS8PzSGYMBvLdzY6g3e,pop
4VVEpEhC8NcR7AqNEds42U,rap
4VVEpEhC8NcR7AqNEds42U,dembow
7w0t8O8nbirfLvGJgKK0xk,dembow
3Z8i7zAQr7lPwH7pUQnlXJ,dembow
7eUSP77ZhnXleSue48JWiT,pop
5rlinmh5Y0p4zfMY5qngpX,trap
5rlinmh5Y0p4zfMY5qngpX,rap
5rlinmh5Y0p4zfMY5qngpX,dembow
4UcGO4hOufILa9qGd3KOCo,trap
4UcGO4hOufILa9qGd3KOCo,rap
4UcGO4hOufILa9qGd3KOCo,dembow
30TfJAUX5Aeh7qKjyndmsO,dembow
2rMFPjySMqkgBajkLKL6zo,dembow
2dHbjVgpO3NvzY8D7yZvji,dembow
0L7AJNWmGtSjzASON8eTDW,dembow
1y8spb5Thg0p5ybNtdk4tu,dembow
6kq4GHwUcUojGIu0ziSNXf,trap
6kq4GHwUcUojGIu0ziSNXf,rap
6kq4GHwUcUojGIu0ziSNXf,urbano latino
6GlX3FdCQrMftGfVaWcmPZ,dembow
7qYeIN2r4H1kBvr0Gm9Iav,urbano latino
44cW3xznP61BXbu0e7fgxn,trap
44cW3xznP61BXbu0e7fgxn,rap
12lHTAdc9T204lw5qPtasv,trap
12lHTAdc9T204lw5qPtasv,rap
12lHTAdc9T204lw5qPtasv,urbano latino
0XXR1ghu7pFEcfdmhq52E9,dembow
1f7FtdbdaRjeeOr0gK9f3L,dembow
0B4uq7LA4vdVwFPDoOcVtw,dembow
0tR60pwxQ5WKjPxQcKoCQ7,trap
0tR60pwxQ5WKjPxQcKoCQ7,rap
0PPgD3dY7wrxsMe021mByK,dembow
2kF83E9c7WmW5XdqwUrJd2,dembow
60uh2KYYSCqAgJNxcU4DA0,pop
60uh2KYYSCqAgJNxcU4DA0,rock
1Ts9of7VPZElwPQnqnDSfW,trap
1Ts9of7VPZElwPQnqnDSfW,rap
1Ts9of7VPZElwPQnqnDSfW,urbano latino
1GKIlPFdcewHtpDVCQ8zmJ,trap
1GKIlPFdcewHtpDVCQ8zmJ,rap
1GKIlPFdcewHtpDVCQ8zmJ,urbano latino
4IMgqWorWJUqUlbULGdoBa,pop
7yBuSjd5Z3w7acodk51evR,trap
7yBuSjd5Z3w7acodk51evR,rap
7yBuSjd5Z3w7acodk51evR,hip hop
5CSaIf8OAstAYE5oqQeS15,pop
3mUUUQDWnVlttF1yERxmPQ,trap
3mUUUQDWnVlttF1yERxmPQ,rap
5764EiAfWT26wi1CdLcnwz,trap
5764EiAfWT26wi1CdLcnwz,rap
5764EiAfWT26wi1CdLcnwz,hip hop
5QKGejJMncXUNUb9pUFbEf,trap
5QKGejJMncXUNUb9pUFbEf,rap
2KJgliIl1dMyeOMyCcnYv7,pop
5rCq30EbJ3DfZPKybGZj8F,pop
2PM82jOCB674w4BL08zFVS,pop
4BKC2HOGEqtYz2Xbgp9N1q,trap
4BKC2HOGEqtYz2Xbgp9N1q,rap
4BKC2HOGEqtYz2Xbgp9N1q,hip hop
2GVksDv9UpY60i4CvytrZK,pop
2GVksDv9UpY60i4CvytrZK,rock
2iToE4LH0W9zs4hVw3A7m6,pop
2KjiHtx0h8tyJXbg8aYRgu,pop
5HczG7gdd89oDKY0CUyPof,pop
4o6vIkdmHiEXZOesrJj3KO,trap
4o6vIkdmHiEXZOesrJj3KO,rap
4o6vIkdmHiEXZOesrJj3KO,pop
4o6vIkdmHiEXZOesrJj3KO,hip hop
5LtHZB7vU02HtNoOzNcVhc,pop
6bb9VI1PpPTEmdgcgjTppX,pop
0IiR4LJwslf6HBSdk9W3Dg,pop
5OaC42gxOxSYgfmmSxe672,pop
2N72bJ8IYB4KZmKmxz5Xkk,pop
56chSp36PsMhpQvUn1kdR3,trap
56chSp36PsMhpQvUn1kdR3,rap
56chSp36PsMhpQvUn1kdR3,hip hop
57UiSuUcw9m0MV4bC2DukM,trap
57UiSuUcw9m0MV4bC2DukM,rap
57UiSuUcw9m0MV4bC2DukM,hip hop
63OMTYC88PAsd7ffM3ErQv,pop
5miyPYjh5EcpOSqloDJPID,pop
1bfl0AU8SqmLkElptOprhC,sierreno
5eumcnUkdmGvkvcsx1WFNG,corrido
0pePYDrJGk8gqMRbXrLJC8,sierreno
0pePYDrJGk8gqMRbXrLJC8,corrido
6pV5zH2LzjOUHaAvENdMMa,corrido
0elWFr7TW8piilVRYJUe4P,sierreno
0elWFr7TW8piilVRYJUe4P,corrido
6dLuQ5qXxIuWc5urxfIiZR,sierreno
6dLuQ5qXxIuWc5urxfIiZR,corrido
2rmkQLzj0k4nZdQehOUByO,corrido
33ScadVnbm2X8kkUqOkC6Z,trap
33ScadVnbm2X8kkUqOkC6Z,rap
33ScadVnbm2X8kkUqOkC6Z,pop
33ScadVnbm2X8kkUqOkC6Z,hip hop
33ScadVnbm2X8kkUqOkC6Z,urbano latino
7Gi6gjaWy3DxyilpF1a8Is,sierreno
7Gi6gjaWy3DxyilpF1a8Is,corrido
1pgDilWYDWLoOgGjf1iHNu,urbano latino
5lFhCi03HDneWzvCxGctrT,trap
5lFhCi03HDneWzvCxGctrT,rap
5lFhCi03HDneWzvCxGctrT,urbano latino
3LKXWvXFWrkwUzJWxzwVpW,urbano latino
3TVXtAsR1Inumwj472S9r4,rap
3TVXtAsR1Inumwj472S9r4,pop
3TVXtAsR1Inumwj472S9r4,hip hop
2cNMMulo6S2a0tHrwX2s6i,pop
6kSiYWWt4597uZNH0Cpjig,pop
13ubrt8QOOCPljQ2FL1Kca,rap
13ubrt8QOOCPljQ2FL1Kca,hip hop
6Xb4ezwoAQC4516kI89nWz,pop
5vSQUyT33qxr1xAX2Tkf3A,rap
5vSQUyT33qxr1xAX2Tkf3A,hip hop
5nZADoZFWVB90dHpk5zvXy,pop
5nZADoZFWVB90dHpk5zvXy,hip hop
55I7E3FxDsnuRqr0sQSrMf,hip hop
6TsAG8Ve1icEC8ydeHm3C8,rap
4S18DTzCeExY2k5vi6rGWW,pop
6acByqWJeuaM0TX5VoY6an,hip hop
6kvEy25jX5e1RtdFn1Eo3X,pop
1QAJqy2dA3ihHBFIHRphZj,pop
4oLeXFyACqeem2VImYeBFe,house
5SXuuuRpukkTvsLuUknva1,rap
5SXuuuRpukkTvsLuUknva1,hip hop
78rUTD7y6Cy67W1RVzYs7t,pop
2SrSdSvpminqmStGELCSNd,hip hop
2Pn8JMNrnRnSpNRPPgtiWA,trap
2Pn8JMNrnRnSpNRPPgtiWA,rap
2Pn8JMNrnRnSpNRPPgtiWA,hip hop
6IKJyoGeFRCRDb90U6AEzp,trap
6IKJyoGeFRCRDb90U6AEzp,rap
6IKJyoGeFRCRDb90U6AEzp,drill
5m8QXFAKCuty66pOzy9aPZ,pop
0hVN0MWgK3oTTBoqBVSRwt,hip hop
1iRlPYW9AnnyLTPfy53Mj9,hip hop
3Lc2yroP05lRK5z9NtQTkc,pop
3Lc2yroP05lRK5z9NtQTkc,hip hop
2E93OTghhH2JKYUWt48gFK,pop
2E93OTghhH2JKYUWt48gFK,hip hop
3aD9K1zaLQ3G7yp9XV5E4D,pop
3aD9K1zaLQ3G7yp9XV5E4D,hip hop
4cmLVUbkth6BauCptSGKsV,hip hop
7meg3neLTT2WR1LDjL8jze,pop
7meg3neLTT2WR1LDjL8jze,hip hop
0hidKEfknd2aNabseugaN2,trap
0hidKEfknd2aNabseugaN2,rap
0hidKEfknd2aNabseugaN2,hip hop
5aF5rqONOxygQlthvJ5Wjr,drill
56fNXc6wRoO6rkxs0mNtL4,hip hop
3kKa5RWsRwK2f5Xu2RHBB7,drill
2JSX0lIYekUp6F301cTHkq,hip hop
3I4GcOB25cSJHa9d7Bsgji,pop
3I4GcOB25cSJHa9d7Bsgji,hip hop
2zd9YxlsQvA5mkZ1NarYVQ,rap
2zd9YxlsQvA5mkZ1NarYVQ,pop
0cv9YYFgE0vLVgTjMrOZup,pop
0PyeoSEt7RQPbjuzy3JK9O,hip hop
3bAa4FKwIgwWYHdaUJicmE,pop
4Q4b4S784htx6DtxcMUfMO,pop
4yJlK8mRoESpFoPq3sOAi5,pop
4yJlK8mRoESpFoPq3sOAi5,hip hop
6LkMGN0t3HDNL8hIvma70r,pop
5BTRN678gL6XT4kv3TBopQ,hip hop
3YC5DVJDjyazvB8hxJSybr,pop
4gl9wpGYA4o15ykU2FBnd3,pop
4gl9wpGYA4o15ykU2FBnd3,rock
5H34mYQz0gLcqPWIOTyDaJ,pop
5H34mYQz0gLcqPWIOTyDaJ,rock
69pjn3Oxt0azUYEw9NE4S0,pop
1fy2OEMI7TX9ayBKxErHK0,hip hop
3vUMXQ9kPnZAQkMkZZ7Hfh,pop
3vUMXQ9kPnZAQkMkZZ7Hfh,hip hop
5Vf6gyVzfo8TnzrPRBg3qo,pop
6Te49r3A6f5BiIgBRxH7FH,pop
6Te49r3A6f5BiIgBRxH7FH,hip hop
7CUFPNi1TU8RowpnFRSsZV,pop
7CUFPNi1TU8RowpnFRSsZV,hip hop
7CUFPNi1TU8RowpnFRSsZV,r&b
7x3eTVPlBiPjXHn3qotY86,pop
7x3eTVPlBiPjXHn3qotY86,hip hop
7x3eTVPlBiPjXHn3qotY86,r&b
4uJNQGa3L2frXDxwgouTIw,pop
4uJNQGa3L2frXDxwgouTIw,hip hop
4uJNQGa3L2frXDxwgouTIw,r&b
26zgIfFyTCImkHAp5gwKW8,r&b
2GlEiSHYEKlq9cUYDa9oZb,r&b
0PcU18DNfkn3pmbjy5yMFz,r&b
3igykO7sW43wfhSjvnETTo,rap
6HCBnyTBSLdb3TFn2ayulY,rap
6HCBnyTBSLdb3TFn2ayulY,pop
6HCBnyTBSLdb3TFn2ayulY,hip hop
5gqmbbfjcikQBzPB5Hv13I,rap
5gqmbbfjcikQBzPB5Hv13I,pop
5gqmbbfjcikQBzPB5Hv13I,hip hop
5gqmbbfjcikQBzPB5Hv13I,drill
5gqmbbfjcikQBzPB5Hv13I,r&b
3YBJLs7RqR0aPGBgU27nDh,pop
3YBJLs7RqR0aPGBgU27nDh,hip hop
58wXmynHaAWI5hwlPZP3qL,rap
58wXmynHaAWI5hwlPZP3qL,pop
58wXmynHaAWI5hwlPZP3qL,hip hop
7DUTsWY3RBd64vh8UtgtYA,pop
7DUTsWY3RBd64vh8UtgtYA,hip hop
20JMfmzDb5cjHxEoMXXMyY,rap
20JMfmzDb5cjHxEoMXXMyY,pop
20JMfmzDb5cjHxEoMXXMyY,drill
4IS4EyXNmiI2w5SRCjMtEF,pop
5gs4Sm2WQUkcGeikMcVHbh,rap
5gs4Sm2WQUkcGeikMcVHbh,pop
5gs4Sm2WQUkcGeikMcVHbh,hip hop
7CW7QdOgRStOg7JktRuZ3E,pop
7CW7QdOgRStOg7JktRuZ3E,r&b
2z2TRvloJt4EfUNQp9rHAi,rap
2z2TRvloJt4EfUNQp9rHAi,pop
2z2TRvloJt4EfUNQp9rHAi,hip hop
2z2TRvloJt4EfUNQp9rHAi,r&b
2jFnPm8VeSO19i6B8blXB5,pop
2jFnPm8VeSO19i6B8blXB5,hip hop
2jFnPm8VeSO19i6B8blXB5,r&b
2rEVnwCPBeGkWMv425KoG1,pop
1qQLhymHXFPtP5U8KNKsm6,hip hop
39KEQQAG9JhIt71g9NEVhh,hip hop
1aS5tqEs9ci5P9KD9tZWa6,hip hop
6h1s4i4XKIYv4ErDelLDN0,hip hop
1yIifIA91WgmfzBcjbQB8i,hip hop
07SFzTMeYf5P8Rd32a9Zzw,hip hop
3NZPZUWDcJngcu8MuBpT69,hip hop
0PPCPsuv0iOAYKGR2SkFal,rap
0PPCPsuv0iOAYKGR2SkFal,hip hop
6GoNVmYCl0yUm4pEp80vn6,rap
6GoNVmYCl0yUm4pEp80vn6,hip hop
4hK7sEnm0se5bqoI3Yb5o1,pop
4Yttlv9ndGjCDCVLqM7ACq,pop
4Yttlv9ndGjCDCVLqM7ACq,hip hop
3F2BUPEkX9IDaRYAeJN0Gh,hip hop
3ZuBEj9ppJe8GSdKaMTfMN,hip hop
0t84CBqmvihsUVFme33TLd,hip hop
5j21TGkrNEAJe3gG9VlS34,hip hop
5pVRwX5ZQR7hfJ18w8ZYkl,rap
5pVRwX5ZQR7hfJ18w8ZYkl,hip hop
3pjq2pDV9RR6VY55wBjVnp,hip hop
1yBH6dqnD6xzSeCjXp9pKm,trap
1yBH6dqnD6xzSeCjXp9pKm,rap
0cy6ZMOTeautXRNJsR6PiV,trap
0cy6ZMOTeautXRNJsR6PiV,rap
0cy6ZMOTeautXRNJsR6PiV,drill
6WzxopGY3sy97IeNFaDELc,trap
6WzxopGY3sy97IeNFaDELc,rap
6WzxopGY3sy97IeNFaDELc,drill
6wN4QyhoM6fN49kEB25rnl,trap
6wN4QyhoM6fN49kEB25rnl,rap
6wN4QyhoM6fN49kEB25rnl,hip hop
6hyFvbMnKrLVujJZnovsWz,rap
6hyFvbMnKrLVujJZnovsWz,pop
6hyFvbMnKrLVujJZnovsWz,hip hop
2bucjueNUx2aVTUA7zj6w7,trap
2bucjueNUx2aVTUA7zj6w7,rap
1zeAbUJAbLOWeYpgRVnYmu,trap
1zeAbUJAbLOWeYpgRVnYmu,rap
1zeAbUJAbLOWeYpgRVnYmu,drill
7zYmrye7LvmpMkfHWrENu9,trap
7zYmrye7LvmpMkfHWrENu9,rap
3KcZf8BFeFBtnGyOZmUggd,trap
3KcZf8BFeFBtnGyOZmUggd,rap
3KcZf8BFeFBtnGyOZmUggd,hip hop
29Bl0nvClztM0dpgY2vvcc,trap
29Bl0nvClztM0dpgY2vvcc,rap
29Bl0nvClztM0dpgY2vvcc,hip hop
48h12D3cJbqfn1ReVL9qbw,drill
6YYOTK6Qyv6PuFipPxCCoe,drill
7AWAljMatr7bxddF4kWzXG,trap
7AWAljMatr7bxddF4kWzXG,rap
7AWAljMatr7bxddF4kWzXG,hip hop
1LxWE4LOhnqeaAx2tVUK6p,trap
1LxWE4LOhnqeaAx2tVUK6p,rap
1LxWE4LOhnqeaAx2tVUK6p,hip hop
39E15l8zeCDYpSZwFNX4G2,pop
69EosSfMcqIxCMw7VeVPVC,pop
6OBgaDVTONTa4rkGpE7sVE,trap
6OBgaDVTONTa4rkGpE7sVE,rap
5YquORfLTx6nWMlBzJstx7,pop
1UdbiTrv73Dp7F0s3OHmn2,trap
1UdbiTrv73Dp7F0s3OHmn2,rap
1UdbiTrv73Dp7F0s3OHmn2,hip hop
3qg78GGGWP04yTv0ZQMsXl,pop
5XABVWdxtyuupsE2YUGrma,trap
5XABVWdxtyuupsE2YUGrma,rap
2ra3quFhImLyv0c9XTnWFl,trap
2ra3quFhImLyv0c9XTnWFl,rap
2ra3quFhImLyv0c9XTnWFl,pop
2wn1GEkgU8x5i1fstfxog4,hip hop
5svarA8QyRUWetgH9ZouQq,trap
5svarA8QyRUWetgH9ZouQq,rap
5svarA8QyRUWetgH9ZouQq,drill
1OJxI4NQfY6osMvhfRMMEX,hip hop
1OJxI4NQfY6osMvhfRMMEX,drill
2SabhGDiBSyaM6QSuBUVqB,trap
2SabhGDiBSyaM6QSuBUVqB,rap
2SabhGDiBSyaM6QSuBUVqB,pop
2SabhGDiBSyaM6QSuBUVqB,hip hop
0vUcZVCNG7i5OV0zb8Icfw,trap
0vUcZVCNG7i5OV0zb8Icfw,rap
0vUcZVCNG7i5OV0zb8Icfw,hip hop
1RqOmrtivmvKrfBO81j1ou,trap
1RqOmrtivmvKrfBO81j1ou,rap
3jPN2U65cMPzvozEBue5zp,trap
3jPN2U65cMPzvozEBue5zp,rap
0WxSlQlue0fq99fXfGBmxA,trap
0WxSlQlue0fq99fXfGBmxA,rap
2FTua3TeIGnmQQrN80DinP,pop
4Rh80sXmcG4xDP1r6dTNiQ,corrido
6Sbl0NT50roqWvy746MfVf,sierreno
6Sbl0NT50roqWvy746MfVf,corrido
5YqI7p8zYsOpKJtjxYdOce,corrido
3p8PwzenE7ktd4BVFuQzMD,sierreno
3p8PwzenE7ktd4BVFuQzMD,corrido
5vV3bFXnN6D6N3Nj4xRvaV,pop
5vV3bFXnN6D6N3Nj4xRvaV,k-pop
4dqqy9z09htrVsRiJpoQmw,pop
4dqqy9z09htrVsRiJpoQmw,hip hop
0zmW213tzA7NFv6ESRso7N,pop
0zmW213tzA7NFv6ESRso7N,hip hop
6EIriUxo7vznEgJtTDlXpq,pop
7JOS2dpikWR1qxVZfLbKju,trap
7JOS2dpikWR1qxVZfLbKju,rap
3RDALl5RyRDHPryF1uyWwG,trap
3RDALl5RyRDHPryF1uyWwG,rap
3RDALl5RyRDHPryF1uyWwG,pop
3RDALl5RyRDHPryF1uyWwG,hip hop
35BhE5C6szF898n5WgUSgO,trap
35BhE5C6szF898n5WgUSgO,rap
35BhE5C6szF898n5WgUSgO,pop
5Zwlr28h134D0OzxzUfVCA,trap
5Zwlr28h134D0OzxzUfVCA,rap
5Zwlr28h134D0OzxzUfVCA,pop
5Zwlr28h134D0OzxzUfVCA,hip hop
2dmFGufs1lJpgKnb5NyPNS,pop
2O9w0WQhGtr7oQWG6nUqh5,pop
2O9w0WQhGtr7oQWG6nUqh5,hip hop
5ALUgNuS421MZrrrAhM9Bv,pop
5ALUgNuS421MZrrrAhM9Bv,hip hop
0Qld3F5Dr62sYbuivSzEMw,pop
0Qld3F5Dr62sYbuivSzEMw,hip hop
3PMRY3PR5xAe5UpRfPPuaG,trap
3PMRY3PR5xAe5UpRfPPuaG,rap
3PMRY3PR5xAe5UpRfPPuaG,pop
3PMRY3PR5xAe5UpRfPPuaG,hip hop
5Y82XghASZwxaZGe7tJVUJ,pop
1O4dvMoyQSIClCii6DSai8,pop
3T7cPgj4vAIoSdypl7cNH8,pop
0EQbKeNi7GXjfN2LndmReh,pop
5x9gQC3VztdH5mQO5EEi9y,trap
5x9gQC3VztdH5mQO5EEi9y,rap
5x9gQC3VztdH5mQO5EEi9y,pop
4imSxhDqtkiuKUamV1AL2l,pop
6MBiPjSFsYijvVDtKDwVs4,pop
6MBiPjSFsYijvVDtKDwVs4,hip hop
0OCQtSY66ZM9xUUsuvjDXw,pop
4jfe3cL8wzjPxD9CViP2dW,pop
4jfe3cL8wzjPxD9CViP2dW,hip hop
1tNJibl39hvCIVSnGaiwx5,pop
7FRQP6Ivwv3DQCLxpR3I6Z,hip hop
5fxRKBJNkss9n22ePnifL6,hip hop
734Ea35ORu5chErtoqMMtU,hip hop
6100Rwk1ypJpElhvxSKju4,pop
3hvKmeo12OU7ai8Mpgraf7,hip hop
5A5hVxY3BogJUch1IUcuw7,pop
6opz1Ax3VqCmeQBGax1erx,pop
7rjcERw1K9oR9vtik3YSJN,pop
7rjcERw1K9oR9vtik3YSJN,hip hop
4ynaUZA4BVF6d2XaNuflVz,pop
6TBRY5HueSwE3yVgBIHcy2,pop
4gdMJYnopf2nEUcanAwstx,pop
05etL4pzWd6TSv1x5WrlG3,pop
22UtphG4LcwxlhhV0aP4js,pop
1SyKki7JI1AZNKwgNMkn25,pop
1E6arsXf5Fgsnv9YpSzjpE,pop
1mBydYMVBECdDmMfE2sEUO,pop
7uIbLdzzSEqnX0Pkrb56cR,hip hop
4zCH9qm4R2DADamUHMCa6O,hip hop
5VVN3xZw1i2qihfITZlvCZ,pop
1T7MiVJ2MJlR5GKi11w4VT,pop
2rN8LHqK4TBI7y3d9POvJb,pop
2rN8LHqK4TBI7y3d9POvJb,hip hop
4PY2xnTu90K0hvkgcljRJl,pop
2FKWNmZWDBZR4dE5KX4plR,pop
6DARBhWbfcS9E4yJzcliqQ,pop
6DARBhWbfcS9E4yJzcliqQ,hip hop
3nqS8jzqmsPKFJTp0BOIel,pop
4f7KfxeHq9BiylGmyXepGt,pop
5wJ1H6ud777odtZl5gG507,pop
0y59o4v8uw5crbN9M3JiL1,trap
0y59o4v8uw5crbN9M3JiL1,rap
0y59o4v8uw5crbN9M3JiL1,hip hop
183DgO92lAqgpVVNKI7ZKF,pop
3ozYqVCLohfpXIhalkhM8D,pop
5TNSXFCNwlq2CfiMcNOCDP,pop
3iGhlvzpXc0UHBQ7klAItX,pop
05dG9pMLRWenxzvSmefE6U,pop
6WOdPJmexxFINcKMkP2jMG,pop
6q29t5RuXxlBuqIZsOMQss,pop
2cjQTf2J5yCaNY8qHpW855,pop
2cjQTf2J5yCaNY8qHpW855,hip hop
4gzrZDyL5gYiROkv27pYKx,pop
5r3wPya2PpeTTsXsGhQU8O,hip hop
2oSONSC9zQ4UonDKnLqksx,pop
3qpyErDI4i90q5EGgSRmNK,pop
682M6cmwGHOyAB1ZmPv38W,pop
4xNgNFUMUuGCoy7IX74Y60,pop
5gZhfbckaWo89OzDSk3gdT,pop
6LEG9Ld1aLImEFEVHdWNSB,pop
6LEG9Ld1aLImEFEVHdWNSB,hip hop
74OaRjmyh0XyRZsQQQ5l7c,pop
2GoeZ0qOTt6kjsWW4eA6LS,pop
3dN9MQpjIyNxyeRfz4EDZe,pop
3nLLr3ShsQC2Hdrwjl14ie,pop
5Plk4JdCzMxhAHSRTEsxJp,pop
6X28gNASnalAWseUA8uI4X,pop
6X28gNASnalAWseUA8uI4X,hip hop
3tMTXQyRrPmMyHv5SoC0TV,pop
1v1khTmozNfxB2ET1Ep288,pop
1v1khTmozNfxB2ET1Ep288,rock
6Sv2jkzH9sWQjwghW5ArMG,pop
6YPfs6tdZXvnlzgZNU3SYT,pop
3wOsYKZM0zcKNasi3I7fP4,pop
327ipGIr9bD3MkLb2eucqC,pop
66NmU5epI0ONGmdCRbLpmW,pop
1JvbNeV9zG9Sew1JyaWsyx,pop
20zafXaLhm5IcXnSU93rNn,pop
1WX2v0BiEW19Vw7xmznLdZ,pop
06QVnTCdjs4jPKO0487EGV,pop
51kyrUsAVqUBcoDEMFkX12,pop
1NjxFrpEGZTV2Ny0OJxeWu,pop
0kw7tMniMnrp9Pcr7vgDAm,pop
6UgERnTHmjk3qXM9x5vzyO,r&b
4sEWznAKWWNcicTuLxzb6d,pop
4sEWznAKWWNcicTuLxzb6d,rock
1ZT1OfVAO3kpOEHVejBxV8,pop
2iDVt6mFbtbDEZG5ax0dTi,pop
4bAgr9zaF0bpzVGHdHuf0f,pop
611ajYp7fMbkU5CYF08tje,pop
6O74knDqdv3XaWtkII7Xjp,r&b
2dyCbip3jAVmQNAs7Sg8Y9,pop
3DHOtJqv0Bw65ENlK4FiSF,pop
3DHOtJqv0Bw65ENlK4FiSF,rock
4IWBUUAFIplrNtaOHcJPRM,pop
1zNqDE7qDGCsyzJwohVaoX,pop
0kPb52ySN2k9P6wEZPTUzm,pop
6RoZip1Hn7ahR6MjzBKKLK,pop
5L1lO4eRHmJ7a0Q6csE5cT,pop
5L1lO4eRHmJ7a0Q6csE5cT,k-pop
7Ln5yumFjHCkeZ8bAzHUcp,pop
4ubEZ6sMsrrbQChueyouCC,pop
39B7ChWwrWDs7zXlsu3MoP,pop
39B7ChWwrWDs7zXlsu3MoP,house
7zAAwgV5Wqmvpb4GzvlRkP,pop
0Cs47vvRsPgEfliBU9KDiB,pop
0Cs47vvRsPgEfliBU9KDiB,house
4qU7IJSReZnsLy5907Mtau,rock
1Wq2STGiL7ZaIHAm5jMakc,pop
7lwdlhwSxbB36wqnOwo5Kd,hip hop
1IAEef07H0fd9aA8aUHUlL,pop
1wak0ZG1LUrZPYx8RDTQoD,pop
28jEBK1RysfSUBHFofFflA,pop
3cDi1D2FHMVgljfdB1QVgr,pop
7o5IkQicos4SrXeny1LOZr,pop
2YHuWGXNWLmpBTKo1rQ3me,hip hop
0pv7p5CElqhjhzyPD4eXpe,hip hop
01r7peBt7lJhz42nE04rpM,trap
01r7peBt7lJhz42nE04rpM,rap
01r7peBt7lJhz42nE04rpM,hip hop
7MKSeamhiRpa0xiS4FHGSC,trap
7MKSeamhiRpa0xiS4FHGSC,rap
3umXlcgiDTcCRkvPVobeJc,pop
3umXlcgiDTcCRkvPVobeJc,hip hop
17pbOSPIn3lmY0vHhOlKGL,pop
17pbOSPIn3lmY0vHhOlKGL,hip hop
1CD5WWtF6AFUq6BTY20I4k,rock
6ltKIf1bortd0DQbpgKdQu,hip hop
78u2puZeKJRYIfNHkx2Jdh,hip hop
0T0COcAFHD9oZ704HbZr2A,pop
2JQK9mzxqKz16lSgICHDTx,trap
2JQK9mzxqKz16lSgICHDTx,rap
2JQK9mzxqKz16lSgICHDTx,hip hop
72UMGUwvrkXSesefytfLWy,pop
2PEMswqQspTSsAltdeF5kO,hip hop
2PEMswqQspTSsAltdeF5kO,drill
0hk4xVujcyOr6USD95wcWb,trap
0hk4xVujcyOr6USD95wcWb,rap
0hk4xVujcyOr6USD95wcWb,hip hop
25u1DN0MwQVSav4XoJS7hl,rap
25u1DN0MwQVSav4XoJS7hl,pop
1A6HBLulvBFzNtlMb7b08f,pop
4rj3KWaLAnuxgtMMkypZhf,pop
7GacyaFUp0qkEJglERX9N7,pop
396Jr76018oUMR6QBnqT8T,pop
0lI3rF4hi4op6UxqlLHPzv,pop
0lI3rF4hi4op6UxqlLHPzv,hip hop
3yGA8yyowtKVXgNIXguMfz,rap
3yGA8yyowtKVXgNIXguMfz,hip hop
27LlKWxS3KXW7RRAxN5S8s,trap
27LlKWxS3KXW7RRAxN5S8s,rap
27LlKWxS3KXW7RRAxN5S8s,pop
27LlKWxS3KXW7RRAxN5S8s,hip hop
7K80yOTC0Id95gRaOxDG5u,pop
7K80yOTC0Id95gRaOxDG5u,hip hop
4w9mPW732RnZkoqsy3lRsg,hip hop
0jdNdfi4vAuVi7a6cPDFBM,trap
0jdNdfi4vAuVi7a6cPDFBM,rap
0jdNdfi4vAuVi7a6cPDFBM,pop
0jdNdfi4vAuVi7a6cPDFBM,hip hop
0EUR8jz8L936AEbV2Spkca,hip hop
6RdcIWVKYYzNzjQRd3oyHS,pop
76UCIJTB0jcJvBaL0CdIqx,pop
76UCIJTB0jcJvBaL0CdIqx,hip hop
3wDn3kW2zDRLnaQAnX0S3x,rap
3wDn3kW2zDRLnaQAnX0S3x,hip hop
2pzFTbri7ew8mW2CbYpCNq,hip hop
35V1WomiedCJeGfupcPm7s,pop
2K5nCggbhSZ00YCYP5qkZS,trap
2K5nCggbhSZ00YCYP5qkZS,rap
2K5nCggbhSZ00YCYP5qkZS,pop
2K5nCggbhSZ00YCYP5qkZS,hip hop
3egWSWp7Y4FyCKIyvXbw7L,pop
3egWSWp7Y4FyCKIyvXbw7L,hip hop
7GgpsUpkj3olseoaTY7TEY,pop
11TplWqOPQBTmg2eiSLt1m,pop
1rWg0CyGoCsRYYtpj5NC5P,pop
1AgAVqo74e2q4FVvg0xpT7,trap
1AgAVqo74e2q4FVvg0xpT7,rap
1AgAVqo74e2q4FVvg0xpT7,pop
1AgAVqo74e2q4FVvg0xpT7,hip hop
0EqkKYDK9EkKY5N7zU3FPv,pop
6CKch2otN4SPznHf9ms5JF,trap
6CKch2otN4SPznHf9ms5JF,rap
6CKch2otN4SPznHf9ms5JF,pop
6CKch2otN4SPznHf9ms5JF,hip hop
3AVx3OBPIk4pJQllAXoVs1,pop
5f7VJjfbwm532GiveGC0ZK,trap
5f7VJjfbwm532GiveGC0ZK,rap
5f7VJjfbwm532GiveGC0ZK,hip hop
2E6AK3UPEGCvjnzuygCh2h,trap
2E6AK3UPEGCvjnzuygCh2h,rap
2E6AK3UPEGCvjnzuygCh2h,hip hop
6PsQc21YZU7WNfiODG69Qk,rap
6PsQc21YZU7WNfiODG69Qk,hip hop
5SulO4l40qDuV9zUGLZx7n,trap
5SulO4l40qDuV9zUGLZx7n,rap
5SulO4l40qDuV9zUGLZx7n,pop
5SulO4l40qDuV9zUGLZx7n,hip hop
3LvwPiJQJ0da0GurKMToV0,trap
3LvwPiJQJ0da0GurKMToV0,rap
1UjxAZqzphB1tsMb1aWBj0,rap
2R4kNOwHUUsuDYhKsESVbF,hip hop
3hN3iJMbbBmqBSAMx5veDa,pop
3XTUciJcdix4GkO9YoBdtP,pop
23TFHmajVfBtlRx5MXqgoz,trap
23TFHmajVfBtlRx5MXqgoz,rap
23TFHmajVfBtlRx5MXqgoz,pop
23TFHmajVfBtlRx5MXqgoz,hip hop
06nvjg4wBANK6DCHjqtPNd,pop
0gzwXezN4IUHAwLufA6YcX,pop
5FEh6KHK99CyLXp3qFvZFM,rap
5FEh6KHK99CyLXp3qFvZFM,hip hop
5FEh6KHK99CyLXp3qFvZFM,r&b
4MR6tQyIrWK82b56cYPBDv,pop
08ppjXEpROUgrG1X0DEquB,trap
08ppjXEpROUgrG1X0DEquB,rap
08ppjXEpROUgrG1X0DEquB,hip hop
0vAALEhfbmllIOX1t7k5KU,hip hop
4QvgGvpgzgyUOo8Yp8LDm9,pop
4QvgGvpgzgyUOo8Yp8LDm9,rock
0pWR7TsFhvSCnbmHDjWgrE,pop
0IwZVmMMGE7nNXS7vN9SIo,pop
0IwZVmMMGE7nNXS7vN9SIo,k-pop
6YVMFz59CuY7ngCxTxjpxE,pop
6YVMFz59CuY7ngCxTxjpxE,k-pop
5Vo1hnCRmCM6M4thZCInCj,pop
5Vo1hnCRmCM6M4thZCInCj,rock
6rs1KAoQnFalSqSU4LTh8g,pop
6rs1KAoQnFalSqSU4LTh8g,rock
71UIOLnsacxQHlU55TvfiH,pop
71hQB5jxdNiHk5gzZRhicQ,pop
71hQB5jxdNiHk5gzZRhicQ,rock
63ylN6WBUUxxMsySiDmr0B,pop
2IUl3m1H1EQ7QfNbNWvgru,pop
6wxfx1yhyqjCPYwwxJktR2,pop
0ixzjrK1wkN2zWBXt3VW3W,pop
4SpbR6yFEvexJuaBpgAU5p,pop
4SpbR6yFEvexJuaBpgAU5p,k-pop
6sX1XKgDIiAcVZof0SgWUe,rock
64tJ2EAv1R6UaZqc4iOCyj,pop
36cgvBn0aadzOijnjjwqMN,pop
36cgvBn0aadzOijnjjwqMN,k-pop
0LOK81e9H5lr61HlGGHqwA,pop
0LOK81e9H5lr61HlGGHqwA,k-pop
4UK2Lzi6fBfUi9rpDt6cik,pop
7mvhRvEAHiCTQHUnH7fgnv,pop
1snhtMLeb2DYoMOcVbb8iB,pop
38WbKH6oKAZskBhqDFA8Uj,pop
72owWXEwmyfKq3ajrajPAN,rock
6mEQK9m2krja6X1cfsAjfl,pop
5TZ0uM0InXX4LtI8hTsXlv,pop
5TZ0uM0InXX4LtI8hTsXlv,hip hop
6e7rMLAtwn5YRapc2iHAlG,pop
3JLa8aXwsmX727vtb4bPUi,pop
1e9PC6DAoGYlg0r6Q1VWcI,pop
2RntBZZLAjvQxQhOKHHhX9,pop
2RntBZZLAjvQxQhOKHHhX9,hip hop
7Ln80lUS6He07XvHI8qqHH,rock
1nQdZyarkEApwhC24Ftdpk,rap
1nQdZyarkEApwhC24Ftdpk,hip hop
47UTUDCdtoo8P4YQAq9uFr,pop
47UTUDCdtoo8P4YQAq9uFr,hip hop
7aNi4lXLvcdKjZGIVbzdmu,pop
4CMquFsyU5t2qKaveFHv3B,pop
0Qy71aidwpN3kMH1fG8cJt,pop
5Srmck3vhC1RB1hAhqUk3W,pop
6Z6djJ1zi15vWmODy2Qt08,pop
6XlJ3b8DflSGBQmAOd38aj,pop
6XlJ3b8DflSGBQmAOd38aj,hip hop
1nzIoHG5B7klgAPdwjqRDj,funk
7ANOnrs1reQqbI9CGpQCQy,hip hop
250b0Wlc5Vk0CoUsaCY84M,pop
250b0Wlc5Vk0CoUsaCY84M,k-pop
1pBLC0qVRTB5zVMuteQ9jJ,pop
1bYE7N4miu1B9YOETbsxc4,pop
5u6VEc0OwUChkBhYfAcSWS,hip hop
4GQp7nMuGPcy2EgiWV2GoK,pop
1x6BAYMOuypMaYEDC7cqU7,pop
6jAmGa0ssb0T7yCsDCvMvk,hip hop
7shMk1uQMXeODDEGmbC8IL,pop
7Buj3BepqTe1ACFEa8x93l,hip hop
5IxWv5qXFhkzRt91O4i6gU,hip hop
3X4o7qy1ci4qtCVg2AtuXb,hip hop
7u9HzYQPhBC92mdvpzGqu8,hip hop
4qvH4YJ2ESxPSJ2sLMHxM5,hip hop
2kCcBybjl3SAtIcwdWpUe3,rap
2kCcBybjl3SAtIcwdWpUe3,hip hop
15UsOTVnJzReFVN1VCnxy4,rap
15UsOTVnJzReFVN1VCnxy4,hip hop
5p9HO3XC5P3BLxJs5Mtrhm,pop
4Oa84NTjAiJwpRMRMnMqlY,pop
0CinAWYkte8opxVAPI3nMu,pop
3jfKIjYYnAfdUW40Uragnd,pop
3jfKIjYYnAfdUW40Uragnd,hip hop
17IHT4KW6k85SHKiSAssQt,pop
2YLwIrzSnsbpBMKWzwu6JD,pop
6fuceMe1tElXcrzMaSjdcy,pop
45gxkYJJ7Od6URk57yexCs,pop
7o4wZjVHHWe4gw4oenPmcK,pop
53xjuOkCa7byXggNs2VZOw,trap
53xjuOkCa7byXggNs2VZOw,rap
6jx9UX4W6wVbifcN8U246U,pop
7AczdBjiNUjo4pxVVucvw1,pop
7HOmuShc6sajk74rYV7zR2,house
314gEtVHpWMBWfExBpeBwz,pop
0Y2zzjMum7MSOCvI0GNbv5,trap
0Y2zzjMum7MSOCvI0GNbv5,rap
0Y2zzjMum7MSOCvI0GNbv5,hip hop
56OLtN2Eqc3fMT40ehCj5d,pop
5YGY8feqx7naU7z4HrwZM6,pop
3uSnvyMAFJTm7XkZJFo0xP,pop
1SIocsqdEefUTE6XKGUiVS,pop
1SIocsqdEefUTE6XKGUiVS,k-pop
0zo8fkOQyrawuBfIhy99jb,pop
3c0gDdb9lhnHGFtP4prQpn,pop
3c0gDdb9lhnHGFtP4prQpn,k-pop
7hr9W3IjXcm3UlLY7guLk5,pop
6FTLayBxjkQeanFdUusk1I,pop
70NcAr4ZtA3FAqU16iQZSb,pop
30b9WulBM8sFuBo17nNq9c,rap
30b9WulBM8sFuBo17nNq9c,pop
30b9WulBM8sFuBo17nNq9c,k-pop
4TEK9tIkcoxib4GxT3O4ky,pop
4TEK9tIkcoxib4GxT3O4ky,k-pop
5fS7aONqrIhiw6YzgKVOsd,pop
0NlNru2YcUz6RbnpYGQz26,corrido
4yjm4SvYqC5FFuLbB6TyHr,urbano latino
7yCGrS6Xh3UngvY6Ad5sMJ,sierreno
7yCGrS6Xh3UngvY6Ad5sMJ,corrido
0T8Ix53aIN4F7aEKj4EnKy,corrido
4BFLElxtBEdsdwGA1kHTsx,rap
4BFLElxtBEdsdwGA1kHTsx,hip hop
7DBIKXxSh2BMPqSN7UB4rS,trap
7DBIKXxSh2BMPqSN7UB4rS,rap
7DBIKXxSh2BMPqSN7UB4rS,hip hop
0eLoiWLwWeaHGNkYke5G1k,rap
4PgPJfNYhFaHAV5C5dFhYS,rap
7vg7wkmGzMEM7p2ZkMPHJS,rap
5Et8bRmkENeaA7SPwj1OxL,trap
5Et8bRmkENeaA7SPwj1OxL,rap
7LC7LQ1f1CzaRLobFcblZN,rap
0rqQfmTWtmxzlrNmnruQXS,rap
5CtPAGoxpJ4yLJLx6CSrO8,rap
5CtPAGoxpJ4yLJLx6CSrO8,pop
5CtPAGoxpJ4yLJLx6CSrO8,hip hop
76wDwepIombkHCdm0kas1h,rap
76wDwepIombkHCdm0kas1h,pop
2XgBaGUId4RuYzvXYEKikZ,rap
2XgBaGUId4RuYzvXYEKikZ,pop
2g8Pu5gVtDpkYGsP3RLepJ,rap
5k63RPpkbbyVuufLXS2GTe,drill
3kd62SrugthLOzen7XmzG6,pop
1H0D7p5aN8tGG8DPLt0Nbv,rap
1H0D7p5aN8tGG8DPLt0Nbv,pop
1H0D7p5aN8tGG8DPLt0Nbv,hip hop
3IRAzpoLeNDGv7kqwNK3bp,rap
3IRAzpoLeNDGv7kqwNK3bp,pop
0bmKQDkU4J3gUykZS8tb6v,rap
0bmKQDkU4J3gUykZS8tb6v,hip hop
25eYSizNX4BK5ZtqAq8pE8,pop
6g4L5CJkiMINgAzUQsb7fr,trap
6g4L5CJkiMINgAzUQsb7fr,rap
4vyibjuGePnrB7BzbHkA6u,rap
1wAtSe79kItIb9nf5EhI2Q,rap
1wAtSe79kItIb9nf5EhI2Q,pop
1wAtSe79kItIb9nf5EhI2Q,hip hop
5Do9u0GoN4gFn6Nk8NGDhh,rap
7douYKOyzk9ZRvGFu9UOnm,rap
3898xesz6JuQkpz7Kiu4uM,pop
010ZclHHy7BrTO5AQ0xGgn,hip hop
010ZclHHy7BrTO5AQ0xGgn,drill
6uQiTAaIF0UBTED52UMcZp,hip hop
6uQiTAaIF0UBTED52UMcZp,drill
5aR7M98Z0H5SzbGOIfkIQt,rap
5aR7M98Z0H5SzbGOIfkIQt,pop
5aR7M98Z0H5SzbGOIfkIQt,hip hop
2ylIKKdMukkuprCgY4ZDFE,hip hop
6m1LYS5NQonxjOcQFPQOb5,rap
6m1LYS5NQonxjOcQFPQOb5,pop
6m1LYS5NQonxjOcQFPQOb5,hip hop
5GvMLzUp6tMBpaCbr903RN,rap
5GvMLzUp6tMBpaCbr903RN,pop
5GvMLzUp6tMBpaCbr903RN,hip hop
30mNTnmvPn3HwXA5dW1Iza,pop
30mNTnmvPn3HwXA5dW1Iza,rock
70SvhGqakpocD7GxVYnnBC,rap
70SvhGqakpocD7GxVYnnBC,pop
70SvhGqakpocD7GxVYnnBC,hip hop
70SvhGqakpocD7GxVYnnBC,drill
0Kwf0zcciIFGLCKiqNcO6Q,rap
0Kwf0zcciIFGLCKiqNcO6Q,pop
0Kwf0zcciIFGLCKiqNcO6Q,hip hop
0uBVyPbLZRDNEBiA4fZUlp,pop
1zT9SWCzN45r7oVhy0VYLK,pop
2YkP9pfIZ6hJKeuppuz8qT,rap
2YkP9pfIZ6hJKeuppuz8qT,pop
6zEaCvF0CqEHs7kFyBkLHi,hip hop
5adKMaYrGOMyOfnbiLPuHg,rap
5adKMaYrGOMyOfnbiLPuHg,pop
5adKMaYrGOMyOfnbiLPuHg,hip hop
7bTUZU8QavxiW0GtvEVP0M,rap
7bTUZU8QavxiW0GtvEVP0M,pop
7bTUZU8QavxiW0GtvEVP0M,drill
3Ptyea6E1lJgg6W64f0OQa,rap
3Ptyea6E1lJgg6W64f0OQa,pop
3Ptyea6E1lJgg6W64f0OQa,hip hop
0MSYpagcvnSP2o91Ji2OCw,rap
0MSYpagcvnSP2o91Ji2OCw,pop
0MSYpagcvnSP2o91Ji2OCw,hip hop
3AlRiyjMywTVNzTcHbf9QT,rap
3AlRiyjMywTVNzTcHbf9QT,pop
3AlRiyjMywTVNzTcHbf9QT,hip hop
5yDkaiPTFbHGWCMXAEBt5Q,hip hop
5qeFPM2PZUCzcpkY4e4RC8,hip hop
3IYUhFvPQItj6xySrBmZkd,country
3IYUhFvPQItj6xySrBmZkd,rock
0L8ExT028jH3ddEcZwqJJ5,funk
0L8ExT028jH3ddEcZwqJJ5,rock
7ohlPA8dRBtCf92zaZCaaB,rock
39T6qqI0jDtSWWioX8eGJz,country
39T6qqI0jDtSWWioX8eGJz,rock
4YLtscXsxbVgi031ovDDdh,country
0UWZUmn7sybxMCqrw9tGa7,pop
0UWZUmn7sybxMCqrw9tGa7,rock
7lKk7yXNockkDjhb1GCeOy,trap
7lKk7yXNockkDjhb1GCeOy,rap
7lKk7yXNockkDjhb1GCeOy,pop
7lKk7yXNockkDjhb1GCeOy,hip hop
7lKk7yXNockkDjhb1GCeOy,drill
0elSJZFrHnayc7AUCkbWAl,rap
0elSJZFrHnayc7AUCkbWAl,pop
0TW5M8RYADmgeCP1q523hf,rap
0TW5M8RYADmgeCP1q523hf,pop
0TW5M8RYADmgeCP1q523hf,hip hop
6Lu4e8FvAWcp1S5BVoDLjJ,rap
6Lu4e8FvAWcp1S5BVoDLjJ,pop
5N9d9BMxodykFktDttHERD,rap
5N9d9BMxodykFktDttHERD,pop
3scNK8e4mqnP6Rb8a3lwZY,pop
3scNK8e4mqnP6Rb8a3lwZY,hip hop
1nCZUpBIcyOxufOx0lPeIW,pop
1nCZUpBIcyOxufOx0lPeIW,hip hop
1Bz46nDCMO1UOKp9GJjL92,pop
6gIqKYKRmltKfkTnxhMv8V,hip hop
1n6pjRJkTY5v8RtUCAv5pi,hip hop
6QoCrBHsojKnOrsGNfRcTN,pop
6QoCrBHsojKnOrsGNfRcTN,hip hop
69xcFpmqTOmFNOL08Bxyci,hip hop
5Us2dsq4VHlfLbKOrskg7K,pop
47SaOSOqcrxSJNZUuqpLuu,pop
5DHi2MeoRgAwPE0A0qwRMl,pop
5DHi2MeoRgAwPE0A0qwRMl,hip hop
0OS0NZnK7TGIAWx8MkWNFN,pop
7frYUe4C7A42uZqCzD34Y4,pop
7frYUe4C7A42uZqCzD34Y4,hip hop
7hHDO4bJGlEaEHlY2lj1eZ,pop
7hHDO4bJGlEaEHlY2lj1eZ,hip hop
4qjiRRFcM4WZ0aJ3IHdWPN,pop
5mWQT8CLTa4mAQAJdFjHb1,pop
5mWQT8CLTa4mAQAJdFjHb1,hip hop
01pFDtbY3k5uOmy0Pbg93C,pop
3R1penrqtuKNTeWABjKT5N,pop
54BjV0qctcWp8xOip7uaJD,pop
1yMP2gzEFgUkib4khXN6hi,rap
1yMP2gzEFgUkib4khXN6hi,hip hop
01PyusFVbXgoD5Kl1mR8CC,hip hop
3mGW1eoqwNtCxd8R3hIOM5,hip hop
3atMq790wQ7IqjeSO0HFeP,rock
71DQO8pgnTwS3lNCq0cDcr,pop
5A0VwTrVvV03LMeBZYT99d,pop
6oYwraA8pyfDH4Otny6ooZ,pop
6g6DtbtyBi3Ir0mxiDlouJ,pop
4ebruhG8pei8qFQOfNxxLs,pop
57GVeZvmrO7oCLm0Uacrjy,pop
77ziqFxp5gaInVrF2lj4ht,trap
77ziqFxp5gaInVrF2lj4ht,rap
77ziqFxp5gaInVrF2lj4ht,pop
77ziqFxp5gaInVrF2lj4ht,urbano latino
1i8SpTcr7yvPOmcqrbnVXY,trap
1i8SpTcr7yvPOmcqrbnVXY,rap
1i8SpTcr7yvPOmcqrbnVXY,pop
1i8SpTcr7yvPOmcqrbnVXY,urbano latino
5H1nN1SzW0qNeUEZvuXjAj,trap
5H1nN1SzW0qNeUEZvuXjAj,rap
5H1nN1SzW0qNeUEZvuXjAj,pop
5H1nN1SzW0qNeUEZvuXjAj,urbano latino
0ghH5fsPlkf2XIALKJNSsb,pop
2R21vXR83lH98kGeO99Y66,trap
2R21vXR83lH98kGeO99Y66,rap
2R21vXR83lH98kGeO99Y66,urbano latino
4VMYDCV2IEDYJArk749S6m,trap
4VMYDCV2IEDYJArk749S6m,rap
4VMYDCV2IEDYJArk749S6m,hip hop
4VMYDCV2IEDYJArk749S6m,urbano latino
21451j1KhjAiaYKflxBjr1,urbano latino
329e4yvIujISKGKz1BZZbO,trap
329e4yvIujISKGKz1BZZbO,rap
329e4yvIujISKGKz1BZZbO,urbano latino
3E6xrwgnVfYCrCs0ePERDz,urbano latino
52iwsT98xCoGgiGntTiR7K,trap
52iwsT98xCoGgiGntTiR7K,rap
52iwsT98xCoGgiGntTiR7K,urbano latino
1WUEWZGTvX4AjC2y5PoSDd,cumbia
2fuu7gBnfDhgJNt1Yr4ERu,pop
0WleeEe3UurwlNbDGhb5Yz,rap
0WleeEe3UurwlNbDGhb5Yz,hip hop
0WleeEe3UurwlNbDGhb5Yz,r&b
7uDdl5V5AETSFY7K3muu22,pop
61nn6nOoLWjVC1ER2qFAvN,pop
1hMAGfvamVXuSWBFQRFMeq,rock
2WzWSpOB41g3gb78Raj6RK,rap
2WzWSpOB41g3gb78Raj6RK,hip hop
3Y7RZ31TRPVadSFVy1o8os,rap
3Y7RZ31TRPVadSFVy1o8os,r&b
3AQRLZ9PuTAozP28Skbq8V,pop
3AQRLZ9PuTAozP28Skbq8V,rock
57yOAX6apIrclpBG736Uy2,rap
57yOAX6apIrclpBG736Uy2,hip hop
0DpLoyGVbhOHNR3ht2oO9y,pop
7dFzqx2qyelGPiBKmdSEOT,pop
24fEOzlKhgSNLIcy9NdmwH,r&b
4Rxn7Im3LGfyRkY2FlHhWi,pop
0NIIxcxNHmOoyBx03SfTCD,pop
0NIIxcxNHmOoyBx03SfTCD,r&b
0MIG6gMcQTSvFbKvUwK0id,trap
0MIG6gMcQTSvFbKvUwK0id,rap
0MIG6gMcQTSvFbKvUwK0id,hip hop
7GsITNaWwtgl2FCpmNdxcH,rap
7GsITNaWwtgl2FCpmNdxcH,drill
6Lf4vAUaFUR2jAsybC7cGV,pop
2IHoZ3RrDJIikMRsYgHjhy,trap
2IHoZ3RrDJIikMRsYgHjhy,rap
2IHoZ3RrDJIikMRsYgHjhy,hip hop
4QYitR7yrCaf5CLQ09hX1m,pop
0Wi2fADbhwXlPUWxBmzo99,hip hop
2Qk1uZpDnwDozHdxmB0dDx,pop
56VhOZOF6hwqrbNYwkmcsH,trap
56VhOZOF6hwqrbNYwkmcsH,rap
56VhOZOF6hwqrbNYwkmcsH,hip hop
0TMvoNR0AIJV138mHY6jdE,pop
2FtYzWBUVhZ2vfy8S207Zf,hip hop
6HdxibJzoNkDUUDHagx3Ko,hip hop
2GzZAv52VCMdVli7QzkteT,trap
2GzZAv52VCMdVli7QzkteT,rap
2GzZAv52VCMdVli7QzkteT,hip hop
7BIHYaTeyOxOKV7EyHF0Z4,hip hop
5ic8bWWvZHWf0dDBi9ThNk,pop
5ic8bWWvZHWf0dDBi9ThNk,hip hop
1PFMCqDezh9wVkmmWZlv16,rap
19zuiWthJYU6FCqnV4mJYC,hip hop
2dLhpezBEgAELn73fiMEak,hip hop
1T4HxOYolAEb5PadIVKdWZ,hip hop
0WDJa0qnagyOnMaiD26wht,trap
0WDJa0qnagyOnMaiD26wht,rap
0WDJa0qnagyOnMaiD26wht,hip hop
3cBLJizprytrMpuFbnRnaE,pop
75wMNgYkzacOI08FN7BaG0,pop
3bS0MLzGAoO6lLUy7gguHY,hip hop
1fZAAHNWdSM5gqbi9o5iEA,trap
1fZAAHNWdSM5gqbi9o5iEA,rap
1fZAAHNWdSM5gqbi9o5iEA,hip hop
7FauNoLr3HWvWfsaBlFPhs,pop
3gm9b6AeMf2eGQTLashkDt,trap
3gm9b6AeMf2eGQTLashkDt,rap
3gm9b6AeMf2eGQTLashkDt,hip hop
1oxn6cQ37twQ7yGnlE3ETd,hip hop
3ClL18AtCAPwXVT6mUkBDN,pop
1silJqJQfrrZNFvWWjAyhh,hip hop
5RwiBwEEW5dOXGUlEVA0LT,rap
5RwiBwEEW5dOXGUlEVA0LT,pop
37Pprth5H294i7rSnIkVVV,hip hop
0iBTVnJ1Sff92zCDujfvyJ,pop
0iBTVnJ1Sff92zCDujfvyJ,hip hop
1efYxTvCNTpqYqfiEsxawq,hip hop
7uWyXPJ04ihdQdYGGw3xVV,hip hop
16TsNPlesuA1R9kPLS6nta,trap
16TsNPlesuA1R9kPLS6nta,rap
16TsNPlesuA1R9kPLS6nta,hip hop
5qgkVkdZIIBHLdnrpa3w3s,hip hop
5k96hVqrpJoo0zmlVggVzv,hip hop
3gQDpnU208VW54WF9EMsuw,pop
7li6R0hKFXu7496e0Yialv,drill
1Kjs5u8GQf6zCFdTj6SI9E,trap
1Kjs5u8GQf6zCFdTj6SI9E,rap
1Kjs5u8GQf6zCFdTj6SI9E,hip hop
1Kjs5u8GQf6zCFdTj6SI9E,drill
3bSbo5ZCbrTle7S2q8nqf8,rap
3bSbo5ZCbrTle7S2q8nqf8,hip hop
66NiiFgb74HLBN1A5ylO5t,rap
66NiiFgb74HLBN1A5ylO5t,pop
0tdKRrbItnLj40yUFi23jx,pop
7v49oVVUhvIQG5EK0jkcF7,hip hop
2TRVhYMkHV4jwB92R3McaS,pop
28WXX79U4jzq1kfjx5QXPy,hip hop
6EjCs0fSiq0HvAbCzIPeq1,hip hop
6yTJ8tQyoUxgf6aqbpsXhQ,trap
6yTJ8tQyoUxgf6aqbpsXhQ,rap
5BUJV1dbGNb61hYPK6rhtM,trap
5BUJV1dbGNb61hYPK6rhtM,rap
3E7XNzGG6qqnjwV9nOCxQM,trap
3E7XNzGG6qqnjwV9nOCxQM,rap
6ocuMBOl5OFS3AViv3DnG6,trap
6ocuMBOl5OFS3AViv3DnG6,rap
5tXxrzPQRZ7UK2cAQNSQW2,trap
5tXxrzPQRZ7UK2cAQNSQW2,rap
5ChWT8CfHjk2PnRG70ZgWV,trap
5ChWT8CfHjk2PnRG70ZgWV,rap
2S3C9sCcaSXmGzH4dVoiHF,pop
1fYKCWegShlSGe4yATnpdp,trap
1fYKCWegShlSGe4yATnpdp,rap
040gmk9Wd9sKXx199imiSM,trap
040gmk9Wd9sKXx199imiSM,rap
5ZBJ4rLeQx0IEN3ut3O1fC,pop
0yjc2FN5zju7xyuJsTfGkh,trap
0yjc2FN5zju7xyuJsTfGkh,rap
5dJZz1wDTaRM9UBo1AODI2,trap
5dJZz1wDTaRM9UBo1AODI2,rap
6dKPNkSEQOrRRvZz63Y47F,trap
6dKPNkSEQOrRRvZz63Y47F,rap
2vPnS0IpayC2RVFuQA08R4,funk
1Sdc6ySbIvzO0X9vbyHzWm,funk
4Ga1P7PMIsmqEZqhYZQgDo,rap
3pc0bOVB5whxmD50W79wwO,r&b
6fOqdhRNsMQqtwRwgo3NUv,pop
6RHTUrRF63xao58xh9FXYJ,pop
6RHTUrRF63xao58xh9FXYJ,k-pop
1Cs0zKBU1kc0i8ypK3B9ai,pop
6Ff53KvcvAj5U7Z1vojB5o,pop
2elBjNSdBE2Y3f0j1mjrql,pop
0lf8LVkrjg9GudchoppC5q,trap
0lf8LVkrjg9GudchoppC5q,rap
0lf8LVkrjg9GudchoppC5q,hip hop
5TUkb2q1sX3DiWtwBPHErg,trap
5TUkb2q1sX3DiWtwBPHErg,rap
5TUkb2q1sX3DiWtwBPHErg,hip hop
7vdksiaT0UGPpZgCCPCKrU,hip hop
7vdksiaT0UGPpZgCCPCKrU,drill
4eWCc0DOwhdz3GHxlSnYE1,hip hop
5QLfxY8Phcamadzx1r79ck,trap
5QLfxY8Phcamadzx1r79ck,rap
5QLfxY8Phcamadzx1r79ck,hip hop
1bNjWBFWsAAzZSR59lRdpR,amapiano
2mF7ygWz9oyJ3L6ZPWlZVH,amapiano
0mMqD2uqwvCjFvlzo6ayGi,amapiano
6WQFTzqYHmh8Ph2X0L0QLQ,amapiano
5kwZB1xNLgB3lln1JGS2B9,house
2GJMSZ7M3D0KyyKRhYgWju,amapiano
0fs9otT9TtwXUOcFXZomZY,house
3flcjKgRCeBVZTR8n8iShE,pop
13TUuvzi6FAkiA5F9MiYF8,amapiano
2SuwWqS2g4w2GSE4lxD1UM,pop
5ln4EWpJqQZEWXAlSNTtVz,pop
6k8odn7NzzTT4K3NBNtsfV,amapiano
1YO25RWxpZ2Pvg82Bs4ING,amapiano
5MJ5f1XKD9yu7aWfG8OGjz,amapiano
4RfOLIFy2xEmlWzXEVmLJn,pop
2iN5MhOgkenO5FtkPtEVAF,amapiano
4AnNB3lPD0Sv7ziKVHqI66,amapiano
523y9KSneKh6APd1hKxLuF,house
6sNKQgLUy4LVNEX3r1kG1A,rap
6sNKQgLUy4LVNEX3r1kG1A,pop
6sNKQgLUy4LVNEX3r1kG1A,hip hop
5m5lgddffBHA2pv0m5E2Ro,amapiano
1W5wfiEUdPebJdwmyglKP4,amapiano
3Px6IenueysHsgCQf9xFVr,rap
3Px6IenueysHsgCQf9xFVr,pop
3Px6IenueysHsgCQf9xFVr,hip hop
1ELUrmWBlXkqVabjVincQ6,amapiano
5vFGtc23dtvt3f7FSK7vtg,amapiano
6Wqpl1YTjgy5TiTluzFzjx,amapiano
0sN5oRkFliiyjSNqPIEjML,trap
0sN5oRkFliiyjSNqPIEjML,rap
5M9mFjVaPT2T1HFYFFSoCt,pop
2oA819q93vu53ZDkCJYdbN,amapiano
241x5prRiXJmnk4vSGEHcr,pop
3i9UjIGeZT2cRyltQrr8nj,pop
4QkKUb73NVonTlAZaShsuY,amapiano
2krUPP3nMYoF1C5WX3yB7J,pop
68McnNC9twEtiynOAJRRgZ,amapiano
22Bl1QCNEZvpqVwRPYscE4,amapiano
1BC2o2RW9sGr2NB8jXlYQv,amapiano
2qixIA7qPFts4yN1Av017D,pop
7Hb7ZlUE4ByWsV1Rkc4Uo2,amapiano
3xXIOO328Ieh0PWOcxivjL,amapiano
3fdFRgy3GmfiWQqeKbmFS8,amapiano
6EG9v86LsCoq5HS4Jj1zCQ,amapiano
2oIQCM7hRZI9tS5b9S8rj4,amapiano
4Ijr6oNjLibby38inghdKO,amapiano
5DuhT9Ix9p7qvE42w9liWY,amapiano
1lDWyPzSZOqP5jfZNm5lLI,amapiano
34RwSIfWKAwRdIq6cdYnZv,amapiano
7HpriU9gAJThxAfPfXpZ6N,amapiano
4VlxI0WKDh7HFgHjXcfj6v,amapiano
3ZUn6LYxdmmPYQqBhFWI3h,pop
5jCHpUIjSnOXUzVaxwBA2k,house
0dUHzfa2msKEpMevzsdwqG,house
3rIVgeRWFhGxhFF9wgJFC2,amapiano
3bvfu2KAve4lPHrhEFDZna,pop
4ixNZvQuuzCDxBsxO9zE6L,urbano latino
2YRyPiW98bpkARAS4B3OQP,trap
2YRyPiW98bpkARAS4B3OQP,rap
2YRyPiW98bpkARAS4B3OQP,urbano latino
2O8vbr4RYPpk6MRA4fio7u,trap
2O8vbr4RYPpk6MRA4fio7u,rap
2O8vbr4RYPpk6MRA4fio7u,urbano latino
1TtXnWcUs0FCkaZDPGYHdf,trap
1TtXnWcUs0FCkaZDPGYHdf,rap
1TtXnWcUs0FCkaZDPGYHdf,hip hop
1TtXnWcUs0FCkaZDPGYHdf,urbano latino
5Q30fhTc0Sl0Q4C5dOjhhQ,pop
31IVfzTQ5bAPL8XMrO6dVx,pop
0GgyFUpOyzWDRDqx8FCTDN,trap
0GgyFUpOyzWDRDqx8FCTDN,rap
0GgyFUpOyzWDRDqx8FCTDN,urbano latino
3RtNN1VnooWEn3KQk03DUL,trap
3RtNN1VnooWEn3KQk03DUL,rap
3RtNN1VnooWEn3KQk03DUL,urbano latino
4CQdcx66F116k2db2Y0rjE,trap
4CQdcx66F116k2db2Y0rjE,rap
4CQdcx66F116k2db2Y0rjE,urbano latino
0NRMzT05nsc8mTm4iUvuHY,pop
6RJXSfbIkEMoCJ8GAg2dVO,pop
6rYEqmajzlhGVaayOJ2bpJ,trap
6rYEqmajzlhGVaayOJ2bpJ,rap
6rYEqmajzlhGVaayOJ2bpJ,pop
6rYEqmajzlhGVaayOJ2bpJ,hip hop
3M1eBsR4rSTcDAzYopumeG,trap
3M1eBsR4rSTcDAzYopumeG,rap
3M1eBsR4rSTcDAzYopumeG,pop
3M1eBsR4rSTcDAzYopumeG,hip hop
2r9JAY6ISvp0VvZsT6cBJo,trap
2r9JAY6ISvp0VvZsT6cBJo,rap
2r9JAY6ISvp0VvZsT6cBJo,pop
2r9JAY6ISvp0VvZsT6cBJo,hip hop
1n3grwmOigAA2UYtlF91gc,trap
1n3grwmOigAA2UYtlF91gc,rap
1n3grwmOigAA2UYtlF91gc,pop
6E4YKq2KF72sNDThe2TaE8,trap
6E4YKq2KF72sNDThe2TaE8,rap
6E4YKq2KF72sNDThe2TaE8,pop
2EWsHDexsSInArfFkhA2i6,trap
2EWsHDexsSInArfFkhA2i6,rap
2EWsHDexsSInArfFkhA2i6,pop
2EWsHDexsSInArfFkhA2i6,hip hop
2EWsHDexsSInArfFkhA2i6,drill
55ZGFvikpNjQHvtTWS5aZF,pop
2Dor6diK1zw9BEluKBOdoA,trap
2Dor6diK1zw9BEluKBOdoA,rap
2Dor6diK1zw9BEluKBOdoA,pop
2Dor6diK1zw9BEluKBOdoA,hip hop
2Dor6diK1zw9BEluKBOdoA,drill
4kUfJdASJDMPLuo1t1N2zi,trap
4kUfJdASJDMPLuo1t1N2zi,rap
4kUfJdASJDMPLuo1t1N2zi,pop
4kUfJdASJDMPLuo1t1N2zi,hip hop
3vHwJg9XHrACvX9ZlwV8pT,trap
3vHwJg9XHrACvX9ZlwV8pT,rap
3vHwJg9XHrACvX9ZlwV8pT,pop
3vHwJg9XHrACvX9ZlwV8pT,hip hop
5ILMkt5lW4KAyTXMNYWaGF,trap
5ILMkt5lW4KAyTXMNYWaGF,rap
5ILMkt5lW4KAyTXMNYWaGF,pop
5ILMkt5lW4KAyTXMNYWaGF,hip hop
04HqRx07Bv9gh7rsrMTqs7,pop
2WBJQGf1bT1kxuoqziH5g4,house
7jEEE187pVG6InOxn03oA5,pop
0LVDX2sdKpfXwVmy52HLAc,trap
0LVDX2sdKpfXwVmy52HLAc,rap
0LVDX2sdKpfXwVmy52HLAc,pop
7zLm9op6LgPqKL62d1FzhO,trap
7zLm9op6LgPqKL62d1FzhO,rap
7zLm9op6LgPqKL62d1FzhO,pop
7zLm9op6LgPqKL62d1FzhO,hip hop
0MBLQbpbPvJ4oXM0Cj4aKR,pop
054fVwphDX8QB8Pm7IjRcL,pop
0Awqm7GXGiBp8fJNGvywra,pop
4TcOznbEZBqev21LzAH4KE,pop
1xCrrnnj9xif5G0y3ie5dM,r&b
3n16EAnJtz6SZGx2zJssrI,pop
5ZxRmJ21NzjxD2ZGBxi7um,pop
0Y2AcMPMpeuPXtPQGVvRBq,trap
0Y2AcMPMpeuPXtPQGVvRBq,rap
2CQZr2RPZmrcvDnaod1ldC,pop
2CQZr2RPZmrcvDnaod1ldC,k-pop
0PdNEiQ3MsJGCEgE13Tz60,pop
6g641431O1Xkl7HAs2yFEg,pop
4XpUIb8uuNlIWVKmgKZXC0,pop
4XpUIb8uuNlIWVKmgKZXC0,r&b
4XpUIb8uuNlIWVKmgKZXC0,k-pop
7nqOGRxlXj7N2JYbgNEjYH,pop
7nqOGRxlXj7N2JYbgNEjYH,k-pop
0QHgL1lAIqAw0HtD7YldmP,rap
0QHgL1lAIqAw0HtD7YldmP,pop
0QHgL1lAIqAw0HtD7YldmP,hip hop
4wUR1NviIGE01yEfeLNkeV,pop
2AfmfGFbe0A0WsTYm0SDTx,pop
2AfmfGFbe0A0WsTYm0SDTx,k-pop
6HvZYsbFfjnjFrWF950C9d,pop
6HvZYsbFfjnjFrWF950C9d,k-pop
6H93wOohK6r1MwGh41Z4Nb,pop
6JrR3zrG0NQiXb9N9XSyGb,pop
6JrR3zrG0NQiXb9N9XSyGb,rock
7ltDVBr6mKbRvohxheJ9h1,pop
7ltDVBr6mKbRvohxheJ9h1,r&b
2LIk90788K0zvyj2JJVwkJ,rap
2LIk90788K0zvyj2JJVwkJ,pop
2LIk90788K0zvyj2JJVwkJ,hip hop
1xrRqVDsJaZPw0sXme5i2T,pop
3Q5Qep7ytrjVleNnMnntgQ,pop
3Q5Qep7ytrjVleNnMnntgQ,k-pop
0XkEUMM4lJHAzfTK9vR0cu,pop
2DaMrZndfGgM3yd9ivadRC,pop
5zSQoNQ9o2dnT1LPTzDxg7,pop
5pokGZ1K9Hr6etaKPDxSG8,pop
6chmC6o0wvACYVGTITw3Pz,pop
6HEMZkIMQAPnd36iLsUlTx,pop
1aEKvjRnbf1laB7DVXFqsG,pop
1qveov8f3HXFhDIWtFO5tG,pop
1Twi7NfmUzbXF7lEMaGCqF,pop
52VcFYcq5kJEaRYgy58ouW,pop
52VcFYcq5kJEaRYgy58ouW,rock
2xsBUJ327d3iC1LvL5hYrQ,pop
2xsBUJ327d3iC1LvL5hYrQ,rock
5xq3BK55BJmutN0X7eTyQB,pop
2SWWw5uB9cO5m7zJQZqwmr,pop
2XiaPu2j4nBMhF8pIlt6Bk,pop
0UAiHanBWs5vRM1tSPf2RJ,pop
1ssEwBiz4ZKrbgR6o8vOeg,pop
1ssEwBiz4ZKrbgR6o8vOeg,rock
1ssEwBiz4ZKrbgR6o8vOeg,house
1qAOsY7jv9GFTv4HoVof5P,pop
0OjRa6r1EIPF5RZPy1SGz9,pop
5kU6FKYW7YBB2ikPQnk8cS,pop
5RmQ8k4l3HZ8JoPb4mNsML,rap
4G5OlxtrOm9ADmu3VZgFbG,pop
4G5OlxtrOm9ADmu3VZgFbG,hip hop
4ckLjJztj53Ifid7WHweBn,pop
6bGOmNBU1AOgttgOjh0ldf,hip hop
16GyR4WfCnIT2XST4ZLl2B,pop
4UW9Hdsrx9kX2HdJ90jRKM,rap
15AZJFNrXtIN4Nk8BIOnS2,trap
15AZJFNrXtIN4Nk8BIOnS2,rap
15AZJFNrXtIN4Nk8BIOnS2,hip hop
6WpmH4J0R74ZkHtgm7JLvM,rap
1GMwSpFzrLd12jUX15bHB6,drill
1CcZoULzFHa8Uhwo6OlQcp,pop
1hgaXjbAcED2p80Lj8dzXT,trap
1hgaXjbAcED2p80Lj8dzXT,rap
1hgaXjbAcED2p80Lj8dzXT,hip hop
1Tjaa3WWIVU00kfZ8Dvpcl,hip hop
5W2dGRPmYetOpUIpErUtD3,hip hop
5W2dGRPmYetOpUIpErUtD3,drill
6wxh9aTFgTS4OiyYlnQBq6,pop
4StjyzjcmZ7a9QncHVf0pu,pop
4YLcK0MEyqFkdyyzbPTWrs,pop
4YLcK0MEyqFkdyyzbPTWrs,rock
7ictQXHIBmXODb4ykTI95n,pop
6xqA7u7TxHUYJp6Ww1XgNx,rap
4XP7cGw4t8BqZ8Du5q3bHg,pop
4XP7cGw4t8BqZ8Du5q3bHg,rock
4li4dx5mFgZlMVeHlARBHP,pop
46zuW8tHxwahYn7VNMgYTa,pop
0uHvlWnhRpaomF4e9IZHLy,pop
0uHvlWnhRpaomF4e9IZHLy,hip hop
4i4ALRtQQmFxn3BCIB6iC0,pop
0V2oXYR7DtrZAEFeILRW2r,trap
0V2oXYR7DtrZAEFeILRW2r,rap
0V2oXYR7DtrZAEFeILRW2r,drill
0KOSzgkMlkeowt1tgIg6ca,hip hop
3NPQ2qMGXAR0g1COJxuZ8r,hip hop
3NPQ2qMGXAR0g1COJxuZ8r,drill
50z4meqYMvVCXEv2jDneDN,pop
1F2v33FQTavJyaD7ZsyhdA,pop
53oeVgECSa18dkHBQ9X6Eh,pop
6dDaXbE1caD65TONToYXYx,pop
5BwbVAdT6rFF2vGVE8su2y,pop
6l5IEx62Nsc2k1QyfaWvEz,pop
64XGTiElvPUfmJjyWJnW8C,pop
33xlLiptsAIW56IqRxaQoV,pop
6NTzEgUmN1PIBIYEHhf1kS,pop
6NTzEgUmN1PIBIYEHhf1kS,rock
4AupETQEHkWQL9H3O6f9h8,pop
6wbEgVlGqWb4I9tbMluu5Q,pop
7wl1m5vgWkCP3cqYVj2noM,pop
0PWfuxCvPtyeCLLWjf4EzJ,pop
11sIz9STeD6yVSuBaD8nMW,pop
6fBUVJW6cDrYluXjnnRdY4,pop
5NR8eODM4CQ2X6rBuGpZ2B,pop
19JYV5zLhGkyqClNjdSfdb,pop
19JYV5zLhGkyqClNjdSfdb,rock
1nzgtKYFckznkcVMR3Gg4z,pop
1nzgtKYFckznkcVMR3Gg4z,hip hop
6Xgp2XMz1fhVYe7i6yNAax,trap
6Xgp2XMz1fhVYe7i6yNAax,rap
1kyy6AW7C6Rr2jrYwz95Gi,pop
1kyy6AW7C6Rr2jrYwz95Gi,cumbia
2IKdK6PbitvCiXt1t2bPU6,rap
6uJKnn4CV4IIop8mg4kCUy,pop
6uJKnn4CV4IIop8mg4kCUy,cumbia
2AbQwU2cuEGfD465wCXlg2,hip hop
2AbQwU2cuEGfD465wCXlg2,rock
6fMZytDgX1Q9OV6ndSugym,trap
6fMZytDgX1Q9OV6ndSugym,rap
6fMZytDgX1Q9OV6ndSugym,hip hop
0rwGV1HhNWK2Ta4rjmlmtp,trap
0rwGV1HhNWK2Ta4rjmlmtp,rap
36KsCCwgI0Dep97yVJWmkK,pop
77iZVjeYoYSl5P0K9mIiUE,trap
77iZVjeYoYSl5P0K9mIiUE,rap
77iZVjeYoYSl5P0K9mIiUE,pop
77iZVjeYoYSl5P0K9mIiUE,urbano latino
57g2v7gJZepcwsuwssIfZs,pop
57g2v7gJZepcwsuwssIfZs,rock
57g2v7gJZepcwsuwssIfZs,v-pop
2nSO7JYDbJrYbJmP39qUzj,pop
2nSO7JYDbJrYbJmP39qUzj,hip hop
2nSO7JYDbJrYbJmP39qUzj,v-pop
3diftVOq7aEIebXKkC34oR,rap
3diftVOq7aEIebXKkC34oR,pop
3diftVOq7aEIebXKkC34oR,hip hop
3diftVOq7aEIebXKkC34oR,v-pop
6TITnFVRcl0AcZ4syE7Toe,hip hop
2dC1IBU9NOD9xsQJ5RE7j7,rap
5xY6E5PMZNtz9jDvxTRiGI,rap
5HZtdKfC4xU0wvhEyYDWiY,pop
5HZtdKfC4xU0wvhEyYDWiY,hip hop
5HZtdKfC4xU0wvhEyYDWiY,v-pop
3y6Lfjkrdn5TgkbgDxbpvM,rap
3y6Lfjkrdn5TgkbgDxbpvM,rock
6zUWZmyi5MLOEynQ5wCI5f,pop
6zUWZmyi5MLOEynQ5wCI5f,hip hop
6zUWZmyi5MLOEynQ5wCI5f,v-pop
1Qia4CTwh6x0CZbD0079zi,pop
1Qia4CTwh6x0CZbD0079zi,v-pop
1W2pigH6UYwuTuFbwoSfVZ,pop
1W2pigH6UYwuTuFbwoSfVZ,v-pop
0iqum9KAHh3LkgDhuqvTxM,pop
0iqum9KAHh3LkgDhuqvTxM,v-pop
6EybZ5zwPNEtEngfrEMevN,pop
6EybZ5zwPNEtEngfrEMevN,v-pop
5dfZ5uSmzR7VQK0udbAVpf,rap
5dfZ5uSmzR7VQK0udbAVpf,pop
5dfZ5uSmzR7VQK0udbAVpf,v-pop
5jTFNkoZebPnX90CbB3F2A,pop
5jTFNkoZebPnX90CbB3F2A,v-pop
5ulyphh5uJrH4Gb1JpSMkV,hip hop
4fg8aMZ23d2bxKz7r2vt9v,pop
4fg8aMZ23d2bxKz7r2vt9v,hip hop
4fg8aMZ23d2bxKz7r2vt9v,v-pop
13c4ijEkXNvEFoxGxwp5Su,pop
13c4ijEkXNvEFoxGxwp5Su,v-pop
40JnMfFlpwqBnWitkL96g4,pop
40JnMfFlpwqBnWitkL96g4,v-pop
1L1VfizWn4DkFt602yD80U,pop
1L1VfizWn4DkFt602yD80U,v-pop
62D1qvKkvUCvXEtY1xwRfo,pop
62D1qvKkvUCvXEtY1xwRfo,v-pop
5lAfakPZgxFKgiJD6xAF1G,pop
5lAfakPZgxFKgiJD6xAF1G,v-pop
2rKtPYcwYmevNcaqzJOwvf,pop
2rKtPYcwYmevNcaqzJOwvf,hip hop
2rKtPYcwYmevNcaqzJOwvf,v-pop
1OIYKbmhG0RxPXvVPNj3NN,rap
1OIYKbmhG0RxPXvVPNj3NN,pop
1OIYKbmhG0RxPXvVPNj3NN,v-pop
0slOzRzTQb1RBBVJbvRITP,pop
0slOzRzTQb1RBBVJbvRITP,v-pop
5M3ffmRiOX9Q8Y4jNeR5wu,rap
5M3ffmRiOX9Q8Y4jNeR5wu,pop
5M3ffmRiOX9Q8Y4jNeR5wu,hip hop
5M3ffmRiOX9Q8Y4jNeR5wu,v-pop
0hy8mfXxfD8kQ6MRQkDVrn,hip hop
4bPYvyUn1mWwUwIW57oST2,pop
4bPYvyUn1mWwUwIW57oST2,hip hop
4bPYvyUn1mWwUwIW57oST2,v-pop
30eFAXoU2kTjJPf2cq80B8,rap
30eFAXoU2kTjJPf2cq80B8,pop
30eFAXoU2kTjJPf2cq80B8,hip hop
30eFAXoU2kTjJPf2cq80B8,v-pop
4RPhZ2g5GYff0hKNBlZKXh,pop
4RPhZ2g5GYff0hKNBlZKXh,v-pop
2aQnC3DbZB9GbauvhAw7ve,pop
2aQnC3DbZB9GbauvhAw7ve,v-pop
1zSv9qZANOWB4HRE8sxeTL,trap
1zSv9qZANOWB4HRE8sxeTL,rap
1zSv9qZANOWB4HRE8sxeTL,pop
1zSv9qZANOWB4HRE8sxeTL,hip hop
1zSv9qZANOWB4HRE8sxeTL,v-pop
6NF9Oa4ThQWCj6mogFSrVD,pop
6NF9Oa4ThQWCj6mogFSrVD,v-pop
6V1SwiosQqf5XvmoTMCGa9,pop
5Kh0ta0UY4uJ4g2CIdq9V9,pop
5Kh0ta0UY4uJ4g2CIdq9V9,v-pop
0zo8kCJVktn7oPnzpkbC2p,pop
0zo8kCJVktn7oPnzpkbC2p,v-pop
6hnfLIkvDl6pjlAe1YRGXY,rap
7Cp2hGcriAaDUAWpXnSEwm,pop
7Cp2hGcriAaDUAWpXnSEwm,v-pop
0XtC2d9ZVigYA7iMy5YkW0,rap
2NRcG7E1j2sSi8vnUzCcpi,pop
2NRcG7E1j2sSi8vnUzCcpi,v-pop
4cLYlDISnWaErAitB8kRph,pop
4cLYlDISnWaErAitB8kRph,v-pop
7yquVKfxBuNFJbG9cy2R8A,pop
7yquVKfxBuNFJbG9cy2R8A,v-pop
