id,label,type,main_country
2YZyLoL8N0Wb9xBt1NhZWg,Kendrick Lamar,Artist,United States
1jiZvw42D4oquLl24x2VWV,Lefty Gunplay,Artist,United States
7tYKF4w9nC0nq9CsPZTHyP,SZA,Artist,Malaysia
4VHa48wXlsDA2vWfgIi7cX,Dody6,Artist,United States
6cUpFVxDYWed9WxtC4QgC5,Wallie the Sensei,Artist,United States
7J5UWTbsUFjoSQZQCQCqbQ,Siete7x,Artist,United States
757aE44tKEUQEqRuT6GnEB,Roddy Ricch,Artist,United States
4tuJ0bMpJh08umKkEXKUI5,Gracie Abrams,Artist,Ireland
4V8LLVI7PbaPR0K2TGSxFF,"Tyler, The Creator",Artist,Canada
2qoQgPAilErOKCwE2Y8wOG,GloRilla,Artist,United States
3DbwFQlvLxRSi2uX8mf81A,Sexyy Red,Artist,United States
55Aa2cqylxrFIXC767Z865,Lil Wayne,Artist,Canada
6fqjJNsLs7g6F3PXy01Xnw,AzChike,Artist,United States
1HY2Jd0NmPuamShAr6KMms,Lady Gaga,Artist,Andorra
0du5cEVh5yTK9QJze8zA0C,Bruno Mars,Artist,Malaysia
1iCnM8foFssWlPRLfAbIwo,Gigi Perez,Artist,Andorra
50DchbKTiJU56SYmIRSJCI,Hitta J3,Artist,United States
1q2nUylEqrRJkiDkXa39Mw,YoungThreat,Artist,United States
27OdVby2oeFjM1C5XvC3hC,Peysoh,Artist,United States
3eVa5w3URK5duf6eyVDbu9,ROSÉ,Artist,Australia
6qqNVTkY8uBg9cP3Jd7DAH,Billie Eilish,Artist,Estonia
67FB4n52MgexGQIG8s0yUH,Lola Young,Artist,United States
1oSPZhvZMIrWW5I41kPkkY,Jimin,Artist,Belarus
1Xyo4u8uXC1ZmMpatF05PJ,The Weeknd,Artist,Austria
699OTQXzgjhIYAHMy9RyPD,Playboi Carti,Artist,Australia
46UMQ0cW8ToR8egkBRwAxZ,Cynthia Erivo,Artist,United States
66CXWjxzNUsdJxJ2JdwvnR,Ariana Grande,Artist,United States
74KM79TiuVKeVCqs8QtB0B,Sabrina Carpenter,Artist,Singapore
4cPHsZM98sKzmV26wlwD2W,Brenda Lee,Artist,Canada
4iHNK0tOyZPYnBU7nGAgpQ,Mariah Carey,Artist,Austria
7GlBOeep6PqTfFi59PTUUN,Chappell Roan,Artist,Canada
20wkVLutqVOYrc0kxFs7rA,Daniel Caesar,Artist,Philippines
38EmEgXkgK51MT2tPY0EoC,Bobby Helms,Artist,United States
5lpH0xAS4fVfLkACg9DAuM,Wham!,Artist,Austria
3y2cIKLjiOlp1Np37WiUdH,Shaboozey,Artist,Australia
246dkjvS1zLTtiykXe5h60,Post Malone,Artist,Australia
4oUHIQIBe0LHzYfvXNW4QM,Morgan Wallen,Artist,Canada
5j4HeCoUlzhfWtjAfM1acR,Stromae,Artist,United States
6e3pZKXUxrPfnUPJ960Hd9,Pomme,Artist,United States
57nPqD7z62gDdq37US9XJR,Arcane,Artist,United States
2tIP7SsRs7vjIcLrU85W8J,The Kid LAROI,Artist,Australia
33qOK5uJ8AR2xuQQAhHump,Teddy Swims,Artist,Andorra
3l9G1G9MxH6DaRhwLklaf5,Oscar Maydon,Artist,Mexico
0ys2OFYzWYB5hRDLCsBqxt,Fuerza Regida,Artist,Mexico
22wbnEMDvgVIAGdFeek6ET,Benson Boone,Artist,Australia
2sSGPbdZJkaSE2AbcGOACx,The Marías,Artist,Saudi Arabia
77SW9BnxLY8rJ0RciFqkHh,The Neighbourhood,Artist,Latvia
2RQXRUsr4IW1f3mKyKsy4B,Noah Kahan,Artist,Australia
78F6Xkd46aMHkr4AP60TXY,Clarent,Artist,Andorra
3E12tRURRvPfHz0hAMCFYc,Omar Courtz,Artist,Venezuela
54seKvtsZauR1iauN0ptpo,De La Rose,Artist,Venezuela
30Ml7nTMkXYyb0UoLwtmCc,Los Diozes,Artist,Andorra
7iK8PXO48WeuP03g8YR51W,Myke Towers,Artist,Spain
5CiGnKThu5ctn9pBxv7DGa,benny blanco,Artist,Andorra
0CVOcYvRcSvOXyuR4YGKaC,Dani Fernández,Artist,Andorra
2tmrdVbpFzIVIOcqxvErj2,Los Sufridos,Artist,Andorra
4F4pp8NUW08JuXwnoxglpN,Bad Gyal,Artist,Andorra
0EmeFodog0BfCgMzAIvKQp,Shakira,Artist,Andorra
37S0GFsBW73uqxGXNFeADJ,Ghost Killer Track,Artist,Andorra
0VZrPa7mWAYXH4CwmYk8Km,Kidd Keo,Artist,Andorra
0FwnPHExlRRxEZPLAi5tmG,JC Reyes,Artist,Spain
4RWJOoYwgF978LOn8Fainp,Yami Safdie,Artist,Andorra
3SCOuAxngTC1yGjKMcIPEd,Lasso,Artist,Andorra
0tmwSHipWxN12fsoLcFU3B,Manuel Turizo,Artist,Spain
3UTF2no3muGdiFXVujl94i,Kapo,Artist,Andorra
5qPeAT4ikl6gJNUexAOEy0,Oques Grasses,Artist,Andorra
6TKygPpVT29oGUogu4J9Ec,Yan Block,Artist,Spain
34PYzJSu4DHKEyhdBfsn0E,TORRRES,Artist,Andorra
22dFwJoRBV51ue5TGnC7Dt,Beny Jr,Artist,Andorra
2NeFajzkAQ4UfviWdzf0pK,Marta Santos,Artist,Andorra
6XyY86QOPPrYVGvF9ch6wz,Linkin Park,Artist,Austria
1XSmez9xyCCPpOZp0uImwM,Rita Payés,Artist,Andorra
6B1hSmaLdOvChinK2Z7gfi,Maisak,Artist,Colombia
2LRoIwlKmHjgvigdNGBHNo,Feid,Artist,Colombia
6k8mwkKJKKjBILo7ypBspl,Ana Mena,Artist,Andorra
0AqlFI0tz2DsEoJlKSIiT9,Emilia,Artist,Argentina
790FomKkXshlbRYZFtlgla,KAROL G,Artist,Bolivia
0ZHPrnImGh4re3TbSNkoZl,Beret,Artist,Andorra
4az97MtWmBQ5Db3GfDh9j9,Morad,Artist,Spain
2CCgb0KApjfQDuTppovpf8,Rvfv,Artist,Andorra
5C4PDR4LnhZTbVnKWXuDKD,Morat,Artist,Nicaragua
5PlfkPxwCpRRWQJBxCa0By,HUGEL,Artist,Andorra
0u6GtibW46tFX7koQ6uNJZ,Topic,Artist,Andorra
7hQmAXAzWI6D350VTgkKTG,Arash,Artist,Andorra
1IFAU4mznUcfPVP9z2c24N,Daecolm,Artist,Andorra
2enhM5DK9oTxWiCVpFIDv3,Figa Flawas,Artist,Andorra
1Yj5Xey7kTwvZla8sqdsdE,Cris Mj,Artist,Chile
1U1el3k54VvEUzo3ybLPlM,Kali Uchis,Artist,Andorra
6nVcHLIgY5pE2YCl8ubca1,JHAYCO,Artist,Andorra
0WwSkZ7LtFUFjGjMZBMt6T,Dire Straits,Artist,Andorra
4BnXLYKwUhFGUmYE5mPNox,Las 2K,Artist,Andorra
6mQDo8xYI31LFjmhIsZEWg,Chardo Chardemio,Artist,Andorra
3QqpGThGBmUjiYeF8biKlM,Melody Records International,Artist,Andorra
4AK6F7OLvEQ5QYCBNiQWHq,One Direction,Artist,Andorra
1x8mAhfvCw7JXRX7Ild0lF,Hey Kid,Artist,Andorra
6i0h6wBrfNkdf3eTUoelpP,Malmö 040,Artist,Andorra
7f5Zgnp2spUuuzKplmRkt7,Lost Frequencies,Artist,Andorra
2txHhyCwHjUEpJjWrEyqyX,Tom Odell,Artist,Andorra
5Y3MV9DZ0d87NnVm56qSY1,Tiago PZK,Artist,Argentina
7FNnA9vBm6EKceENgCGRMb,Anitta,Artist,Andorra
1JbemQ1fPt2YmSLjAFhPBv,Chayanne,Artist,Andorra
60ZOYUFnCYEeKYsxgvPxOS,Cano,Artist,Andorra
3rIZMv9rysU7JkLzEaC5Jp,Snow Patrol,Artist,Andorra
1bAftSH8umNcGZ0uyV7LMg,Duki,Artist,Argentina
4gzpq5DPGxSnKTe4SA8HAU,Coldplay,Artist,Australia
6eXZu6O7nAUA5z6vLV8NKI,Little Simz,Artist,Andorra
3wcj11K77LjEY1PkEazffa,Burna Boy,Artist,Andorra
0jIWKlfmD4Ew7HeVVrq03g,Elyanna,Artist,Andorra
7vXDAI8JwjW531ouMGbfcp,TINI,Artist,Andorra
2V9MnjEMqwXm7sice07NQK,Diegote,Artist,Andorra
4kcQWQDK0u9AftVSpdrAgk,Luck Ra,Artist,Argentina
5TP8Ubo4jLKEi4Mw2O8fAk,BM,Artist,Argentina
2OhUNb01gLwygOizYvTm0e,Big One,Artist,Argentina
2BTS8Np1YzPQuXjgdlqsBB,Emanero,Artist,Argentina
55ru5B05MMBunM1tvH7Di6,Valentino Merlo,Artist,Argentina
1FxPMQ9A0882eNDx3ZkD6B,La T y La M,Artist,Argentina
6Gsh7oJoJ5EQUuQk0EhfWL,Malandro,Artist,Argentina
1DxLCyH42yaHKGK3cl5bvG,Maria Becerra,Artist,Uruguay
0ZCO8oVkMj897cKgFH7fRW,Los Ángeles Azules,Artist,Bolivia
06Q5VlSAku57lFzyME3HrM,Ke Personajes,Artist,Bolivia
4oZolC0sCwCAKqsNXfRlVS,The La Planta,Artist,Uruguay
7yIp2QRLkQ6loIrupimiri,Pinky SD,Artist,Argentina
2Mt2vBBEckrvXtg0JldwZ0,Un Poco de Ruido,Artist,Argentina
5Qv1EsPany9Fc3yyCJnoxw,Uriel Lozano,Artist,Argentina
6HTUcOExehqydqa7C3usAa,Abel Pintos,Artist,Argentina
60XHOAhvEBiV6BGBOv8ClM,La Joaqui,Artist,Argentina
19HM5j0ULGSmEoRcrSe5x3,Milo j,Artist,Argentina
2UZIAOlrnyZmyzt1nuXr9y,Nicki Nicole,Artist,Argentina
3vQ0GE3mI0dAaxIMYe5g7z,Paulo Londra,Artist,Argentina
2Jb9jVnCpWkXtoGznFJ6bF,ECKO,Artist,Argentina
6QVEWdYtBkaJcboEtH5FeB,Los Turros,Artist,Argentina
2eXWodjj5K1vVq2CSjl036,DobleP,Artist,Argentina
1NtRGHzfJ8H7dENIXu1tdk,Cristian Di Marco,Artist,Argentina
04XdCDDrPnnqidaVBTOQjt,Hernan y La Champion's Liga,Artist,Argentina
6GRwwWAtmusrgAL5JF9Dfr,Callejero Fino,Artist,Argentina
7dlkBH23ERFXxuNoMHq94Y,Q' Lokura,Artist,Argentina
1QZuAtDYNrk2QMogJulsyq,Karina,Artist,Argentina
6iYRN5eaz8LSxvwkhmwkRj,j mena,Artist,Argentina
6LZA6PhNCwUfHzqfpN1nYL,Angela Torres,Artist,Argentina
7jAs1uPnpfNmT6e5qtEPxq,ATL Jacob,Artist,Argentina
3WMlRpW5JWuDI95TcEWt3r,Salastkbron,Artist,Argentina
5xIOUIBQhGFX7HIj8lhdyU,Omar Varela,Artist,Argentina
2x7PC78TmgqpEIjaGAZ0Oz,Trueno,Artist,Argentina
1H6X7yhnXZg73f9bssaj1Q,Judeline,Artist,Argentina
716NhGYqD1jl2wI1Qkgq36,Bizarrap,Artist,Argentina
4m6ubhNsdwF4psNf3R8kwR,KHEA,Artist,Argentina
7rFHoDuiSlV0DGHxckjm89,Lia Kali,Artist,Argentina
7CvTknweLr9feJtRGrpDBy,FloyyMenor,Artist,Chile
2qWK8K2Jfh67UqtwY8tCW6,YSY A,Artist,Argentina
7fT2Me47PQ8T7954PKrcwR,Bhavi,Artist,Argentina
5Zk54wioCsUtq5ggUWXqlK,Tuti DJ,Artist,Argentina
0sE8WmITfzXJwYGdtbo8B0,Pereiraremix,Artist,Argentina
6UCQYrcJ6wab6gnQ89OJFh,Headie One,Artist,Argentina
6uzHLlGqFKaXYOnZyYmXYg,LOUKI,Artist,Argentina
0pelomsVlROuivdE2RgeDU,El Mago Y La Nueva,Artist,Argentina
7Ez6lTtSMjMf2YSYpukP1I,Dasha,Artist,Australia
2FXC3k01G6Gw61bmprjgqS,Hozier,Artist,Australia
69GGBxA162lTqCwzJG5jLp,The Chainsmokers,Artist,Australia
3bO19AOone0ubCsfDXDtYt,Myles Smith,Artist,Australia
40ZNYROS4zLfyyBSs2PGe2,Zach Bryan,Artist,Canada
70kkdajctXSbqSMJbQO424,Kacey Musgraves,Artist,Australia
2sil8z5kiy4r76CRTXxBCA,The Goo Goo Dolls,Artist,Australia
0Y5tJX1MQlPlqiwlOH1tJY,Travis Scott,Artist,Bulgaria
0C0XlULifJtAgn6ZNCW2eu,The Killers,Artist,Australia
6kbR2eL4hecj3rFwGOsYsI,BL3SS,Artist,Australia
20rKUmFZsfv9GBXiv6R9d6,CamrinWatsin,Artist,Australia
2UNjfzEkfsdWVDwnuD6vdH,bbyclose,Artist,Australia
4j96cMcT8GRi11qbvo1cLQ,Michael Marcagi,Artist,Australia
08GQAI4eElDnROBrJRGE0X,Fleetwood Mac,Artist,Australia
10exVja0key0uqUkk6LJRT,Vance Joy,Artist,Australia
25uiPmTg16RbhZWAqwLBy5,Charli xcx,Artist,Australia
06HL4z0CvFAxyc27GXpf02,Taylor Swift,Artist,Australia
4gvjmrtzydbMpyJaXUtwvP,Addison Rae,Artist,Australia
1WaFQSHVGZQJTbf0BdxdNo,Tommy Richman,Artist,Australia
0PCCGZ0wGLizHt2KZ7hhA2,Artemas,Artist,Australia
2kS9NyuATpYwjeB93h24H5,Nina Chuba,Artist,Germany
1E8mXBWN7AXZCOPYbOky4J,Jazeek,Artist,Austria
7rBed6Ya7Hwa2fXbh5btJE,LACAZETTE,Artist,Germany
3CJKkU0XuElRT1z8rEtIYg,Luciano,Artist,Austria
76dRoxKtDwYkgCQePok9cU,Miksu / Macloud,Artist,Austria
0JBdTCGs111JKKYfLqOEBa,Shirin David,Artist,Austria
3drqpTL4sQOckmAfF9i1wg,Summer Cem,Artist,Austria
72y6W9pGy97xTM44dwy3F6,BILLA JOE,Artist,Austria
7vohy1W7YNLxHynG44UFjS,Sampagne,Artist,Austria
7o95ZoZt5ZYn31e9z1Hc0a,Natasha Bedingfield,Artist,Austria
1SnSPHBs8l5iAvoWF0aO05,FOURTY,Artist,Austria
13bDjug9N0pyv3ZUINjkDV,Bausa,Artist,Germany
61vhXXSO0lkbxFvnXHx8QP,CHEKAA,Artist,Austria
5HK6QtizXJzCmoYTkvFRik,Ndotz,Artist,Austria
5p7mWeX4RlvqBCxylfiXdE,KC Rebell,Artist,Austria
11p2E654TTU8e0nZWBR4AL,Mark Ambor,Artist,Austria
0eVixEZVW2PB1UogwTWXc1,Berq,Artist,Austria
0wi4yTYlGtEnbGo4ltZTib,Shakin' Stevens,Artist,Austria
0rvjqX7ttXeg3mTy8Xscbt,Journey,Artist,Austria
5WUlDfRSoLAfcVSX1WnrxN,Sia,Artist,Austria
1fImPZoBVjmYrBFzCHh0N3,Souly,Artist,Austria
11kt6ggsdxvI8MhyeSMKom,CYRIL,Artist,Belgium
49e4v89VmlDcFCMyDv9wQ9,Dean Martin,Artist,Austria
5ByAEWetNZ95GufzBSOkc3,fallen777angel,Artist,Belarus
3JsHnjpbhX4SnySpvpa9DK,V,Artist,Kazakhstan
0xByDfltDVpk6LDsUMHyI2,Poshlaya Molly,Artist,Belarus
4anb8rmk0xipuQP6QZ5IlH,FORTUNA 812,Artist,Belarus
5xtbUYHaOycg6HIi10EZdV,FRIENDLY THUG 52 NGG,Artist,Belarus
0TO6y1x0LQodwBnxGtQu9o,shadowraze,Artist,Belarus
5NMwoStnfHT4LdETlJSwDT,Big Baby Tape,Artist,Belarus
4jIvmo6hfAQ04NSOWPVVA3,кис-кис,Artist,Belarus
5B5qmrbTFvA7TAxWruuwbo,Aarne,Artist,Belarus
2hTmpvdwhpNZryOkwTisRW,Toxi$,Artist,Belarus
6HaGTQPmzraVmaVxvz6EUc,Jung Kook,Artist,Thailand
3MdXrJWsbVzdn6fe5JYkSQ,Latto,Artist,Belarus
0qyv7OappGDi0OyJxcqpVt,KRISTIEE,Artist,Belarus
5GTZUVrKf86Aco9LJQquxc,mapt0v,Artist,Belarus
0oSMgGNMeXe3HJAXEJrqL8,YungMeechy,Artist,Belarus
260kWe4y9lg7YFDsZBgsLv,zhanulka,Artist,Belarus
6Tv4ZrZbgUMcXAMv0d1VQM,fleurnothappy,Artist,Belarus
1jUPTaRiy2sOdOhvIEUosG,ENINA,Artist,Belarus
2z20q6EEfm6w6PiIKsgtb3,FACE,Artist,Belarus
0yp6xP5xe1qarfugfTixOK,Monetochka,Artist,Belarus
0Kwx9LPnkelacgHzRI8vxl,Jakone,Artist,Belarus
1EDrjPOlEjmbzjbet1DxTN,Kiliana,Artist,Belarus
0E56Ncr2I37JQhW71UJALE,KRBK,Artist,Belarus
6oiinpr7kwRmyWKVDTZgRT,AP$ENT,Artist,Belarus
27kGBCjiz5OXojkKX4xQ6R,BUSHIDO ZHO,Artist,Belarus
4h8pGxEIOi7j4me1yhYxlD,LSP,Artist,Belarus
7K2PBAFUE98RKu30clhIms,Violetta Sokolova,Artist,Belarus
3vvLuXEEf7sl3izJcw0GIn,Skryptonite,Artist,Belarus
0P9E2MHee0cXNpIeAvFAt1,БРЕДИШЬ,Artist,Belarus
6oTirjGdJPFt3hycC1Rfxb,Xolidayboy,Artist,Belarus
0XNKQFs2Ewb3y0VsFUFc5l,MORGENSHTERN,Artist,Belarus
56wiPFJN2Z1PG1N8hGNYaD,mzlff,Artist,Belarus
0hAEtx2GQLtMTJj8qycHRr,xxxmanera,Artist,Belarus
4uWhcZCwuPopf6JGvwsN2B,ANIKV,Artist,Belarus
0ChMIwzbYxHbebgoPeETfV,Lida,Artist,Belarus
5IS4dQ9lDW01IY1buR7bW7,СЕРЕГА ПИРАТ,Artist,Belarus
7bI1v9NGBBhq8iGfytctni,Squirrel Flower,Artist,Belarus
1nnaE1FllcW0TlDdPVmdPg,Scally Milano,Artist,Belarus
3I9Bd4StaxvFWPG9AAjlrO,uglystephan,Artist,Belarus
6iQqWcDg92kre5ykFLwqD8,Дайте танк (!),Artist,Belarus
0GOx72r5AAEKRGQFn3xqXK,GIMS,Artist,France
1cKyknhftNKXCjMBd2hDrG,DYSTINCT,Artist,Belgium
0LKAV3zJ8a8AIGnyc5OvfB,SDM,Artist,France
2loEsOijJ6XiGzWYFXMIRk,Adam Port,Artist,Belgium
6XjgqvaVLUib6lCerbZrYD,Stryv,Artist,Belgium
26WKgv73kRHD0gEDKD1i8j,Keinemusik,Artist,Belgium
2yyaNPcdxZcn4iutCcLMaC,Orso,Artist,Belgium
37lTKHi901VnwngQ7C8noT,Malachiii,Artist,Belgium
3IW7ScrzXmPvZhB27hmfgy,Jul,Artist,Belgium
3hWQDRr1PqwvnHeiZlucBq,Bouss,Artist,Belgium
3zGV7t4BDmYZBLVA24487b,Pommelien Thijs,Artist,Belgium
2F3Mdh2idBVOiMTxXoxc10,MEAU,Artist,Belgium
0UF7XLthtbSF2Eur7559oV,Kavinsky,Artist,Belgium
3QVolfxko2UyCOtexhVTli,Angèle,Artist,Belgium
1xU878Z1QtBldR7ru9owdU,Phoenix,Artist,Belgium
5oNWzcU0mYK1zDUxBGHIaG,Hannah Mae,Artist,Belgium
5ncHUtKhiVsHlugFN0DCDl,MAKSIM,Artist,Belgium
5MraexJKZDrQYzS98kNwie,Sevdaliza,Artist,Belgium
6tzRZ39aZlNqlUzQlkuhDV,Pabllo Vittar,Artist,Belgium
1QsdzIKkTT5gDFj8GB1cIX,Yseult,Artist,Belgium
3TOqt5oJwL9BE2NG9MEwDa,Disturbed,Artist,Belgium
5wCmhq5J2hPwL2r0eKurxn,cassö,Artist,Belgium
5KKpBU5eC2tJDzf0wmlRp2,RAYE,Artist,Belgium
5VadK1havLhK1OpKYsXv9y,D-Block Europe,Artist,Belgium
07h4CCFmlXkwx0g4PL5Uuh,Guy2Bezbar,Artist,Belgium
5eDdy8QxB47JsLASK2FI1m,Noano,Artist,Belgium
5eir5zFJpES4j7gsymbVyl,Ronnie Flex,Artist,Netherlands
3JhNCzhSMTxs9WLGJJxWOY,Macklemore,Artist,Belgium
5mZJerulcERBZV7xnhrVp1,Ryan Lewis,Artist,Belgium
5BcAKTbp20cv7tC5VqPFoC,Macklemore & Ryan Lewis,Artist,Belgium
4e0nWw2r4BoQSKPQ2zpU13,Ray Dalton,Artist,Belgium
6ltzsmQQbmdoHHbLZ4ZN25,Lord Huron,Artist,Belgium
0fTSzq9jAh4c36UVb4V7CB,Alex Warren,Artist,Belgium
60df5JBRRPcnSpsIMxxwQm,Otis Redding,Artist,Belgium
11oaKJc8rsz6x8YPVjca4X,Engel Montaz,Artist,Dominica
0kwa5ELbi8xm7vbwywoLtg,Kuv507,Artist,Dominica
0c0Yh1P4gMYmDwebhyzIDv,Latinnites Music,Artist,Dominica
6XkjpgcEsYab502Vr1bBeW,Grupo Frontera,Artist,Bolivia
5JMJt80HJWR1e4hMw63Z5t,Luis Vega,Artist,Bolivia
1TA5sGRlKUJXBN4ZyJuDIX,Blessd,Artist,Colombia
3m5qlPf2OkihLz3dRYnkPA,Ovy On The Drums,Artist,Chile
1r4hJ1h58CWwUQe3MxPuau,Maluma,Artist,Bolivia
66ihevNkSYNzRAl44dx6jJ,Carin Leon,Artist,Costa Rica
6ndLrsgT3MV5CNxIrW71fw,DFZM,Artist,Bolivia
1vyhD5VmyZ7KMfW5gqLgo5,J Balvin,Artist,Colombia
7j6DKwmjbxvpQO8h914uEz,Ryan Castro,Artist,Colombia
4q3ewBCX7sLwd24euuV69X,Bad Bunny,Artist,El Salvador
1fctva4kpRbg2k3v7kwRuS,Rvssian,Artist,Bolivia
1mcTU81TzQhprhouKaTkpq,Rauw Alejandro,Artist,Ecuador
3ZpEKRjHaHANcpk10u6Ntq,Ayra Starr,Artist,Bolivia
1dKdetem2xEmjgvyymzytS,Grupo Firme,Artist,Bolivia
0dUyjgCyjfj5eMx6bX2TWf,FMK,Artist,Bolivia
2jSGzJw0ebJLu7OLVSOcBP,Plan B,Artist,El Salvador
12GqGscKJx3aE4t07u7eVZ,Peso Pluma,Artist,Mexico
18dspUI6gqabm5XCC2RcUD,SOG,Artist,Bolivia
5szJHKg5xeUlQ9pTqzdpic,Taiu,Artist,Bolivia
0OTHm6AFLxgeTm0gHNOuWi,De Parranda,Artist,Bolivia
3qsKSpcV3ncke3hw52JSMB,Young Miko,Artist,Bolivia
0wdQR6Qd64uSVhNJy7M2F0,JAVVI ELIAS,Artist,Bolivia
6aoGgTKGqtsjj48ymcNs4Z,MC Tuto,Artist,Brazil
6XX6KGpomRDPmGGm7bofCK,DJ Glenner,Artist,Brazil
3p7PcrEHaaKLJnPUGOtRlT,Henrique & Juliano,Artist,Brazil
6vTqEFbTtTRJsuIpzZgjxi,Grupo Menos É Mais,Artist,Brazil
7MiDcPa6UiV3In7lIM71IN,Gusttavo Lima,Artist,Brazil
5Dz2FizMLqV0Cr3c8uhEcF,MC Cebezinho,Artist,Brazil
1b8S7EPzdckRyIh0uSbOMI,DJ Oreia,Artist,Brazil
64DTkZLH6KkkMwZEEZ5VWC,Love Funk,Artist,Brazil
5InVWl8IZB8zFAoNa5roKm,Mc Kako,Artist,Brazil
59jlthNnbmim5l9tmNA7se,Maiara & Maraisa,Artist,Brazil
1DuBkL1pAgaZQHXKPiVr08,Léo Foguete,Artist,Brazil
5wbf52LA6kcaboHSN6NEF1,PEDRO SAMPAIO,Artist,Brazil
0nFdWpwl7h6fp3ADRyG14L,Marina Sena,Artist,Brazil
3hq7WoPJsrRP0KMSLhUgRz,Murilo Huff,Artist,Brazil
2CKOmarVWvWqkNWUatHCex,Ana Castela,Artist,Brazil
0xj9MJx9r0wO2o4aqdergP,DJ TOPO,Artist,Brazil
7me0S5Z40qVWj3gzyK8aC3,Mc Livinho,Artist,Brazil
70jpkgy5oGT4YjaGFpCpk7,MC LUUKY,Artist,Brazil
7wLAecYIgstxcjqe6JwT3w,DJ JB Mix,Artist,Brazil
5s27i7oqhNWIcE4HeoVdq0,MC GP,Artist,Brazil
2f8xoxornfSw6ePzgyM9NO,MC Jvila,Artist,Brazil
6XFc29m1ptfUNmaa1UTuBT,MC Joãozinho VT,Artist,Brazil
3UfwtvPZZea2HHwI23VtKP,MC Vine7,Artist,Brazil
75i9GaW2MJUgt4BkdUnuUY,MC Ryan SP,Artist,Brazil
2VTYSgPG0HoSZ4YMx7EeFj,Mc Duzinho SP,Artist,Brazil
6zGPa2tLMJ5HQYUddZI8di,Caio Passos,Artist,Brazil
04QHNiih9ZesPvals6II1h,MC Marks,Artist,Brazil
7IOSPo9oGCLWtDEZtmxgTi,MC Bruno MS,Artist,Brazil
2FDaBZt51fOXh2rbHL8Afr,Mc Magal,Artist,Brazil
48yaM25WLHmQZXx5NN3DYH,Aaron Modesto,Artist,Brazil
1elUiq4X7pxej6FRlrEzjM,Jorge & Mateus,Artist,Brazil
0JRPF8WIKUtSO2IUYfrcuh,Kaique e Felipe,Artist,Brazil
5kVgcCdPbeUwxBqWxi2Ktl,Luan Pereira,Artist,Brazil
6sW5k31iA8sTy0i2goUKF9,Oldilla,Artist,Brazil
6VOn8xBJH73S7DN8VBAoaN,Deejhay RB,Artist,Brazil
2Z0lRIqr997lIUiPtrpKCr,Matheus & Kauan,Artist,Brazil
1LIuN7ov1IBQDdLsU83ojl,Hugo & Guilherme,Artist,Brazil
41QLxRXlc2NwfJZkHGHKid,Israel & Rodolffo,Artist,Brazil
1mV9h1AwhRXSjBFcYpajgY,Mc Lele JP,Artist,Brazil
6VyttZwyEMGBl90oGdKCB8,MC Leozinho ZS,Artist,Brazil
6wduHvHCH5QZtWs6ULilDM,Henry Freitas,Artist,Brazil
0bg3fNpRQgZTCAg3Bseyly,Mc Th,Artist,Brazil
5ZfBThYiIIhL7jHMG8gDB2,Ferrugem,Artist,Brazil
1fUSLFr4WUBx7joEcGwpvG,Sorriso Maroto,Artist,Brazil
37mqXU98U5GmH5ZDtlHM1c,Matheus Fernandes,Artist,Brazil
6qrqAYlS6lUj2BVXax7SZW,Mc Jacaré,Artist,Brazil
0vLuOi2k62sHujIfplInlK,Hungria,Artist,Brazil
7gZu6kPnY9enEi5FvgTO4F,Felipe e Rodrigo,Artist,Brazil
7gHzR22tDNSWGS4HkvvPgw,THE BOX,Artist,Brazil
1SZXYhJz4sqEss888VmWLP,Mc Brinquedo,Artist,Brazil
1JJq541frMPfUIQiUoVrnp,Mc Laranjinha,Artist,Brazil
1X6ORK7IekgmyjV6IFPszP,Gustavo Mioto,Artist,Brazil
0i1s9WcIu0PrUvHzALgofo,Seu Jorge,Artist,Brazil
6mKwmTMzDrye9elc8JWiw3,Mc Leozin,Artist,Brazil
3Nipsl6GVwwGyeAk0J29C6,MC G15,Artist,Brazil
1tKrZaph4cLsnEdqC5BNEQ,Clayton & Romário,Artist,Brazil
5nP8x4uEFjAAmDzwOEc9b8,Matuê,Artist,Brazil
2eK9gcJQ6uqVvJL63dnOM3,Simone Mendes,Artist,Brazil
5IREutgMnyQqRcc8r15gWk,CountryBeat,Artist,Brazil
6YzSM19LzpLH0nVKKU6Jsy,Mc Daniel,Artist,Brazil
3CIIaeZuFYrAD6PRVyuO4U,Felipe Amorim,Artist,Brazil
2Y3kRJYYun9lDcRMM7ulQg,MC Bruna Alves,Artist,Brazil
6m6e7D2TnV0aYMllFFwMxu,Guilherme & Benuto,Artist,Brazil
7rXMvXRnWHaSwnVvPeUUfw,Gloria Groove,Artist,Brazil
6TYimByryGphZCtwYopH0y,Lauana Prado,Artist,Brazil
5tfvAC3ptwTnVXeNJ8qkYe,DJ L30,Artist,Brazil
5O30nI9WzhHuxqFZqReBQu,MC Thaizinha,Artist,Brazil
1mvpEXClANunyiHFtAXCxt,MC Rick,Artist,Brazil
2xOLGU5UNLV3KQSFteF8ZW,Boladin 211,Artist,Brazil
54DpD2uxqh2jQtstvXxCag,Deliverymusic,Artist,Brazil
4MQAbRFF5xtTAIYG8jzfZm,Dj L Martins,Artist,Brazil
5H2zqAv4kVidX9S98sanYa,GringoBeats808,Artist,Brazil
487N2T9nIPEHrlTZLL3SQs,Zé Neto & Cristiano,Artist,Brazil
6sEfX6ntbBxeWBLggUMyyq,Medi,Artist,Bulgaria
3CcA9m1Ivpp5XmLt8SxUpn,Tedi Aleksandrova,Artist,Bulgaria
2xZOjY3LYFt8mfHuBUOBwF,Silver,Artist,Bulgaria
4vczAVLBVJzhMndKRCsQls,Djordan,Artist,Bulgaria
1WOWylyMYTYIkDJmKLeSpQ,Dessita,Artist,Bulgaria
39mjWoyHE5RMghSx70h7pI,DJ Damyan,Artist,Bulgaria
1lxHE7dVKOVaIjGOIu8svG,Emanuela,Artist,Bulgaria
1vAwQYTE1k5MBhNsvqphp1,Azis,Artist,Bulgaria
2Dj0euYPa8eiI6Ee5VLBwg,Preslava,Artist,Bulgaria
3Q71N3lHz2pijhljCNqOqw,Andrea,Artist,Bulgaria
7Cg8hnSsmbfC6fxCykWYrh,Bilyanish,Artist,Bulgaria
5f1C9EB4G4MrxxmWmZP5Wo,MOMO RECORDS,Artist,Bulgaria
583wxBpo6S1maGz1bqYekZ,Selina,Artist,Bulgaria
2M8DUpSnqu7TlGxEgjUocd,Danna,Artist,Bulgaria
4v8n02xVhZK4CmdUAuipHn,Konstantin,Artist,Bulgaria
7JLPN5CklYCRotAvFGw4Q1,Fiki,Artist,Bulgaria
1UUQq3z2RCIqSE1eiP00Jv,Marso,Artist,Bulgaria
21dDhxm6HACY7m7vzfInMh,SST,Artist,Bulgaria
556XyBuO17TCo0Bviw5nCW,V:RGO,Artist,Bulgaria
27m6NrJXMbLGlkoGBUy2IV,Boro Purvi,Artist,Bulgaria
4oopAFtLdKXCoq2XoEjDZD,Krisko,Artist,Bulgaria
5M7RMcbgYy45XzC51HU355,Galena,Artist,Bulgaria
1nRdMIjXitRbmuhwGJopDK,Tzankǎ Uraganu,Artist,Bulgaria
48MmYtebtmsS7LjcYwGBWk,Tomas,Artist,Bulgaria
4AZihrM3P96d5mA9kvsxxH,Tsvetelina Yaneva,Artist,Bulgaria
5amPFw5XVlNzP7uSKBXtai,Galin,Artist,Bulgaria
6NtH0d4qlaU5FakRdrdNwq,SIMONA,Artist,Bulgaria
4aPsL8sPDTXIR11gYfAb0i,Mirela,Artist,Bulgaria
696J4fiOALx5ifVKv10VbK,Adam,Artist,Bulgaria
29Hsg37sCbjeeCdDA0HIgt,Ivayla,Artist,Bulgaria
4FTXvsvz433gZR67rhxFfN,Lidia,Artist,Bulgaria
1cqkZpQniJhO3wvhxqVz54,Jordan,Artist,Bulgaria
4CrkuFqKkCWd7pJTOaGxhX,Ork. Salih Hamburg,Artist,Bulgaria
12a4KgFut39rBB8WjeN2oL,VANE$$A,Artist,Bulgaria
5mNFpEfI0KApCz2Y88LYW6,Alisia,Artist,Bulgaria
2lKSCvxuWDRCyImWLIXqre,Don Mario,Artist,Bulgaria
64KEffDW9EtZ1y2vBYgq8T,Marshmello,Artist,Canada
3oSJ7TBVCWMDMiYjXNiCKE,Kane Brown,Artist,Canada
0fGcIStdT1OpFFhOC7Wp36,Teezo Touchdown,Artist,Canada
718COspgdWOnwOFpJHRZHS,Luke Combs,Artist,Canada
4GGfAshSkqoxpZdoaHm7ky,ERNEST,Artist,Canada
4Gso3d4CscCijv0lmajZWs,Don Toliver,Artist,Canada
2hlmm7s2ICUX0LVIhVFlZQ,Gunna,Artist,Canada
7DXregrznS25AM30UY9sUU,King Savagge,Artist,Chile
5CAruGjgds3QlF5ICtEnnc,Jairo Vera,Artist,Chile
2IAxPmQzx2NuutHe7ta7gs,Bayron Fire,Artist,Chile
11HepfI1lj6KJHj651rZhM,Lucky Brown,Artist,Chile
7tMukTswF8N6b0zI4rlCmg,Big Cvyu,Artist,Chile
35oGZihZclGoTVuICPXRP9,Jere Klein,Artist,Chile
07WSqyexqFJM0ZeQVPqJJg,Mateo on the Beatz,Artist,Chile
4fVe4Q8NDy3wog4lVZMlOX,EL MURCIELAGO,Artist,Chile
1QcutbFtA6u8A2ZFTZuLSL,Panda Black,Artist,Chile
6U574RAq08wVaurzSaqEY3,Lewis Somes,Artist,Chile
1PANUPmT5KUDGs3Xgkhw3T,Martinwhite,Artist,Chile
1djP5LHPEF9KvmoKJI0QPX,NEMJ,Artist,Chile
4rRwh9ghjocFABAwIwnunp,Gittobeatz,Artist,Chile
10VBp06W8NIgMW4JruLCC4,Kidd Voodoo,Artist,Chile
2WcCTeyPFxpiGwlntz0X2V,Dysbit,Artist,Chile
7hwlbJCUBQksiqlloB6x9K,Grupo Zúmbale Primo,Artist,Chile
5NenY2Jl9wwLRxf86go4Y8,Fran C,Artist,Chile
2OEZ0KKJrKXsRQ6hU9bbfS,Kevin Martes 13,Artist,Chile
0x5lhIYknBUEozHuXjkwUs,Galee Galee,Artist,Chile
22QaKKmBIH3QiotuG30W3o,Santaferia,Artist,Chile
3dC19P4w1BbDuwCailjybv,Nes,Artist,Chile
6w9ToX5slZ4uIdmD17hJ3c,Bryant Myers,Artist,Chile
2XcZshqzPKm3iZcmt73R8D,Pablo Chill-E,Artist,Chile
0NnUMWDCDi1snuMja6IdxH,Harry Nach,Artist,Chile
6RhHQP5MQPD3waU29h43gZ,DJ Acres,Artist,Chile
5cRpSxsBSMfrPgDuXDsys1,Prod Millones,Artist,Chile
4WnChRKrzhukEIN00vy0s8,Axl Boore,Artist,Chile
4yxLYO2imECxGYTTV7RQKb,Pailita,Artist,Chile
1fIJZfSmqQkuqfKNRmrS1V,El Jordan 23,Artist,Chile
7kvnG7JhX0ycVMVb8SP8EL,Bryartz,Artist,Chile
6rHwFb0YjWexAYxTjm4eIj,Nickoog Clk,Artist,Chile
2vnaEm73LHWfchNiQccNBa,El BAI,Artist,Chile
5uwa6tAMMfNbBFIHiI6NV4,W Sound,Artist,Chile
0dQUkvpKTvHbsTxXKcIN0S,Adan La Amenaza,Artist,Chile
3i6lAgVHplDXb6zrjIeBeK,Kris R.,Artist,Colombia
1cUpGtXcSQsovNYEZOQgOG,Nanpa Básico,Artist,Colombia
7a0XAaPaK2aDSqa8p3QnC7,Beéle,Artist,Panama
2NfSBtmWe7oPw1EmetJVso,Boza,Artist,Panama
0zO8yNnw5GQgutcIyXfGBY,ELENA ROSE,Artist,Venezuela
2xmhyxkjpGNBeWXVMeVWHb,Rayo & Toby,Artist,Colombia
7GQDI5Vmxs92RsIRZzYT11,Pirlo,Artist,Colombia
0x6LwydMMHwLVnyML3s4lb,Nicole Dier,Artist,Colombia
4LyGCVZ22bGCY4BaW04Uyl,Mackie,Artist,Colombia
1g9s0VQvScNH2eh7JCbzUu,R.K.M.,Artist,Colombia
3jGlU8UMMo44I2xeLQ6FD3,Dalmata,Artist,Colombia
2P5WbTImnPSJQV4ZbQuQZ3,Bimbo el Oso Mañoso,Artist,Colombia
5J5DLfdC5YmPjVk8ljdOqU,Big Metra,Artist,Colombia
3bkz7ccHi6jiOIag1UyKkE,"KIO ""El Historiador""",Artist,Colombia
3tLXPx5dsnZtsodGSf6t8E,Chris Jonex,Artist,Colombia
0eHQ9o50hj6ZDNBt6Ys1sD,Yandel,Artist,Colombia
1zng9JZpblpk48IPceRWs8,Grupo Niche,Artist,Colombia
28gNT5KBp7IjEOQoevXf9N,Camilo,Artist,Colombia
0GchaVw5KfSVEm0xl0OXEe,Luis Alfonso,Artist,Colombia
4SsVbpTthjScTS7U2hmr1X,Arcángel,Artist,Colombia
3SUT1jjM5hzZj9TLfLZGIP,Tego Calderón,Artist,Colombia
17SY5q1CMOZJBRuPcKWwPI,J Abdiel,Artist,Costa Rica
4s6Xg38sbqh4xpf4OqhVUK,iZaak,Artist,Paraguay
2cPqdH7XMvwaBJEVjheH8g,Jay Wheeler,Artist,Costa Rica
4PPoI9LuYeFX8V674Z1R6l,Vicente Fernández,Artist,Costa Rica
5lwmRuXgjX8xIwlnauTZIP,Romeo Santos,Artist,Nicaragua
1qto4hHid1P71emI6Fd8xi,Aventura,Artist,Nicaragua
4cG43cUBRJWWDsRh4SW48i,Viktor Sheen,Artist,Czech Republic
721o1Z0J6jQupyzLt9RnEk,Yzomandias,Artist,Czech Republic
6gvVFtkTV4OCyQSCzGgU1h,Nik Tendo,Artist,Czech Republic
1jHpBumJuu1B6LCJQVh49x,SIMILIVINLIFE,Artist,Slovakia
6xg3PSVEwviVyfnx3mtsPL,Saul,Artist,Czech Republic
52OGEbhmyukkdvJ6EDaLH1,Lil Buca Near,Artist,Czech Republic
4Vmja4orT3sZ2F3x3DanBZ,Hard Rico,Artist,Czech Republic
4V1v1oFnKe0b42lZh1QBnF,Ektor,Artist,Czech Republic
19HPN1TcUQ4L5gPdRIELlr,Trabo,Artist,Czech Republic
3qoxj1cR3W3crV51Wg38Ux,Dollar Prync,Artist,Czech Republic
1gRr6moof50L1b7XsbClvI,Rytmus,Artist,Czech Republic
3LujD0iQ9jRbSCMA39CGfO,Separ,Artist,Slovakia
5RWzjEjUW2NWpSm00Ieo5X,Peter Pann,Artist,Slovakia
3FgZ0agsmQ50Y9VflHdcio,Rohony,Artist,Czech Republic
7eKgZc26opM9g5oRiOOwlu,Manene,Artist,Czech Republic
2U1l35agymGrBDFeMIxVLG,Pil C,Artist,Slovakia
33ngpBQcfq53FgLhpBDt8i,Luca Brassi10x,Artist,Slovakia
5gRumjUBK1fHfuOlQxspJ9,ŠKWOR,Artist,Czech Republic
5lEkQtWa3UKlI1hj7sktcd,Calin,Artist,Czech Republic
5iYtjtFv6SvHX95ny4fVEz,P T K,Artist,Czech Republic
1bpca6RQE5kp92pIwPMBE8,Ben Cristovao,Artist,Czech Republic
2f1Czzz5n4BX80U6cksGr9,Kabát,Artist,Czech Republic
28oxY7ZfDt1BJFf8FVfpEh,Robin Zoot,Artist,Czech Republic
2ZHJEckf6HJXMSuD2icSSW,Sofian Medjmedj,Artist,Czech Republic
7KjsjftPKKarTvZlawniPi,Marstein,Artist,Norway
1GKN1Js8fa19K23eIhOMhg,Annika,Artist,Denmark
74HomvqoUecDcUPRespyqg,Suspekt,Artist,Denmark
5FIdLxucf1EKqZfxeeXZzD,URO,Artist,Denmark
4ZwOlDVAGXQo66ykbLQ8dP,Lamin,Artist,Denmark
1d5Y2zrhRQ6R0plv652L67,Ukendt Kunstner,Artist,Denmark
2eBqkaIfoNsOPCQCQEy5fD,Benny Jamz,Artist,Denmark
2KbikmQKGiUPR2ARs1h0sq,Gilli,Artist,Denmark
2dfY7zXIP61MKHtD175hFp,Noah Carter,Artist,Denmark
7JoViNQIqOIaxcBswboN5d,Ankerstjerne,Artist,Denmark
3pVuaUisHmRfVy53qWwmql,Daniel Schulz,Artist,Denmark
3SyJZpVRYuncgXPtjAceOJ,Panamah,Artist,Denmark
5Ppbc55kNdjvxP8Tw2P8S9,APHACA,Artist,Denmark
2d7AMvzFwh5wUTuqQl3BAE,KESI,Artist,Denmark
5RaTuqY7SJHvh6MNzMagut,D1MA,Artist,Denmark
14nVYgOiwVBJIEATXIDYC8,Burhan G,Artist,Denmark
6ohx0Iujh5kRkt5BibHlXj,Frida Brygmann,Artist,Denmark
3elCsuJ1JjDeAd8mjlRRX5,Blæst,Artist,Denmark
6xfKNngTw1zxViM96HSTCq,Mumle,Artist,Denmark
7nCIXUCqZmxntAGJMyls5c,Svea S,Artist,Denmark
1w2fVGZN37TieWhlqS8UwB,Tobias Rahim,Artist,Denmark
3RYYha3CC7js2PHbcBHewt,ICEKIID,Artist,Denmark
4ysmSq2N7badobfVT6YZ82,Gobs,Artist,Denmark
3Tg0bQKDqc4ONwmKywDq72,MAS,Artist,Denmark
3UaEtP4pJGDhyEzy47AMzl,Malte Ebert,Artist,Denmark
5MCNh315T9Mi2yQTD4bYkn,Dos Santos,Artist,Denmark
2GGL93jyTZ4X7uidHSJhIr,Kundo,Artist,Denmark
1GLzVjVa7bLnAcD1At98j3,Omar,Artist,Denmark
028xhPwqtWva4J0MkFHY2x,Mads Langer,Artist,Denmark
0thQkzSyTo4l3zbpibZznQ,Hjalmer,Artist,Denmark
0yqCOSZ1i0c49UUbE8AzbQ,Rasmus Seebach,Artist,Denmark
1YwMnnHvnG64fJxYSVwmN6,Branco,Artist,Denmark
1uNFoZAHBGtllmzznpCI3s,Justin Bieber,Artist,Denmark
4ncaw2cfA3Wlly1tBD2eWt,Yailin la Mas Viral,Artist,Dominica
5O5qjKWtduHgXxeEYbbSxz,Puyalo Pantera,Artist,Dominica
4WzBqbc7fxl2y8XrznMSqf,Candelita,Artist,Dominica
0TnOYISbd1XYRBk9myaseg,Pitbull,Artist,Dominica
3OcvS8PzSGYMBvLdzY6g3e,Silvestre Dangond,Artist,Dominica
6NVVcu2j3GlTJwVUnNh27B,Jose iglesia,Artist,Dominica
03A4rAqMAxVwjkRIPZxZ9Y,Sacra Mr Melody,Artist,Dominica
4VVEpEhC8NcR7AqNEds42U,Chimbala,Artist,Dominica
7w0t8O8nbirfLvGJgKK0xk,Leo RD,Artist,Dominica
3Z8i7zAQr7lPwH7pUQnlXJ,Kreizy k,Artist,Dominica
7eUSP77ZhnXleSue48JWiT,El Blachy,Artist,Dominica
5rlinmh5Y0p4zfMY5qngpX,Diamond la Mafia,Artist,Dominica
4UcGO4hOufILa9qGd3KOCo,La Perversa,Artist,Dominica
4lpMINWZQ39N9joHJFmgDE,Loco Prieto Oficial,Artist,Dominica
30TfJAUX5Aeh7qKjyndmsO,Mapa Negro,Artist,Dominica
2rMFPjySMqkgBajkLKL6zo,Lomiiel,Artist,Dominica
2dHbjVgpO3NvzY8D7yZvji,Donaty,Artist,Dominica
0L7AJNWmGtSjzASON8eTDW,Papera,Artist,Dominica
1y8spb5Thg0p5ybNtdk4tu,Jezzy,Artist,Dominica
6kq4GHwUcUojGIu0ziSNXf,Amenazzy,Artist,Dominica
6GlX3FdCQrMftGfVaWcmPZ,NTG,Artist,Dominica
5wJ6ampK4rbYM4QjhIbsGa,John Theis,Artist,Dominica
7qYeIN2r4H1kBvr0Gm9Iav,Randy,Artist,Dominica
44cW3xznP61BXbu0e7fgxn,Slayter,Artist,Dominica
12lHTAdc9T204lw5qPtasv,Foreign Teck,Artist,Dominica
0XXR1ghu7pFEcfdmhq52E9,Braulio Fogon,Artist,Dominica
1f7FtdbdaRjeeOr0gK9f3L,Luis Brown,Artist,Dominica
0b4EVanoJb8wkWF7QUA3uY,Sin Nombre,Artist,Dominica
0B4uq7LA4vdVwFPDoOcVtw,Jey One,Artist,Dominica
0tR60pwxQ5WKjPxQcKoCQ7,Messiah,Artist,Dominica
0PPgD3dY7wrxsMe021mByK,La Mas Doll,Artist,Dominica
2kF83E9c7WmW5XdqwUrJd2,Chocoleyrol,Artist,Dominica
3Y9A8EQQtWU8RStiTlzErv,Jombriel,Artist,Ecuador
1YZcJWydWAbSpknMUKtD9m,Alex Krack,Artist,Ecuador
2wnVvfvSkFJbtOinte4sC3,Jøtta,Artist,Ecuador
70nxnxEqDQIEWneRjg2Q4O,Adolescent's Orquesta,Artist,Ecuador
27popMcDKX0XWFqlq4vTXZ,Sossa,Artist,Ecuador
2Kw8bTqfGNAH3hOmR0aSsm,Bruno Marcelo,Artist,Ecuador
2cXxHeHp70c1PDDo5h4Y9b,Rich Ibra,Artist,Ecuador
4NMmc3Z7Yd8SJc0iSmEaZx,Vyse,Artist,Ecuador
3b3OoVWsX5vEeuAg0TUlPQ,Joel The B,Artist,Ecuador
0ehrcK1euZpC14iBSYtbgy,Hoppen,Artist,Ecuador
60uh2KYYSCqAgJNxcU4DA0,Hombres G,Artist,Ecuador
1Ts9of7VPZElwPQnqnDSfW,Lyanno,Artist,Ecuador
1GKIlPFdcewHtpDVCQ8zmJ,Brray,Artist,Ecuador
4IMgqWorWJUqUlbULGdoBa,Youssif Elashry,Artist,Egypt
7yBuSjd5Z3w7acodk51evR,Afroto,Artist,Egypt
33Dgas4QUk9jjh2TnolVwj,ONUY,Artist,Egypt
5CSaIf8OAstAYE5oqQeS15,Magdy El Zahar,Artist,Egypt
6mPZyiInAlfLGBJbX0echu,زاد,Artist,Egypt
3mUUUQDWnVlttF1yERxmPQ,Ilmond,Artist,Egypt
5764EiAfWT26wi1CdLcnwz,Shehab,Artist,Egypt
5QKGejJMncXUNUb9pUFbEf,TUL8TE,Artist,Egypt
2KJgliIl1dMyeOMyCcnYv7,Bahaa Sultan,Artist,Egypt
5rCq30EbJ3DfZPKybGZj8F,Tamer Ashour,Artist,Egypt
2PM82jOCB674w4BL08zFVS,Muslim - مُسلِم,Artist,Egypt
4KGzrDuN7l1lrMNuio2fUe,yousef mohamed,Artist,Egypt
3gCqbhXmiSto3R8U9YZcZM,Reda El Bahrawy,Artist,Egypt
25P1GMgHepq6rkzRwg2DcB,Eslam Kabonga,Artist,Egypt
4BKC2HOGEqtYz2Xbgp9N1q,Wegz,Artist,Egypt
2GVksDv9UpY60i4CvytrZK,Cairokee,Artist,Egypt
2iToE4LH0W9zs4hVw3A7m6,Mahmoud El Leithy,Artist,Egypt
2KjiHtx0h8tyJXbg8aYRgu,Essam Sasa,Artist,Egypt
5HczG7gdd89oDKY0CUyPof,Wael Jassar,Artist,Egypt
2yV4zQzvNPMyHncf60u9sr,Lella Fadda,Artist,Egypt
4o6vIkdmHiEXZOesrJj3KO,Abyusif,Artist,Egypt
5LtHZB7vU02HtNoOzNcVhc,Ramy Sabry,Artist,Egypt
5OssgJlERPHTqpgpwUh01O,Said Fatla,Artist,Egypt
6bb9VI1PpPTEmdgcgjTppX,Mohamed Hamaki,Artist,Egypt
15EdXJSvJSrjOGXsIimK0d,Ameen Khattab,Artist,Egypt
0IiR4LJwslf6HBSdk9W3Dg,Angham,Artist,Egypt
5OaC42gxOxSYgfmmSxe672,Farid,Artist,Egypt
2N72bJ8IYB4KZmKmxz5Xkk,Hamza Namira,Artist,Egypt
56chSp36PsMhpQvUn1kdR3,Marwan Pablo,Artist,Egypt
57UiSuUcw9m0MV4bC2DukM,Molotof,Artist,Egypt
63OMTYC88PAsd7ffM3ErQv,Muslim,Artist,Egypt
4JhWEqWfwTQywn7lKkNWt5,Felo,Artist,Egypt
5miyPYjh5EcpOSqloDJPID,Ramy Gamal,Artist,Egypt
1bfl0AU8SqmLkElptOprhC,Julión Álvarez y su Norteño Banda,Artist,Guatemala
5eumcnUkdmGvkvcsx1WFNG,Tito Double P,Artist,Mexico
0pePYDrJGk8gqMRbXrLJC8,Luis R Conriquez,Artist,Mexico
6pV5zH2LzjOUHaAvENdMMa,Neton Vega,Artist,Guatemala
0elWFr7TW8piilVRYJUe4P,Natanael Cano,Artist,Mexico
6dLuQ5qXxIuWc5urxfIiZR,Calle 24,Artist,El Salvador
2rmkQLzj0k4nZdQehOUByO,Chino Pacas,Artist,Guatemala
33ScadVnbm2X8kkUqOkC6Z,Don Omar,Artist,El Salvador
7Gi6gjaWy3DxyilpF1a8Is,Junior H,Artist,Mexico
1pgDilWYDWLoOgGjf1iHNu,Zion,Artist,El Salvador
5lFhCi03HDneWzvCxGctrT,Jory Boy,Artist,El Salvador
4DYFVNKZ1uixa6SQTvzQwJ,Ken-Y,Artist,El Salvador
3LKXWvXFWrkwUzJWxzwVpW,Tony Dize,Artist,El Salvador
3TVXtAsR1Inumwj472S9r4,Drake,Artist,El Salvador
2a8z7MVhEtvZXFbgEE9ihL,triibupasta,Artist,Estonia
5K9q3ogdUech17MWE2mqlL,White Girl,Artist,Estonia
2cNMMulo6S2a0tHrwX2s6i,nublu,Artist,Estonia
6kSiYWWt4597uZNH0Cpjig,maria kallastu,Artist,Estonia
13ubrt8QOOCPljQ2FL1Kca,A$AP Rocky,Artist,Latvia
6Xb4ezwoAQC4516kI89nWz,Imogen Heap,Artist,Estonia
5vSQUyT33qxr1xAX2Tkf3A,Clams Casino,Artist,Estonia
5nZADoZFWVB90dHpk5zvXy,villemdrillem,Artist,Estonia
55I7E3FxDsnuRqr0sQSrMf,Küberünnak & Karmo,Artist,Estonia
6TsAG8Ve1icEC8ydeHm3C8,Snow Strippers,Artist,Estonia
4S18DTzCeExY2k5vi6rGWW,Florian Wahl,Artist,Estonia
6acByqWJeuaM0TX5VoY6an,5MIINUST,Artist,Estonia
6kvEy25jX5e1RtdFn1Eo3X,säm,Artist,Estonia
0Y6dVaC9DZtPNH4591M42W,TV Girl,Artist,Estonia
1QAJqy2dA3ihHBFIHRphZj,Cigarettes After Sex,Artist,Saudi Arabia
4oLeXFyACqeem2VImYeBFe,Fred again..,Artist,Estonia
5SXuuuRpukkTvsLuUknva1,Baby Keem,Artist,Estonia
78rUTD7y6Cy67W1RVzYs7t,PinkPantheress,Artist,Estonia
3jNkaOXasoc7RsxdchvEVq,Chase & Status,Artist,Estonia
2SrSdSvpminqmStGELCSNd,Stormzy,Artist,Estonia
2Pn8JMNrnRnSpNRPPgtiWA,ibe,Artist,Finland
6IKJyoGeFRCRDb90U6AEzp,Turisti,Artist,Finland
5m8QXFAKCuty66pOzy9aPZ,Mirella,Artist,Finland
0hVN0MWgK3oTTBoqBVSRwt,Sliki,Artist,Finland
1iRlPYW9AnnyLTPfy53Mj9,Ares,Artist,Finland
6lFrRAoT64zvrLiL1edMhk,Averagekidluke,Artist,Finland
3Lc2yroP05lRK5z9NtQTkc,Etta,Artist,Finland
2E93OTghhH2JKYUWt48gFK,AHTI,Artist,Finland
3aD9K1zaLQ3G7yp9XV5E4D,Isac Elliot,Artist,Finland
4cmLVUbkth6BauCptSGKsV,Lauri Haav,Artist,Finland
7meg3neLTT2WR1LDjL8jze,SANNI,Artist,Finland
0hidKEfknd2aNabseugaN2,SHRTY,Artist,Finland
1hIZRiy8VLKDzZSk1SyjvP,Korelon,Artist,Finland
5aF5rqONOxygQlthvJ5Wjr,KERZA,Artist,Finland
56fNXc6wRoO6rkxs0mNtL4,Kube,Artist,Finland
3kKa5RWsRwK2f5Xu2RHBB7,Jore & Zpoppa,Artist,Finland
2JSX0lIYekUp6F301cTHkq,Sexmane,Artist,Finland
3I4GcOB25cSJHa9d7Bsgji,costee,Artist,Finland
2zd9YxlsQvA5mkZ1NarYVQ,Miriam Bryant,Artist,Sweden
0cv9YYFgE0vLVgTjMrOZup,Sara Siipola,Artist,Finland
0PyeoSEt7RQPbjuzy3JK9O,Ege Zulu,Artist,Finland
3bAa4FKwIgwWYHdaUJicmE,BEHM,Artist,Finland
5lrrAnWHek9LEQgB3MCfub,OLGA,Artist,Finland
4Q4b4S784htx6DtxcMUfMO,Robin Packalen,Artist,Finland
4yJlK8mRoESpFoPq3sOAi5,Tupe.,Artist,Finland
6LkMGN0t3HDNL8hIvma70r,Käärijä,Artist,Finland
5BTRN678gL6XT4kv3TBopQ,Costi,Artist,Finland
5ndSb0dw2ilXbSlUZ7Gm78,Juuna Chill,Artist,Finland
1p1Q1tRavrbMGCgJdf9G0H,Tomi Saario,Artist,Finland
3YC5DVJDjyazvB8hxJSybr,KUUMAA,Artist,Finland
4rL7vju2zGQGrzqkpzkwOo,koira,Artist,Finland
0LjFLVs8xGlfyPxUZrG5NZ,RODEO,Artist,Finland
4gl9wpGYA4o15ykU2FBnd3,Anna Puu,Artist,Finland
5H34mYQz0gLcqPWIOTyDaJ,Erin,Artist,Finland
69pjn3Oxt0azUYEw9NE4S0,Ida Paul,Artist,Finland
5tflzG5jjh0ka3SrnOgewO,Mikael Laurent,Artist,Finland
1fy2OEMI7TX9ayBKxErHK0,jambo,Artist,Finland
0C1YfsZSxVHgL0Z8bngOTM,Dr. Yaro,Artist,France
3vUMXQ9kPnZAQkMkZZ7Hfh,Tiakola,Artist,France
4acowSAiQXmdhs4DCgUQ0U,Ryflo,Artist,France
1eXXCUkwhu0MRLTamWEgXE,Oskoow,Artist,France
5Vf6gyVzfo8TnzrPRBg3qo,SANTA,Artist,France
6Te49r3A6f5BiIgBRxH7FH,Ninho,Artist,France
7CUFPNi1TU8RowpnFRSsZV,Niska,Artist,France
7x3eTVPlBiPjXHn3qotY86,KeBlack,Artist,France
4uJNQGa3L2frXDxwgouTIw,Franglish,Artist,France
26zgIfFyTCImkHAp5gwKW8,Joé Dwèt Filé,Artist,France
4v3iE7RK6SOyplsSQxZsjc,Yorssy,Artist,France
2GlEiSHYEKlq9cUYDa9oZb,Lynda,Artist,France
0PcU18DNfkn3pmbjy5yMFz,Genezio,Artist,France
3igykO7sW43wfhSjvnETTo,Prototype,Artist,France
2t0frJEIdex2PTwuLlGxDD,Carbonne,Artist,France
78iJ2FMbYAFY3djO4PbWZi,La Mano 1.9,Artist,France
6HCBnyTBSLdb3TFn2ayulY,Leto,Artist,France
5gqmbbfjcikQBzPB5Hv13I,Gazo,Artist,France
3YBJLs7RqR0aPGBgU27nDh,Werenoi,Artist,France
1AFQg3CpeciNbd120XZDmi,AMK,Artist,France
2YRHC9O0GHvyHY38yFP434,Dadi,Artist,France
3Cz37xnWAOtQEa5jfrTUbL,VEN1,Artist,France
5xfBWklmIwTOoijr3nMgHB,Ramos.,Artist,France
58wXmynHaAWI5hwlPZP3qL,Booba,Artist,France
7DUTsWY3RBd64vh8UtgtYA,Lacrim,Artist,France
6q87j1F6EtUxjlvkJNknFp,THEODORT,Artist,France
20JMfmzDb5cjHxEoMXXMyY,Favé,Artist,France
4IS4EyXNmiI2w5SRCjMtEF,Kendji Girac,Artist,France
5gs4Sm2WQUkcGeikMcVHbh,Hamza,Artist,France
6L8y2rKomt32RmT4wfwZS7,Jungeli,Artist,France
7CW7QdOgRStOg7JktRuZ3E,Imen Es,Artist,France
2z2TRvloJt4EfUNQp9rHAi,Alonzo,Artist,France
2jFnPm8VeSO19i6B8blXB5,Abou Debeing,Artist,France
5ZlyVrDhzKVvaZNj3b58fE,Lossa,Artist,France
2rEVnwCPBeGkWMv425KoG1,AYLIVA,Artist,Germany
1qQLhymHXFPtP5U8KNKsm6,Apache 207,Artist,Germany
39KEQQAG9JhIt71g9NEVhh,Azet,Artist,Germany
1aS5tqEs9ci5P9KD9tZWa6,Bonez MC,Artist,Germany
6h1s4i4XKIYv4ErDelLDN0,Samra,Artist,Germany
1pOuPivcxEwA8lnpMYYVsO,SHABAB,Artist,Germany
1yIifIA91WgmfzBcjbQB8i,Kurdo,Artist,Germany
3qcaaPlAej44awNYKTTXCw,BERDO,Artist,Germany
07SFzTMeYf5P8Rd32a9Zzw,AK AUSSERKONTROLLE,Artist,Germany
3NZPZUWDcJngcu8MuBpT69,KARDO,Artist,Germany
0PPCPsuv0iOAYKGR2SkFal,VOLO,Artist,Germany
6GoNVmYCl0yUm4pEp80vn6,badchieff,Artist,Germany
1ABhalCH6yn3eS3T46KmvF,bac,Artist,Germany
4hK7sEnm0se5bqoI3Yb5o1,SANTOS,Artist,Germany
4Yttlv9ndGjCDCVLqM7ACq,Sido,Artist,Germany
3F2BUPEkX9IDaRYAeJN0Gh,Amo,Artist,Germany
1xlPEhjbFqhrDjaAvyvueX,Safraoui,Artist,Germany
3ZuBEj9ppJe8GSdKaMTfMN,Nimo,Artist,Germany
0t84CBqmvihsUVFme33TLd,GReeeN,Artist,Germany
5j21TGkrNEAJe3gG9VlS34,Shindy,Artist,Germany
5pVRwX5ZQR7hfJ18w8ZYkl,Ufo361,Artist,Germany
3pjq2pDV9RR6VY55wBjVnp,Dardan,Artist,Germany
6x0pz3N2n51qG75kjMR4uV,Sicario,Artist,Greece
1yBH6dqnD6xzSeCjXp9pKm,Roi 6/12,Artist,Greece
3h3WR8UDyRk15U74xAXE7a,Arab,Artist,Greece
6Zx32XYdrM9A2rIt6jKVmm,ASOK,Artist,Greece
0cy6ZMOTeautXRNJsR6PiV,Ivan Greko,Artist,Greece
6WzxopGY3sy97IeNFaDELc,Trannos,Artist,Greece
5qDpS8QhKjNRZ6aRrcpY1Z,BeTaf Beats,Artist,Greece
6wN4QyhoM6fN49kEB25rnl,SNIK,Artist,Greece
6hyFvbMnKrLVujJZnovsWz,Marseaux,Artist,Greece
2bucjueNUx2aVTUA7zj6w7,APON,Artist,Greece
0ijA6WxysUZ8vZQL7JkUfx,Sanko,Artist,Greece
1zeAbUJAbLOWeYpgRVnYmu,FLY LO,Artist,Greece
7zYmrye7LvmpMkfHWrENu9,Mike G,Artist,Greece
3KcZf8BFeFBtnGyOZmUggd,Mad Clip,Artist,Greece
29Bl0nvClztM0dpgY2vvcc,Billy Sio,Artist,Greece
48h12D3cJbqfn1ReVL9qbw,Strat,Artist,Greece
6YYOTK6Qyv6PuFipPxCCoe,RACK,Artist,Greece
7AWAljMatr7bxddF4kWzXG,TOQUEL,Artist,Greece
7KcIok6StqYSedgtjmtsqP,Beyond,Artist,Greece
4rtNK25TiSGNcibilGWcQK,DIFF,Artist,Greece
1LxWE4LOhnqeaAx2tVUK6p,Saske,Artist,Greece
39E15l8zeCDYpSZwFNX4G2,Eleni Foureira,Artist,Greece
69EosSfMcqIxCMw7VeVPVC,LILA,Artist,Greece
6OBgaDVTONTa4rkGpE7sVE,Sin Laurent,Artist,Greece
5YquORfLTx6nWMlBzJstx7,Konstantinos Argiros,Artist,Greece
1UdbiTrv73Dp7F0s3OHmn2,Light,Artist,Greece
3qg78GGGWP04yTv0ZQMsXl,Anna Vissi,Artist,Greece
3J7SI1JrZt43ZBlH24IqCK,Evangelia,Artist,Greece
1pujt2kEecz5ystwtZxJ0w,Tr4cer,Artist,Greece
2xbrr6hwAzNT0fi0nZ0yJz,Brief Talk,Artist,Greece
4RTFt1VFxH6TYHIpVDCmpV,Onad,Artist,Greece
2KUhRrZ8gyki8zG4HJFDjN,Joey Evans,Artist,Greece
5XABVWdxtyuupsE2YUGrma,Baghdad,Artist,Greece
2oQftHHbzwW2lMNxh5W5iw,Ioannis,Artist,Greece
2ra3quFhImLyv0c9XTnWFl,Melisses,Artist,Greece
2wn1GEkgU8x5i1fstfxog4,Franklin WWT,Artist,Greece
6ITj5WewzBmhbCBS1jxY75,Rvchet,Artist,Greece
5svarA8QyRUWetgH9ZouQq,Sadam,Artist,Greece
1OJxI4NQfY6osMvhfRMMEX,Dof Twogee,Artist,Greece
2SabhGDiBSyaM6QSuBUVqB,Noizy,Artist,Greece
0vUcZVCNG7i5OV0zb8Icfw,Hawk,Artist,Greece
1RqOmrtivmvKrfBO81j1ou,Kidd,Artist,Greece
3jPN2U65cMPzvozEBue5zp,SIDARTA,Artist,Greece
4j3tjX98PWp21sE1XWIBt8,Danae,Artist,Greece
0WxSlQlue0fq99fXfGBmxA,Fy,Artist,Greece
2FTua3TeIGnmQQrN80DinP,Anastasia,Artist,Greece
4Rh80sXmcG4xDP1r6dTNiQ,Estevan Plazola,Artist,Guatemala
6Sbl0NT50roqWvy746MfVf,Gabito Ballesteros,Artist,Guatemala
7hDt3OE2ubsKzO9rMYPXox,emmanuellcortess_,Artist,Guatemala
5YqI7p8zYsOpKJtjxYdOce,Victor Mendivil,Artist,Guatemala
3p8PwzenE7ktd4BVFuQzMD,La Receta,Artist,Guatemala
5vV3bFXnN6D6N3Nj4xRvaV,Jin,Artist,Honduras
4dqqy9z09htrVsRiJpoQmw,DESH,Artist,Hungary
0zmW213tzA7NFv6ESRso7N,Young Fly,Artist,Hungary
6EIriUxo7vznEgJtTDlXpq,Azahriah,Artist,Hungary
7JOS2dpikWR1qxVZfLbKju,Pogány Induló,Artist,Hungary
7MiVTMPyOXp6jr9H3mFHBb,HENN,Artist,Hungary
3RDALl5RyRDHPryF1uyWwG,T. Danny,Artist,Hungary
7nU1fhLUpYpzilqF5QkVdX,Fehér Krisztián,Artist,Hungary
35BhE5C6szF898n5WgUSgO,Burai,Artist,Hungary
5Zwlr28h134D0OzxzUfVCA,BSW,Artist,Hungary
2dmFGufs1lJpgKnb5NyPNS,ByeAlex és a Slepp,Artist,Hungary
2O9w0WQhGtr7oQWG6nUqh5,KKevin,Artist,Hungary
5ALUgNuS421MZrrrAhM9Bv,Bruno X Spacc,Artist,Hungary
0x57YRyWq4ke3e1Sd9E7SV,VZS,Artist,Hungary
0Qld3F5Dr62sYbuivSzEMw,Mario,Artist,Hungary
3PMRY3PR5xAe5UpRfPPuaG,Dzsúdló,Artist,Hungary
5Y82XghASZwxaZGe7tJVUJ,Moriones,Artist,Hungary
5hBCfYFEDK8otrksMYuzoL,Parno Graszt,Artist,Hungary
1O4dvMoyQSIClCii6DSai8,Manuel,Artist,Hungary
3T7cPgj4vAIoSdypl7cNH8,Tomi,Artist,Hungary
0EQbKeNi7GXjfN2LndmReh,VALMAR,Artist,Hungary
7veanrmdYNXRdmVxbsjSNh,Lord Panamo,Artist,Hungary
13Et80WfHLQ1cBn2YTQ7Zd,ANUBII$,Artist,Hungary
5x9gQC3VztdH5mQO5EEi9y,Beton.Hofi,Artist,Hungary
4imSxhDqtkiuKUamV1AL2l,DÁNIELFY,Artist,Hungary
6MBiPjSFsYijvVDtKDwVs4,Herra Hnetusmjör,Artist,Iceland
0OCQtSY66ZM9xUUsuvjDXw,ICEGUYS,Artist,Iceland
4jfe3cL8wzjPxD9CViP2dW,Aron Can,Artist,Iceland
1tNJibl39hvCIVSnGaiwx5,Hafdís Huld,Artist,Iceland
7FRQP6Ivwv3DQCLxpR3I6Z,Birnir,Artist,Iceland
5fxRKBJNkss9n22ePnifL6,Izleifur,Artist,Iceland
734Ea35ORu5chErtoqMMtU,Daniil,Artist,Iceland
5h3hKwGlSCOjBjsMhMCWma,HubbaBubba,Artist,Iceland
6100Rwk1ypJpElhvxSKju4,Þórunn Antonía,Artist,Iceland
3hvKmeo12OU7ai8Mpgraf7,Floni,Artist,Iceland
5A5hVxY3BogJUch1IUcuw7,ClubDub,Artist,Iceland
6opz1Ax3VqCmeQBGax1erx,BRÍET,Artist,Iceland
7rjcERw1K9oR9vtik3YSJN,Luigi,Artist,Iceland
4ynaUZA4BVF6d2XaNuflVz,Ingi Bauer,Artist,Iceland
6TBRY5HueSwE3yVgBIHcy2,PATR!K,Artist,Iceland
4gdMJYnopf2nEUcanAwstx,Anuv Jain,Artist,India
05etL4pzWd6TSv1x5WrlG3,Faheem Abdullah,Artist,India
22UtphG4LcwxlhhV0aP4js,Rauhan Malik,Artist,India
6MPuzz9hPrs4TwxeHh4cEj,Amir Ameer,Artist,India
1SyKki7JI1AZNKwgNMkn25,Sachet-Parampara,Artist,India
1E6arsXf5Fgsnv9YpSzjpE,Parampara Tandon,Artist,India
3GBSge8pq7mpezUQl0GAOA,Kausar Munir,Artist,India
1mBydYMVBECdDmMfE2sEUO,Sachin-Jigar,Artist,India
4ojkMVHjuDZgDXSJy5qs2h,Madhubanti Bagchi,Artist,India
0NErdIJtuKBjtxKmlqaWdj,Divya Kumar,Artist,India
2fMqTqiTxUDlmcOEPaQSsx,Amitabh Bhattacharya,Artist,India
7uIbLdzzSEqnX0Pkrb56cR,Yo Yo Honey Singh,Artist,India
19LIHDDSHBD5NyYHI3gpzB,Shilpa Rao,Artist,India
4zCH9qm4R2DADamUHMCa6O,Anirudh Ravichander,Artist,India
4GISoVSxo2LkF5EyorXs9W,Ramajogayya Sastry,Artist,India
3PpjqSKBer3obW6lDflOBx,Ram Sampath,Artist,India
4YRxDV8wJFPHPTeXepOstw,Arijit Singh,Artist,India
7vCsTTACb2iT4fvBMnwp5w,Prashant Pandey,Artist,India
5VVN3xZw1i2qihfITZlvCZ,G. V. Prakash,Artist,India
1QvyquqkuuwUzdszyoKIy4,Haricharan,Artist,India
1rdQOMFFtoskDXXUVjiGo9,Shweta Mohan,Artist,India
3o7GGc9KjbLzTCwOq9WL55,Karthik Netha,Artist,India
1T7MiVJ2MJlR5GKi11w4VT,Pawan Singh,Artist,India
1eQsrFTW5NHQs1X7B0mImu,Simran Choudhary,Artist,India
2rN8LHqK4TBI7y3d9POvJb,Dhanda Nyoliwala,Artist,India
0qS0rxCY4YfrUx9GCTlDIW,Malaysia Vasudevan,Artist,India
4PY2xnTu90K0hvkgcljRJl,Deepthi Suresh,Artist,India
3UVLcqHc3pOMsWiZv2MeIZ,Yugendran Vasudevan,Artist,India
09UmIX92EUH9hAK4bxvHx6,Mithoon,Artist,India
2FKWNmZWDBZR4dE5KX4plR,Diljit Dosanjh,Artist,Pakistan
6DARBhWbfcS9E4yJzcliqQ,Karan Aujla,Artist,Pakistan
3nqS8jzqmsPKFJTp0BOIel,Ikky,Artist,Pakistan
4f7KfxeHq9BiylGmyXepGt,Tanishk Bagchi,Artist,India
1wRPtKGflJrBx9BmLsSwlU,Pritam,Artist,India
3tHD07u1ON4uHxmnT9rwqZ,Neeraj Shridhar,Artist,India
1gegc3MqXY9tE3SL0PyLKr,Dhrruv Yogi,Artist,India
5sifufajls8Q6k04Y4F8mH,Sameer Anjaan,Artist,India
5GnnSrwNCGyfAU4zuIytiS,Mohit Chauhan,Artist,India
5wJ1H6ud777odtZl5gG507,Vishal Mishra,Artist,India
6SWmwFBXIsxhIx5XPkYo0a,Josh Brar,Artist,India
0y59o4v8uw5crbN9M3JiL1,Badshah,Artist,India
183DgO92lAqgpVVNKI7ZKF,Raj Ranjodh,Artist,India
3ozYqVCLohfpXIhalkhM8D,Aditya Rikhari,Artist,India
0T1CMVkqffHlqEk4BcAph1,Tulsi Kumar,Artist,India
5TNSXFCNwlq2CfiMcNOCDP,Lijo George-Dj Chetas,Artist,India
5o36rLQd78Zh8CaT8rn59d,Shreyas Puranik,Artist,India
6k6TIai4KyKG1DeIMftSmJ,Siddharth - Garima,Artist,India
3iGhlvzpXc0UHBQ7klAItX,Mitraz,Artist,India
2DFCHTDIA0t638a4mm37dK,Raj Shekhar,Artist,India
5Z8nzSJRSo4HRcUOzemnC1,Juss,Artist,India
05dG9pMLRWenxzvSmefE6U,MixSingh,Artist,India
6WOdPJmexxFINcKMkP2jMG,Sachet Tandon,Artist,India
6q29t5RuXxlBuqIZsOMQss,Priya Saraiya,Artist,India
2cjQTf2J5yCaNY8qHpW855,AUR,Artist,Pakistan
4gzrZDyL5gYiROkv27pYKx,Varun Jain,Artist,India
5r3wPya2PpeTTsXsGhQU8O,Shubh,Artist,Pakistan
2oSONSC9zQ4UonDKnLqksx,Atif Aslam,Artist,India
3qpyErDI4i90q5EGgSRmNK,Raghav Chaitanya,Artist,India
7xcbCUOXrxDyWxbYxPq60B,Indraneel,Artist,India
1bTROl5p3rGTpvKeWnGgrw,Sohail Sen,Artist,India
2o4R2rK7FetH40HTv0SUWl,Monali Thakur,Artist,India
682M6cmwGHOyAB1ZmPv38W,Gurnazar,Artist,India
5aWkTGq5O45ES0fDFmN1Wv,Chet Singh,Artist,India
2UWTNi6LLK5lXNGzFWzIqT,Aparshakti Khurana,Artist,India
6jvvFfe34NYXjWZMz7rExP,Savi Kahlon,Artist,India
4xNgNFUMUuGCoy7IX74Y60,Mohammad Faiz,Artist,India
5gZhfbckaWo89OzDSk3gdT,Jaani,Artist,India
0m3D4grap8VFSzbJMqgNVk,Kumaar,Artist,India
0oOet2f43PA68X5RxKobEy,Shreya Ghoshal,Artist,India
6k6dimE4a6OFnD0HWmkIUW,Tochi Raina,Artist,India
5jJrJU7VVmxQQLcLAmmxXc,Sai Abhyankkar,Artist,India
139FRgoVcJ82jogPttiWcc,Sai Smriti,Artist,India
6LEG9Ld1aLImEFEVHdWNSB,AP Dhillon,Artist,Pakistan
74OaRjmyh0XyRZsQQQ5l7c,Jasleen Royal,Artist,India
3NHwwyb1coYa5cLyI72xSk,Dulquer Salmaan,Artist,India
2GoeZ0qOTt6kjsWW4eA6LS,Darshan Raval,Artist,India
00sCATpEvwH48ays7PlQFU,Jonita Gandhi,Artist,India
3dN9MQpjIyNxyeRfz4EDZe,Rochak Kohli,Artist,India
3nLLr3ShsQC2Hdrwjl14ie,Gurpreet Saini,Artist,India
47z98pKd71yIbgXwe9LPVC,Bernadya,Artist,Indonesia
0f6TyESD8E1mD2oLJ4TGv1,For Revenge,Artist,Indonesia
5Plk4JdCzMxhAHSRTEsxJp,Ernie Zakri,Artist,Indonesia
1lg1jqQMMJQQFFMnkxn0zV,Ade Govinda,Artist,Indonesia
7Gy1PxqrgsiqWF6JNYPHeB,.Feast,Artist,Indonesia
6X28gNASnalAWseUA8uI4X,Adrian Khalif,Artist,Indonesia
3tMTXQyRrPmMyHv5SoC0TV,Juicy Luicy,Artist,Indonesia
1v1khTmozNfxB2ET1Ep288,Last Child,Artist,Indonesia
16B3ICSQCPu4C6L5TEHXQe,Rio Clappy,Artist,Indonesia
6Sv2jkzH9sWQjwghW5ArMG,Lyodra,Artist,Indonesia
6YPfs6tdZXvnlzgZNU3SYT,Dudy Oris,Artist,Indonesia
53tuXn4uXfDqZYhAFMxZdt,Nyoman Paul,Artist,Indonesia
3wOsYKZM0zcKNasi3I7fP4,Mahalini,Artist,Indonesia
327ipGIr9bD3MkLb2eucqC,Suara Kayu,Artist,Indonesia
66NmU5epI0ONGmdCRbLpmW,Feby Putri,Artist,Indonesia
1JvbNeV9zG9Sew1JyaWsyx,Anggi Marito,Artist,Indonesia
20zafXaLhm5IcXnSU93rNn,Nadin Amizah,Artist,Indonesia
1WX2v0BiEW19Vw7xmznLdZ,Vierra,Artist,Indonesia
06QVnTCdjs4jPKO0487EGV,Fiersa Besari,Artist,Indonesia
51kyrUsAVqUBcoDEMFkX12,Hindia,Artist,Indonesia
1NjxFrpEGZTV2Ny0OJxeWu,Sal Priadi,Artist,Indonesia
0kw7tMniMnrp9Pcr7vgDAm,Stereo Wall,Artist,Indonesia
6UgERnTHmjk3qXM9x5vzyO,Nadhif Basalamah,Artist,Indonesia
4sEWznAKWWNcicTuLxzb6d,Nidji,Artist,Indonesia
1ZT1OfVAO3kpOEHVejBxV8,Meiska,Artist,Indonesia
2iDVt6mFbtbDEZG5ax0dTi,Tulus,Artist,Indonesia
5vTG3EyFrsARtIGDWZNRzu,Hal,Artist,Indonesia
4bAgr9zaF0bpzVGHdHuf0f,Virgoun,Artist,Indonesia
611ajYp7fMbkU5CYF08tje,Audy,Artist,Indonesia
6O74knDqdv3XaWtkII7Xjp,Boyz II Men,Artist,Indonesia
2dyCbip3jAVmQNAs7Sg8Y9,Vionita,Artist,Indonesia
4AhHkaGz7W2bKKJK90IaV2,Batas Senja,Artist,Indonesia
3DHOtJqv0Bw65ENlK4FiSF,Yovie & Nuno,Artist,Indonesia
4IWBUUAFIplrNtaOHcJPRM,James Arthur,Artist,Indonesia
1zNqDE7qDGCsyzJwohVaoX,Anne-Marie,Artist,Indonesia
0kPb52ySN2k9P6wEZPTUzm,Tiara Andini,Artist,Indonesia
6RoZip1Hn7ahR6MjzBKKLK,Mawar de Jongh,Artist,Indonesia
5L1lO4eRHmJ7a0Q6csE5cT,LISA,Artist,Thailand
7Ln5yumFjHCkeZ8bAzHUcp,Yovie Widianto,Artist,Indonesia
4ubEZ6sMsrrbQChueyouCC,Hivi!,Artist,Indonesia
39B7ChWwrWDs7zXlsu3MoP,Sonny Fodera,Artist,Ireland
7zAAwgV5Wqmvpb4GzvlRkP,Jazzy,Artist,Ireland
0Cs47vvRsPgEfliBU9KDiB,D.O.D,Artist,Ireland
4qU7IJSReZnsLy5907Mtau,Richy Mitch & The Coal Miners,Artist,Ireland
5Ea0d3mUECVaMf8h2DTehE,Static,Artist,Israel
1Wq2STGiL7ZaIHAm5jMakc,ששון איפרם שאולוב,Artist,Israel
2LUB7PhWK2j2obgSTeD3GN,Osher Cohen,Artist,Israel
7lwdlhwSxbB36wqnOwo5Kd,סטילה,Artist,Israel
2ygecp3YQJwBHL7LNzDgwe,Ness,Artist,Israel
1IAEef07H0fd9aA8aUHUlL,Omer Adam,Artist,Israel
1wak0ZG1LUrZPYx8RDTQoD,Noa Kirel,Artist,Israel
28jEBK1RysfSUBHFofFflA,אודיה,Artist,Israel
3cDi1D2FHMVgljfdB1QVgr,Jasmin Moallem,Artist,Israel
7o5IkQicos4SrXeny1LOZr,שירז אברהם,Artist,Israel
2YHuWGXNWLmpBTKo1rQ3me,E-Z,Artist,Israel
0pv7p5CElqhjhzyPD4eXpe,ליעד מאיר,Artist,Israel
24HI9hevLjIQtj7xp2CeHs,Peer Tasi,Artist,Israel
36TG4OFhKuCHnTFCa6BEh7,מ',Artist,Israel
0WfHRTAUTncteWfXm917EG,ילד.,Artist,Israel
6VdxGMRiiFQhI8F0FkuQZg,Itay Levi,Artist,Israel
01r7peBt7lJhz42nE04rpM,ShrekDiMC,Artist,Israel
6uQl3gu1AIXyvqCAxnc2q4,Eden Hason,Artist,Israel
7MKSeamhiRpa0xiS4FHGSC,Kfir Tsafrir,Artist,Israel
3umXlcgiDTcCRkvPVobeJc,Hatikva 6,Artist,Israel
17pbOSPIn3lmY0vHhOlKGL,Tuna,Artist,Israel
1CD5WWtF6AFUq6BTY20I4k,Full Trunk,Artist,Israel
6ltKIf1bortd0DQbpgKdQu,Jimbo J,Artist,Israel
78u2puZeKJRYIfNHkx2Jdh,Hadag Nahash,Artist,Israel
0T0COcAFHD9oZ704HbZr2A,Shai Tsabari,Artist,Israel
2JQK9mzxqKz16lSgICHDTx,Ravid Plotnik,Artist,Israel
72UMGUwvrkXSesefytfLWy,Danny Robas,Artist,Israel
2PEMswqQspTSsAltdeF5kO,Simba La Rue,Artist,Italy
2iRUfXetAwNoxIN42BQ5hq,FT Kings,Artist,Italy
0hk4xVujcyOr6USD95wcWb,Sick Luke,Artist,Italy
25u1DN0MwQVSav4XoJS7hl,Olly,Artist,Italy
1A6HBLulvBFzNtlMb7b08f,Angelina Mango,Artist,Italy
4rj3KWaLAnuxgtMMkypZhf,JVLI,Artist,Italy
7GacyaFUp0qkEJglERX9N7,Alfa,Artist,Italy
396Jr76018oUMR6QBnqT8T,Cesare Cremonini,Artist,Italy
0lI3rF4hi4op6UxqlLHPzv,Achille Lauro,Artist,Italy
3yGA8yyowtKVXgNIXguMfz,Lele Blade,Artist,Italy
27LlKWxS3KXW7RRAxN5S8s,Geolier,Artist,Italy
58bdmuoVnCLzq3gqATaLLB,Dele,Artist,Italy
2jnjbAYKylrmBMCFZE0OCK,Poison Beatz,Artist,Italy
7K80yOTC0Id95gRaOxDG5u,ANNA,Artist,Italy
4w9mPW732RnZkoqsy3lRsg,Niky Savage,Artist,Italy
0jdNdfi4vAuVi7a6cPDFBM,Lazza,Artist,Italy
0EUR8jz8L936AEbV2Spkca,Kid Yugi,Artist,Italy
7cdIY4mDfM1dbjgl7s2fGR,Sal Da Vinci,Artist,Italy
6RdcIWVKYYzNzjQRd3oyHS,Pinguini Tattici Nucleari,Artist,Italy
76UCIJTB0jcJvBaL0CdIqx,Takagi & Ketra,Artist,Italy
3wDn3kW2zDRLnaQAnX0S3x,Dat Boi Dee,Artist,Italy
2pzFTbri7ew8mW2CbYpCNq,Astro,Artist,Italy
35V1WomiedCJeGfupcPm7s,Tananai,Artist,Italy
2K5nCggbhSZ00YCYP5qkZS,Shiva,Artist,Italy
3egWSWp7Y4FyCKIyvXbw7L,Ghali,Artist,Italy
7GgpsUpkj3olseoaTY7TEY,Elodie,Artist,Italy
11TplWqOPQBTmg2eiSLt1m,Tiziano Ferro,Artist,Italy
1rWg0CyGoCsRYYtpj5NC5P,Sillyelly,Artist,Italy
5Otk4eRecMMbC5YR4Iliou,Le-one,Artist,Italy
0ozb4x3nqp8fRb2WRgNKEn,Christian Liguori,Artist,Italy
55hqNIuyJgDQhJrW5NSfVk,Babywyne,Artist,Italy
1AgAVqo74e2q4FVvg0xpT7,Tedua,Artist,Italy
0EqkKYDK9EkKY5N7zU3FPv,Annalisa,Artist,Italy
6CKch2otN4SPznHf9ms5JF,Tony Effe,Artist,Italy
3AVx3OBPIk4pJQllAXoVs1,Gaia,Artist,Italy
5f7VJjfbwm532GiveGC0ZK,Lil Baby,Artist,Italy
2E6AK3UPEGCvjnzuygCh2h,Night Skinny,Artist,Italy
6PsQc21YZU7WNfiODG69Qk,Tony Boy,Artist,Italy
5SulO4l40qDuV9zUGLZx7n,Capo Plaza,Artist,Italy
3LvwPiJQJ0da0GurKMToV0,Baby Gang,Artist,Italy
1UjxAZqzphB1tsMb1aWBj0,Omega,Artist,Italy
1eBPcZCSWh1EAv0aOXusye,Higashi,Artist,Italy
2aiM1OfMODFLUXaQgEVPK1,Roberto Ferrante,Artist,Italy
2R4kNOwHUUsuDYhKsESVbF,Artie 5ive,Artist,Italy
6frLp49xcNeQN6QYYrbSw7,Glocky,Artist,Italy
3hN3iJMbbBmqBSAMx5veDa,Ultimo,Artist,Italy
3XTUciJcdix4GkO9YoBdtP,Holden,Artist,Italy
2IUzp4XydH7CtjqGwW2XiU,mew,Artist,Italy
23TFHmajVfBtlRx5MXqgoz,Sfera Ebbasta,Artist,Italy
06nvjg4wBANK6DCHjqtPNd,Mahmood,Artist,Italy
0gzwXezN4IUHAwLufA6YcX,Emma,Artist,Italy
5FEh6KHK99CyLXp3qFvZFM,CoCo,Artist,Italy
2GyLz0gcl3zDPPql47YWEy,Geeno,Artist,Italy
3AJSAtfY4qkm7DfGdCK9ne,D-Ross,Artist,Italy
4MR6tQyIrWK82b56cYPBDv,Ornella Vanoni,Artist,Italy
7CRwZOgk6IQ8Y6ABhwrpDN,Jack Sani,Artist,Italy
08ppjXEpROUgrG1X0DEquB,Nerissima Serpe,Artist,Italy
0vAALEhfbmllIOX1t7k5KU,Papa V,Artist,Italy
4QvgGvpgzgyUOo8Yp8LDm9,Mrs. GREEN APPLE,Artist,Japan
2VcWFvgGxVdma52qB5DSDw,AKASAKI,Artist,Japan
0pWR7TsFhvSCnbmHDjWgrE,Creepy Nuts,Artist,Japan
0IwZVmMMGE7nNXS7vN9SIo,MISAMO,Artist,Japan
6YVMFz59CuY7ngCxTxjpxE,aespa,Artist,Taiwan
5Vo1hnCRmCM6M4thZCInCj,OFFICIAL HIGE DANDISM,Artist,Japan
6rs1KAoQnFalSqSU4LTh8g,back number,Artist,Japan
3qQKrWwcqJlE4OS4e1ox7x,Kocchi no Kento,Artist,Japan
71UIOLnsacxQHlU55TvfiH,Da-iCE,Artist,Japan
71hQB5jxdNiHk5gzZRhicQ,Sonoko Inoue,Artist,Japan
63ylN6WBUUxxMsySiDmr0B,Omoinotake,Artist,Japan
2IUl3m1H1EQ7QfNbNWvgru,Vaundy,Artist,Japan
6wxfx1yhyqjCPYwwxJktR2,King Gnu,Artist,Japan
0ixzjrK1wkN2zWBXt3VW3W,Yuuri,Artist,Japan
1Y5vJqABeI6QI6R95EDV6o,tuki.,Artist,Japan
4XFkDALFTsSHVnRtJSsaMN,Number_i,Artist,Japan
4SpbR6yFEvexJuaBpgAU5p,LE SSERAFIM,Artist,Japan
6sX1XKgDIiAcVZof0SgWUe,Koresawa,Artist,Japan
64tJ2EAv1R6UaZqc4iOCyj,YOASOBI,Artist,Japan
36cgvBn0aadzOijnjjwqMN,ILLIT,Artist,Japan
0LOK81e9H5lr61HlGGHqwA,XG,Artist,Japan
4UK2Lzi6fBfUi9rpDt6cik,ヨルシカ,Artist,Japan
7AUc6z9aVJftqLkiWdQ1ew,GEMN,Artist,Japan
3KJigfhLjMfuE2HXsgXbln,中島健人,Artist,Japan
7mvhRvEAHiCTQHUnH7fgnv,Tatsuya Kitani,Artist,Japan
1snhtMLeb2DYoMOcVbb8iB,Kenshi Yonezu,Artist,Japan
38WbKH6oKAZskBhqDFA8Uj,ZUTOMAYO,Artist,Japan
72owWXEwmyfKq3ajrajPAN,Mega Shinnosuke,Artist,Japan
6mEQK9m2krja6X1cfsAjfl,Ado,Artist,Japan
5TZ0uM0InXX4LtI8hTsXlv,Bakr,Artist,Kazakhstan
6e7rMLAtwn5YRapc2iHAlG,Duman,Artist,Kazakhstan
3JLa8aXwsmX727vtb4bPUi,Asik,Artist,Kazakhstan
1e9PC6DAoGYlg0r6Q1VWcI,IL'HAN,Artist,Kazakhstan
2RntBZZLAjvQxQhOKHHhX9,Darkhan Juzz,Artist,Kazakhstan
7Ln80lUS6He07XvHI8qqHH,Arctic Monkeys,Artist,Kazakhstan
09cKncAQn28NqTUORLMwSR,Ariis,Artist,Kazakhstan
1nQdZyarkEApwhC24Ftdpk,Ulukmanapo,Artist,Kazakhstan
47UTUDCdtoo8P4YQAq9uFr,Sadraddin,Artist,Kazakhstan
7aNi4lXLvcdKjZGIVbzdmu,Қанат Ерлан,Artist,Kazakhstan
4CMquFsyU5t2qKaveFHv3B,Kazybek Kuraiysh,Artist,Kazakhstan
0Qy71aidwpN3kMH1fG8cJt,akimmmich,Artist,Kazakhstan
5Srmck3vhC1RB1hAhqUk3W,Turar,Artist,Kazakhstan
6Z6djJ1zi15vWmODy2Qt08,Nuricko,Artist,Kazakhstan
6XlJ3b8DflSGBQmAOd38aj,Bonapart,Artist,Kazakhstan
3wQNcarvRuzhz2Fg1pVDxZ,DJ ANXVAR,Artist,Kazakhstan
1nzIoHG5B7klgAPdwjqRDj,MC LONE,Artist,Kazakhstan
7ANOnrs1reQqbI9CGpQCQy,BALLER,Artist,Kazakhstan
6cT1f8NElnobV4XpJc6lWQ,Patron Hanzo,Artist,Kazakhstan
250b0Wlc5Vk0CoUsaCY84M,JENNIE,Artist,Malaysia
1pBLC0qVRTB5zVMuteQ9jJ,Lily-Rose Depp,Artist,Kazakhstan
1bYE7N4miu1B9YOETbsxc4,Moldanazar,Artist,Kazakhstan
5u6VEc0OwUChkBhYfAcSWS,LUCAVEROS,Artist,Kazakhstan
4GQp7nMuGPcy2EgiWV2GoK,6ELLUCCI,Artist,Kazakhstan
57vWImR43h4CaDao012Ofp,Steve Lacy,Artist,Kazakhstan
1x6BAYMOuypMaYEDC7cqU7,ARO,Artist,Kazakhstan
4ePAwakFZQ4jXFvuZQAQLC,Gianluca Gallo,Artist,Latvia
6jAmGa0ssb0T7yCsDCvMvk,Fiņķis,Artist,Latvia
7shMk1uQMXeODDEGmbC8IL,Patrisha,Artist,Latvia
7Buj3BepqTe1ACFEa8x93l,Deniss,Artist,Latvia
5IxWv5qXFhkzRt91O4i6gU,Sudrabu Sirds,Artist,Latvia
3X4o7qy1ci4qtCVg2AtuXb,Singapūras Satīns,Artist,Latvia
7u9HzYQPhBC92mdvpzGqu8,Wiesulis,Artist,Latvia
6eG66XVFe7u2IX3NOmEX9R,sangvn,Artist,Latvia
4qvH4YJ2ESxPSJ2sLMHxM5,OLAS,Artist,Latvia
2cPtOqq7n3pjJF1XGiKM4I,Esmeralda,Artist,Latvia
3SxmEaVKj3dXh5HsMzOQ8g,heywhosthatkid,Artist,Latvia
2kCcBybjl3SAtIcwdWpUe3,Lil Peep,Artist,Latvia
15UsOTVnJzReFVN1VCnxy4,XXXTENTACION,Artist,Latvia
5p9HO3XC5P3BLxJs5Mtrhm,Djo,Artist,Latvia
4Oa84NTjAiJwpRMRMnMqlY,A-Europa,Artist,Latvia
7i2U71XuLFajkGpxuJWFDG,Adomas Vyšniauskas,Artist,Lithuania
0CinAWYkte8opxVAPI3nMu,Jessica Shy,Artist,Lithuania
3jfKIjYYnAfdUW40Uragnd,Free Finga,Artist,Lithuania
17IHT4KW6k85SHKiSAssQt,Rokas,Artist,Lithuania
2YLwIrzSnsbpBMKWzwu6JD,Monika LIU,Artist,Lithuania
6fuceMe1tElXcrzMaSjdcy,GJan,Artist,Lithuania
45gxkYJJ7Od6URk57yexCs,Rokas Yan,Artist,Lithuania
7o4wZjVHHWe4gw4oenPmcK,Evgenya Redko,Artist,Lithuania
53xjuOkCa7byXggNs2VZOw,Furytto,Artist,Lithuania
1vbYzdfRH2UJ72vbFKGZlm,Milana,Artist,Lithuania
6jx9UX4W6wVbifcN8U246U,Jovani,Artist,Lithuania
1S8GUDg4ojjbFAS2QAb6m2,Ledi Ais,Artist,Lithuania
7AczdBjiNUjo4pxVVucvw1,Vaidas Baumila,Artist,Lithuania
7HOmuShc6sajk74rYV7zR2,The Adventures Of Stevie V,Artist,Lithuania
314gEtVHpWMBWfExBpeBwz,Norbertas,Artist,Lithuania
0Y2zzjMum7MSOCvI0GNbv5,OG Version,Artist,Lithuania
56OLtN2Eqc3fMT40ehCj5d,Justinas Jarutis,Artist,Lithuania
3r5dCyf2TGWQreILEV6hCk,BIANCO VELEZ,Artist,Luxembourg
4I3K5jXaeMhm3n5x8hsPWH,DIMA & LALO,Artist,Luxembourg
5YGY8feqx7naU7z4HrwZM6,Miley Cyrus,Artist,Luxembourg
3uSnvyMAFJTm7XkZJFo0xP,Insomniacks,Artist,Malaysia
1SIocsqdEefUTE6XKGUiVS,BABYMONSTER,Artist,Taiwan
4fVYwG8RsbJsREFFniszhf,Noh Salleh,Artist,Malaysia
0zo8fkOQyrawuBfIhy99jb,Hyper Act,Artist,Malaysia
3c0gDdb9lhnHGFtP4prQpn,KATSEYE,Artist,Malaysia
7hr9W3IjXcm3UlLY7guLk5,Henry Moodie,Artist,Malaysia
6FTLayBxjkQeanFdUusk1I,Fabio Asher,Artist,Malaysia
70NcAr4ZtA3FAqU16iQZSb,Dhruv,Artist,Malaysia
2uYWxilOVlUdk4oV9DvwqK,Mitski,Artist,Malaysia
30b9WulBM8sFuBo17nNq9c,G-DRAGON,Artist,Malaysia
4TEK9tIkcoxib4GxT3O4ky,KISS OF LIFE,Artist,Malaysia
5fS7aONqrIhiw6YzgKVOsd,Judika,Artist,Malaysia
0NlNru2YcUz6RbnpYGQz26,Clave Especial,Artist,Mexico
4yjm4SvYqC5FFuLbB6TyHr,Bellakath,Artist,Mexico
6BV37tKh6pY97mnNdTCzly,El Malilla,Artist,Mexico
3S9Hg7sRKhmtWunFZ2yAYP,El Bogueto,Artist,Mexico
6swtbYCVvjJIjCb5MWaIT2,Andres Castillo,Artist,Mexico
4HUY0hELnxz4RC6VvJzRyc,La Dinastia,Artist,Mexico
74mXQ4kCTwvcY9FtSrNm9c,Riky Produce,Artist,Mexico
7yCGrS6Xh3UngvY6Ad5sMJ,LEGADO 7,Artist,Mexico
163DQlpiiNqxgn2m4WsD3e,Kane Rodriguez,Artist,Mexico
0T8Ix53aIN4F7aEKj4EnKy,Jasiel Nuñez,Artist,Mexico
5bSfBBCxY8QAk4Pifveisz,La Arrolladora Banda El Limón De Rene Camacho,Artist,Mexico
4BFLElxtBEdsdwGA1kHTsx,ElGrandeToto,Artist,Morocco
7DBIKXxSh2BMPqSN7UB4rS,Madd,Artist,Morocco
5yviYTy79A8vuWF8iR6nPS,SKY,Artist,Morocco
471CLfthkGwHrnegKOcTbx,Lazaro,Artist,Morocco
0eLoiWLwWeaHGNkYke5G1k,Xcep,Artist,Morocco
4PgPJfNYhFaHAV5C5dFhYS,Smallx,Artist,Morocco
7vg7wkmGzMEM7p2ZkMPHJS,Figoshin,Artist,Morocco
5Et8bRmkENeaA7SPwj1OxL,Shobee,Artist,Morocco
7LC7LQ1f1CzaRLobFcblZN,Snor,Artist,Morocco
0rqQfmTWtmxzlrNmnruQXS,Khali,Artist,Morocco
5CtPAGoxpJ4yLJLx6CSrO8,Zamdane,Artist,Morocco
76wDwepIombkHCdm0kas1h,Tawsen,Artist,Morocco
2XgBaGUId4RuYzvXYEKikZ,Ayoub Anbaoui,Artist,Morocco
2g8Pu5gVtDpkYGsP3RLepJ,Draganov,Artist,Morocco
2QtIVRuCdO2a4RWyoF4ayb,Bilel Tacchini,Artist,Morocco
5k63RPpkbbyVuufLXS2GTe,Delarue,Artist,Morocco
3kd62SrugthLOzen7XmzG6,Douaa Lahyaoui,Artist,Morocco
1H0D7p5aN8tGG8DPLt0Nbv,Lbenj,Artist,Morocco
3IRAzpoLeNDGv7kqwNK3bp,7-Toun,Artist,Morocco
0bmKQDkU4J3gUykZS8tb6v,LFERDA,Artist,Morocco
25eYSizNX4BK5ZtqAq8pE8,Nouamane Belaiachi,Artist,Morocco
6g4L5CJkiMINgAzUQsb7fr,Hassa1,Artist,Morocco
3Fi4gBbVvIHrqEG9TGwRTC,Flack,Artist,Morocco
6L7RfKlbIHQPxKbLizN9ts,Ali S,Artist,Morocco
4vyibjuGePnrB7BzbHkA6u,L'morphine,Artist,Morocco
1wAtSe79kItIb9nf5EhI2Q,Niro,Artist,Morocco
5Do9u0GoN4gFn6Nk8NGDhh,Stormy,Artist,Morocco
7douYKOyzk9ZRvGFu9UOnm,Mons,Artist,Morocco
7wGBPJk6sHwRCozFfhU09F,Yves Berendse,Artist,Netherlands
3898xesz6JuQkpz7Kiu4uM,Emma Heesters,Artist,Netherlands
010ZclHHy7BrTO5AQ0xGgn,Hekje31,Artist,Netherlands
6uQiTAaIF0UBTED52UMcZp,JayKoppig,Artist,Netherlands
5aR7M98Z0H5SzbGOIfkIQt,Dior,Artist,Netherlands
0XlmgJDA7Zqoyyreep2YpT,J.FIZ,Artist,Netherlands
2vzRN2N10AtxEHaxSIN1NR,Ksix,Artist,Netherlands
79TBgzOALTo3GOcKl1Rn8k,Robert van Hemert,Artist,Netherlands
6YznhKZUZFVr418x7OUi3z,Roxy Dekker,Artist,Netherlands
2ylIKKdMukkuprCgY4ZDFE,Donnie,Artist,Netherlands
5kukvi4C18gvtXbDS1eKjQ,Marco Schuitmaker,Artist,Netherlands
7DOOGHZ6CXsF8bvNrnDE6W,Turfy Gang,Artist,Netherlands
2rYWceJ64fH5hw2XkXR7ee,Russo,Artist,Netherlands
6m1LYS5NQonxjOcQFPQOb5,Frenna,Artist,Netherlands
7eBiPPZezCgV5rrO5x47qf,LUNA,Artist,Netherlands
5GvMLzUp6tMBpaCbr903RN,Broederliefde,Artist,Netherlands
30mNTnmvPn3HwXA5dW1Iza,Racoon,Artist,Netherlands
70SvhGqakpocD7GxVYnnBC,Mensa,Artist,Netherlands
0Kwf0zcciIFGLCKiqNcO6Q,SRNO,Artist,Netherlands
0uBVyPbLZRDNEBiA4fZUlp,Froukje,Artist,Netherlands
1zT9SWCzN45r7oVhy0VYLK,S10,Artist,Netherlands
2YkP9pfIZ6hJKeuppuz8qT,Yade Lauren,Artist,Netherlands
6zEaCvF0CqEHs7kFyBkLHi,Mula B,Artist,Netherlands
31RYhg7Auitqp3eg9rTB9i,Milolaathetlukken,Artist,Netherlands
5adKMaYrGOMyOfnbiLPuHg,Jonna Fraser,Artist,Netherlands
7bTUZU8QavxiW0GtvEVP0M,Kleine John,Artist,Netherlands
3Ptyea6E1lJgg6W64f0OQa,Yxng Le,Artist,Netherlands
0MSYpagcvnSP2o91Ji2OCw,KM,Artist,Netherlands
5sBoNBXFMzoZjgHLbQueeG,Antoon,Artist,Netherlands
3AlRiyjMywTVNzTcHbf9QT,Lil Kleine,Artist,Netherlands
5yDkaiPTFbHGWCMXAEBt5Q,Kraantje Pappie,Artist,Netherlands
5qeFPM2PZUCzcpkY4e4RC8,ADF Samski,Artist,Netherlands
3IYUhFvPQItj6xySrBmZkd,Creedence Clearwater Revival,Artist,New Zealand
0L8ExT028jH3ddEcZwqJJ5,Red Hot Chili Peppers,Artist,New Zealand
7ohlPA8dRBtCf92zaZCaaB,Crowded House,Artist,New Zealand
39T6qqI0jDtSWWioX8eGJz,The Doobie Brothers,Artist,New Zealand
4YLtscXsxbVgi031ovDDdh,Chris Stapleton,Artist,New Zealand
0UWZUmn7sybxMCqrw9tGa7,Juanes,Artist,Nicaragua
1Kj6Km5IuLGKt2cxuhSgLm,Golfklubb,Artist,Norway
7lKk7yXNockkDjhb1GCeOy,Dizzy,Artist,Sweden
23yPgzwt35lJyA3f8ayMfW,Philippe,Artist,Norway
7krakxeyEmge6pzTthKNyg,Bausa,Artist,Norway
0elSJZFrHnayc7AUCkbWAl,Pasha,Artist,Norway
4OL8M4X2h0li7ThNulTjmx,Problembarn,Artist,Norway
7GgWpPrcNYH90st7I3nJtv,Ballinciaga,Artist,Norway
6ca1Pm4bp04bPJF1dfhmqu,DJ MøMø,Artist,Norway
0TW5M8RYADmgeCP1q523hf,Kjartan Lauritzen,Artist,Norway
6Lu4e8FvAWcp1S5BVoDLjJ,Aiba,Artist,Norway
0l2QmwUY1pWAjK8RcoXQ2v,Sleiken,Artist,Norway
2bLUPXEzgA4BRIZCk2x1Pi,404,Artist,Norway
2QkG2LM1QO37UTojXXTCvB,Roc Mul,Artist,Norway
09qHO1fFJ6iIeTuCjO7Bfa,Roc Boyz,Artist,Norway
5N9d9BMxodykFktDttHERD,Ari Bajgora,Artist,Norway
5tdUPxmXm8l09CGFHOyRSa,Kaja Gunnufsen,Artist,Norway
7y4tvVGuB9WTDQwTj3ueu7,Kulturaften,Artist,Norway
7wRXf1DelGyBsmOj5hnOum,DJ VLADI,Artist,Norway
4JgV7rrIlfSvZYnlAwOblk,KNEKT,Artist,Norway
3is2frns7nVQwNYdaJ5N2N,Ane Norum Kvistad,Artist,Norway
3b7i9BNL3DBMl1fXy4kayt,BlimE!,Artist,Norway
2veUQvo0k7rk3TI5l0EnIi,Metropolen,Artist,Norway
3scNK8e4mqnP6Rb8a3lwZY,Maanu,Artist,Pakistan
1nCZUpBIcyOxufOx0lPeIW,Annural Khalid,Artist,Pakistan
1Bz46nDCMO1UOKp9GJjL92,Zeeshan Ali,Artist,Pakistan
6gIqKYKRmltKfkTnxhMv8V,Hasan Raheem,Artist,Pakistan
1n6pjRJkTY5v8RtUCAv5pi,Umair,Artist,Pakistan
6QoCrBHsojKnOrsGNfRcTN,Talwiinder,Artist,Pakistan
4wOKfu3A61gCA7lWEynNoe,Jevin Gill,Artist,Pakistan
69xcFpmqTOmFNOL08Bxyci,Talha Anjum,Artist,Pakistan
5Us2dsq4VHlfLbKOrskg7K,Mxrci,Artist,Pakistan
7GquqOIWZX7FNjsUYNjOKy,Ali & Shjr,Artist,Pakistan
2URzIJH7QfPgMAEPErd0cC,Ali Raza,Artist,Pakistan
485dW6YyuxW3kpnWmuFnnv,Shajjar Hussain,Artist,Pakistan
1gcHKvKKZtEccnyXYlSvP5,Abdullah Maharvi,Artist,Pakistan
0VAIiNSKG4DWkSaIy5qWz1,Prabh Singh,Artist,Pakistan
47SaOSOqcrxSJNZUuqpLuu,Jay Trak,Artist,Pakistan
54E3dYx7RpaGZaDVXJTWjr,Rooh Sandhu,Artist,Pakistan
5DHi2MeoRgAwPE0A0qwRMl,Gurinder Gill,Artist,Pakistan
0OS0NZnK7TGIAWx8MkWNFN,Intense,Artist,Pakistan
7frYUe4C7A42uZqCzD34Y4,Sultaan,Artist,Pakistan
5TvdGhdmRObqOkU6eGfXb5,Preston Pablo,Artist,Pakistan
7hHDO4bJGlEaEHlY2lj1eZ,Bilal Saeed,Artist,Pakistan
4qjiRRFcM4WZ0aJ3IHdWPN,Avvy Sra,Artist,Pakistan
5mWQT8CLTa4mAQAJdFjHb1,Abdul Hannan,Artist,Pakistan
01pFDtbY3k5uOmy0Pbg93C,Rovalio,Artist,Pakistan
3R1penrqtuKNTeWABjKT5N,Bir,Artist,Pakistan
3SQVNBF31sOSgXeXzkGW9M,Dhanju,Artist,Pakistan
54BjV0qctcWp8xOip7uaJD,thiarajxtt,Artist,Pakistan
2Up4MLmBYIJV36ymeT44TF,Kinza Hashmi,Artist,Pakistan
2sWf9Tj6EsTxURcgil3NTG,Greg Kurstin,Artist,Pakistan
1yMP2gzEFgUkib4khXN6hi,Taimour Baig,Artist,Pakistan
7rEwKApsZMo8cXVxAndmvD,Raffey Anwar,Artist,Pakistan
01PyusFVbXgoD5Kl1mR8CC,Young Stunners,Artist,Pakistan
3mGW1eoqwNtCxd8R3hIOM5,Talhah Yunus,Artist,Pakistan
1qyXgLYCg0osV4glEYuQIv,Danny,Artist,Pakistan
1uY9B9QroF5K8wPyeEO1QN,Sagar,Artist,Pakistan
3atMq790wQ7IqjeSO0HFeP,Bayaan,Artist,Pakistan
71DQO8pgnTwS3lNCq0cDcr,Valentino GRM,Artist,Panama
5A0VwTrVvV03LMeBZYT99d,SMILE BEATS,Artist,Panama
6oYwraA8pyfDH4Otny6ooZ,BARBEL,Artist,Panama
6g6DtbtyBi3Ir0mxiDlouJ,Nerry Money,Artist,Panama
4ebruhG8pei8qFQOfNxxLs,LH,Artist,Panama
57GVeZvmrO7oCLm0Uacrjy,Robi Guid,Artist,Panama
77ziqFxp5gaInVrF2lj4ht,Sech,Artist,Panama
39GGxIMwluX0usfj3E1IhJ,Lh Da Produzza,Artist,Panama
6GKbEjuVNKuuAKetDXA2Mi,Key-Key,Artist,Panama
1i8SpTcr7yvPOmcqrbnVXY,Ozuna,Artist,Panama
4dlXeMiq59ilk4DUppR5rf,Elty,Artist,Panama
4YcotSTsnWhSSizEgJlH5k,Don Pablo Mures,Artist,Panama
3r0UTZrNnAhbXmmfF91TD2,El Yeyo PP,Artist,Panama
5H1nN1SzW0qNeUEZvuXjAj,Danny Ocean,Artist,Venezuela
0ghH5fsPlkf2XIALKJNSsb,JEYSON,Artist,Panama
4I8dxVJ518Fc8xqfIilTeU,Josuan,Artist,Panama
3k7FDxixhDQYNuxOtiN7jl,Lalo Y Los Descalzos,Artist,Paraguay
1eIYP01ZLPKEExhcV6xFgt,Grelo,Artist,Paraguay
2R21vXR83lH98kGeO99Y66,Anuel AA,Artist,Paraguay
3exLluFM1Apoq5gnsdagNj,Banda Tava'i Oficial,Artist,Paraguay
3JgxYKorIJ2z5QIRSCsfMw,Jorge Acosta,Artist,Paraguay
4VMYDCV2IEDYJArk749S6m,Daddy Yankee,Artist,Paraguay
21451j1KhjAiaYKflxBjr1,Zion & Lennox,Artist,Paraguay
329e4yvIujISKGKz1BZZbO,Farruko,Artist,Paraguay
3E6xrwgnVfYCrCs0ePERDz,Wisin,Artist,Paraguay
52iwsT98xCoGgiGntTiR7K,Quevedo,Artist,Paraguay
1WUEWZGTvX4AjC2y5PoSDd,La Única Tropical,Artist,Peru
2fuu7gBnfDhgJNt1Yr4ERu,Pascal,Artist,Peru
1chOgh5tgwfiyJ2zhUHwBj,Dionela,Artist,Philippines
3z0IVhtuFvt9VYUZGT98PU,Jay R,Artist,Philippines
6AvnL2gWjNYs1hRVJx4huK,Maki,Artist,Philippines
6rTxLeff3t3rivZ3rabRpw,Robledo Timido,Artist,Philippines
6zO1dZ40fTZ5hY9NnnRJSk,yung kai,Artist,Philippines
0WleeEe3UurwlNbDGhb5Yz,ALLMO$T,Artist,Philippines
3wbCeEPAW6po7J46netxMT,Up Dharma Down,Artist,Philippines
7LvDTuFCBv08xm6u1pOMK0,TJ Monterde,Artist,Philippines
1mcqfNCReSFxun2vIWvC28,KZ Tandingan,Artist,Philippines
7uDdl5V5AETSFY7K3muu22,Arthur Nery,Artist,Philippines
61nn6nOoLWjVC1ER2qFAvN,Cup of Joe,Artist,Philippines
09Xydf4dlkr29dH99DmsvQ,Janine,Artist,Philippines
1hMAGfvamVXuSWBFQRFMeq,Over October,Artist,Philippines
5GVk1KCKa1tdHRev4bMw7V,NOBITA,Artist,Philippines
1DlYnIiliftt6R21Y5NOW2,Adie,Artist,Philippines
4qPhnQfRgdgcZEdXgENOnr,Janine Berdin,Artist,Philippines
2WzWSpOB41g3gb78Raj6RK,gins&melodies,Artist,Philippines
4zpGxqF6oI1h3f6Md2v42T,Hev Abi,Artist,Philippines
3Y7RZ31TRPVadSFVy1o8os,H.E.R.,Artist,Philippines
3AQRLZ9PuTAozP28Skbq8V,The Script,Artist,Philippines
3C1ER0cuXc8dLtaI8RvLI6,Eliza Maturan,Artist,Philippines
3d0hhzHPK0jA5mKTeFIZc5,Realest Cram,Artist,Philippines
57yOAX6apIrclpBG736Uy2,CK YG,Artist,Philippines
0DpLoyGVbhOHNR3ht2oO9y,Calein,Artist,Philippines
2XHTklRsNMOOQT56Zm3WS4,Parokya Ni Edgar,Artist,Philippines
7dFzqx2qyelGPiBKmdSEOT,Rob Deniel,Artist,Philippines
1EUmQM6xgUQLUkJVcvSdey,Orange & Lemons,Artist,Philippines
24fEOzlKhgSNLIcy9NdmwH,James Reid,Artist,Philippines
4Rxn7Im3LGfyRkY2FlHhWi,Nick Jonas,Artist,Philippines
0NIIxcxNHmOoyBx03SfTCD,Tinashe,Artist,Philippines
0MIG6gMcQTSvFbKvUwK0id,Mata,Artist,Poland
6udTUV1aI2aPaTMAhLBtVz,Hilary Incognito,Artist,Poland
4t5tP3pvrx50ONnbos94lz,FourNine,Artist,Poland
7GsITNaWwtgl2FCpmNdxcH,p3,Artist,Poland
6Lf4vAUaFUR2jAsybC7cGV,Roxie Węgiel,Artist,Poland
2IHoZ3RrDJIikMRsYgHjhy,Kizo,Artist,Poland
4QYitR7yrCaf5CLQ09hX1m,Bletka,Artist,Poland
0Wi2fADbhwXlPUWxBmzo99,Szpaku,Artist,Poland
2MRSNbEPY2YKzkgDag5fzg,Leśny,Artist,Poland
4K8wRpyAE3Cwq4q5Jpgpdh,SVM!R,Artist,Poland
2Qk1uZpDnwDozHdxmB0dDx,Kleks,Artist,Poland
56VhOZOF6hwqrbNYwkmcsH,Sobel,Artist,Poland
0TMvoNR0AIJV138mHY6jdE,sanah,Artist,Poland
2FtYzWBUVhZ2vfy8S207Zf,kuqe 2115,Artist,Poland
6HdxibJzoNkDUUDHagx3Ko,francis,Artist,Poland
2GzZAv52VCMdVli7QzkteT,Kaz Bałagane,Artist,Poland
7BIHYaTeyOxOKV7EyHF0Z4,Oskar83,Artist,Poland
5ic8bWWvZHWf0dDBi9ThNk,bambi,Artist,Poland
4EBHix5Pj89l0ISzlIjaal,FUJU,Artist,Poland
1PFMCqDezh9wVkmmWZlv16,Def Jam World Tour,Artist,Poland
19zuiWthJYU6FCqnV4mJYC,Kinny Zimmer,Artist,Poland
4NJA8jbfxc4daVM2wi9ybd,Kaptur,Artist,Poland
2dLhpezBEgAELn73fiMEak,Jonatan,Artist,Poland
1T4HxOYolAEb5PadIVKdWZ,Gibbs,Artist,Poland
0WDJa0qnagyOnMaiD26wht,Kubi Producent,Artist,Poland
3cBLJizprytrMpuFbnRnaE,MODELKI,Artist,Poland
75wMNgYkzacOI08FN7BaG0,Vłodarski,Artist,Poland
3bS0MLzGAoO6lLUy7gguHY,Fukaj,Artist,Poland
1fZAAHNWdSM5gqbi9o5iEA,Chivas,Artist,Poland
0eWYWLizN5us1MOF1rdyh9,Livka,Artist,Poland
34Atpk8kle8mndOUwKblhK,Lucassi,Artist,Poland
7FauNoLr3HWvWfsaBlFPhs,Wiktor Dyduła,Artist,Poland
3gm9b6AeMf2eGQTLashkDt,Deemz,Artist,Poland
1oxn6cQ37twQ7yGnlE3ETd,Oki,Artist,Poland
3ClL18AtCAPwXVT6mUkBDN,Kaśka Sochacka,Artist,Poland
1silJqJQfrrZNFvWWjAyhh,Tymek,Artist,Poland
7Myky2n7ro7FEMaf0HyHtE,Urbanski,Artist,Poland
5RwiBwEEW5dOXGUlEVA0LT,stickxr,Artist,Poland
37Pprth5H294i7rSnIkVVV,charlie moncler,Artist,Poland
0iBTVnJ1Sff92zCDujfvyJ,Young Leosia,Artist,Poland
1efYxTvCNTpqYqfiEsxawq,Jacuś,Artist,Poland
7uWyXPJ04ihdQdYGGw3xVV,Guzior,Artist,Poland
16TsNPlesuA1R9kPLS6nta,Favst,Artist,Poland
5qgkVkdZIIBHLdnrpa3w3s,PG$,Artist,Poland
5k96hVqrpJoo0zmlVggVzv,Louis Villain,Artist,Poland
3gQDpnU208VW54WF9EMsuw,Budda,Artist,Poland
7li6R0hKFXu7496e0Yialv,730 Huncho,Artist,Poland
1Kjs5u8GQf6zCFdTj6SI9E,Malik Montana,Artist,Poland
3bSbo5ZCbrTle7S2q8nqf8,Kazior,Artist,Poland
66NiiFgb74HLBN1A5ylO5t,GENZIE,Artist,Poland
0tdKRrbItnLj40yUFi23jx,Daria Zawiałow,Artist,Poland
7v49oVVUhvIQG5EK0jkcF7,PRO8L3M,Artist,Poland
2TRVhYMkHV4jwB92R3McaS,Sylwia Grzeszczak,Artist,Poland
28WXX79U4jzq1kfjx5QXPy,Opał,Artist,Poland
6EjCs0fSiq0HvAbCzIPeq1,4Money,Artist,Poland
264Be2Waq137vybMlFYCnu,Theo Rose,Artist,Romania
60KR2lVVoYd6GIcfLoUjPI,Dani Mocanu,Artist,Romania
6yTJ8tQyoUxgf6aqbpsXhQ,Mgk666,Artist,Romania
5BUJV1dbGNb61hYPK6rhtM,YNY Sebi,Artist,Romania
2MiJmNQKPgwLZMr35cVqtq,Bogdan DLP,Artist,Romania
1Iq14y98EVmnXUah4ldJnl,Babasha,Artist,Romania
1QFgyLmmyAZTPn707dbQT7,Ministerul Manelelor,Artist,Romania
5d3bc9MSib3NPeIDxYIIWD,Iuly Neamtu,Artist,Romania
4FxpvNihN7UbesJZrAE9tR,Manele Mentolate,Artist,Romania
6nyKhzPeKV9pzpYN0malXP,IDK,Artist,Romania
3E7XNzGG6qqnjwV9nOCxQM,candyboii,Artist,Romania
6ocuMBOl5OFS3AViv3DnG6,RAVA,Artist,Romania
17JCMZusNXS0iOLaForWrm,Gya,Artist,Romania
66Q5nZGMgEDpcjm6Q1ZC64,Denis Ramniceanu,Artist,Romania
049DlsIPXRROSgnc8mJeWd,Johny Romano,Artist,Romania
7uERYbuFqxJTqQlQr52lZr,Sami G,Artist,Romania
2218dGWsepdbDbWnzJzYNB,Claudia Puican,Artist,Romania
5tXxrzPQRZ7UK2cAQNSQW2,andrei,Artist,Romania
5ChWT8CfHjk2PnRG70ZgWV,DZWS,Artist,Romania
0CubchptrDNV9ei0oA5u3k,BEN,Artist,Romania
5h0wBmd25qPcGSInl3dp66,Tzanca Uraganu,Artist,Romania
16h499dib06k5oaxjbAVtW,Sheik,Artist,Romania
2S3C9sCcaSXmGzH4dVoiHF,Karmen,Artist,Romania
1fYKCWegShlSGe4yATnpdp,NOUA UNSPE,Artist,Romania
040gmk9Wd9sKXx199imiSM,M.G.L.,Artist,Romania
5ZBJ4rLeQx0IEN3ut3O1fC,Erika Isac,Artist,Romania
0P8GOB6ZytMhZX8fd1OUsz,Alex Botea,Artist,Romania
0yjc2FN5zju7xyuJsTfGkh,Petre Stefan,Artist,Romania
5dJZz1wDTaRM9UBo1AODI2,Dhali,Artist,Romania
6dKPNkSEQOrRRvZz63Y47F,Oscar,Artist,Romania
2DVHeB86M05t7mBTvvsEVF,Nutu,Artist,Romania
3zdzuFF7IkJWWKLsIwAlzf,Bee Remix,Artist,Saudi Arabia
7CLlOKuKAmd7uuSDeyLN0M,umiy,Artist,Saudi Arabia
6nJJCgVQZCwUDgKsIwWNjM,Hassan El Rassam,Artist,Saudi Arabia
3LTg1uDlzgeNpapZviVVAF,Nasrat Al Bader,Artist,Saudi Arabia
6U4hHMBYGDF1f98bGjxC8U,Ayed,Artist,Saudi Arabia
748f0zL5X2KNapx8K93SUq,Saif Amer,Artist,Saudi Arabia
059BiSwXatlPKBSOWG6gIV,Kstr,Artist,Saudi Arabia
44eguFvAUWt2jsI2ZYWDYj,Qaed Helmy,Artist,Saudi Arabia
74KWopgkBxKlwFCAa6UawR,74 Original Suppa,Artist,Saudi Arabia
2yLjdrrnFBawKrwLrNLyi7,DEE PRODUCTION,Artist,Saudi Arabia
6DPTJXd1omQ1oTiR1Vy9CZ,Sabah Mahmod,Artist,Saudi Arabia
5cLIxAVjEMmvPOZviDlhO4,Aws Al Saber,Artist,Saudi Arabia
4PQeohrT8GInzKC3wJFGLa,Tayseer Al Safeer,Artist,Saudi Arabia
2vPnS0IpayC2RVFuQA08R4,2KE,Artist,Saudi Arabia
4jM6R2LK78dVTqHVUoA4li,808iuli,Artist,Saudi Arabia
1Sdc6ySbIvzO0X9vbyHzWm,Ogryzek,Artist,Saudi Arabia
3j2RV0vrjqFRwKVrV2aWr7,Astknan Maghribi,Artist,Saudi Arabia
7ITMCzIU9uII8gwRg8JAhc,Odetari,Artist,Saudi Arabia
4Ga1P7PMIsmqEZqhYZQgDo,Lil Tecca,Artist,Saudi Arabia
3pc0bOVB5whxmD50W79wwO,keshi,Artist,Singapore
3Y7gOnKYWfQlEdgXag0Z6W,Regina Song,Artist,Singapore
6fOqdhRNsMQqtwRwgo3NUv,Firdhaus,Artist,Singapore
0czbvTRVGHfCdRsJLxbBGQ,DIOR 大穎,Artist,Singapore
6RHTUrRF63xao58xh9FXYJ,IVE,Artist,Singapore
1Cs0zKBU1kc0i8ypK3B9ai,David Guetta,Artist,Singapore
6Ff53KvcvAj5U7Z1vojB5o,*NSYNC,Artist,Singapore
2elBjNSdBE2Y3f0j1mjrql,Jay Chou,Artist,Taiwan
0lf8LVkrjg9GudchoppC5q,Zayo,Artist,Slovakia
5TUkb2q1sX3DiWtwBPHErg,Jerry Lee,Artist,Slovakia
2UhQit3wwPVwOBt41vMu94,Crosso,Artist,Slovakia
7vdksiaT0UGPpZgCCPCKrU,Tisci,Artist,Slovakia
4eWCc0DOwhdz3GHxlSnYE1,Dano Kapitán,Artist,Slovakia
5QLfxY8Phcamadzx1r79ck,Shimmi,Artist,Slovakia
1R9DUv3WqRNJKHrNTs53eM,GABRIELL,Artist,Slovakia
6EBKq4KCXExYanXleLzIVT,Call Dominika,Artist,Slovakia
1bNjWBFWsAAzZSR59lRdpR,Kabza De Small,Artist,South Africa
2mF7ygWz9oyJ3L6ZPWlZVH,Vigro Deep,Artist,South Africa
0mMqD2uqwvCjFvlzo6ayGi,DJ Maphorisa,Artist,South Africa
3S4T8XtipStwl34odXn1YS,Scotts Maphuma,Artist,South Africa
6WQFTzqYHmh8Ph2X0L0QLQ,Young Stunna,Artist,South Africa
1HGyQR41EokAZE5Dl4PtYc,Blaq Major,Artist,South Africa
3zO4VnpgPzQAE6ibTievv1,BLESS THE GENTLEMAN,Artist,South Africa
6YbUZ7rG3diOQFbAq8cySD,DJ KAP,Artist,South Africa
2tqMDvoyXVbN7uF4ObOeJX,Mthandeni SK,Artist,South Africa
5kwZB1xNLgB3lln1JGS2B9,MaWhoo,Artist,South Africa
3qqJxbB40F5AmjBiO4akVa,Mr Pilato,Artist,South Africa
4hADccnhJWKgtjTKues1oy,Ego Slimflow,Artist,South Africa
3U6tzzUuiMZD64IPkutbjM,Tebogo G Mashego,Artist,South Africa
1x0kR06ROuVi1aLwPuaZ7J,SJE Konka,Artist,South Africa
2GJMSZ7M3D0KyyKRhYgWju,Focalistic,Artist,South Africa
5n0o0t9wgg6uzHqfVd2Yr1,CowBoii,Artist,South Africa
0fs9otT9TtwXUOcFXZomZY,Caiiro,Artist,South Africa
3flcjKgRCeBVZTR8n8iShE,Ami Faku,Artist,South Africa
5kmceQl1Y7lveTVbcy5ycD,Dlala Thukzin,Artist,South Africa
1dllQgzSDUNbXbtk5INbhj,Zeh McGeba,Artist,South Africa
6jUYsFkr46ErYnMV82HgQ8,MK Productions,Artist,South Africa
13TUuvzi6FAkiA5F9MiYF8,Casswell P,Artist,South Africa
2SuwWqS2g4w2GSE4lxD1UM,Nobuhle,Artist,South Africa
5ln4EWpJqQZEWXAlSNTtVz,Kharishma,Artist,South Africa
6c4AisSoKVYdeivUhofn6P,Ba Bethe Gashoazen,Artist,South Africa
6Z6xrqezBTUUDnCinhPwCO,2Point1,Artist,South Africa
7BZeoHymLQ7WC1Vl7gkS5g,BelloM,Artist,South Africa
3ZdMTEKhhs4Rl7qQXv4vUT,Epic DJ,Artist,South Africa
0APf0XKCd2289zoD4wzroe,DJ Seneath,Artist,South Africa
2xopv1IOZfIPbbVuHDylEL,X-Morizo,Artist,South Africa
6k8odn7NzzTT4K3NBNtsfV,Felo Le Tee,Artist,South Africa
5JyEgson2YVsJT0fNGroWn,Thabza Tee,Artist,South Africa
1YO25RWxpZ2Pvg82Bs4ING,Djy Biza,Artist,South Africa
1apU1xLioEcDVmYQmmbXD8,Blacko SA,Artist,South Africa
5MJ5f1XKD9yu7aWfG8OGjz,Mellow & Sleazy,Artist,South Africa
7CAuIrM6rFLrIgisYOV0Fs,Usimamane,Artist,South Africa
4RfOLIFy2xEmlWzXEVmLJn,Sjava,Artist,South Africa
2iN5MhOgkenO5FtkPtEVAF,Wanitwa Mos,Artist,South Africa
4AnNB3lPD0Sv7ziKVHqI66,Nkosazana Daughter,Artist,South Africa
523y9KSneKh6APd1hKxLuF,Master KG,Artist,South Africa
6sNKQgLUy4LVNEX3r1kG1A,Big Zulu,Artist,South Africa
5m5lgddffBHA2pv0m5E2Ro,Zee Nxumalo,Artist,South Africa
1W5wfiEUdPebJdwmyglKP4,Cyfred,Artist,South Africa
0RSqcZGU4Kf01zKcn4JhiE,Mawelele,Artist,South Africa
3Px6IenueysHsgCQf9xFVr,Kwesta,Artist,South Africa
1ELUrmWBlXkqVabjVincQ6,Bassie,Artist,South Africa
1WyQuSMk2VrDyfYfdfa4w6,M-Touch,Artist,South Africa
6V0AnQuqPD8zkTZKbO1pbk,Ranger,Artist,South Africa
0lxNEAFHu0uIMSTWMiKV3q,Amaza,Artist,South Africa
5vFGtc23dtvt3f7FSK7vtg,LeeMcKrazy,Artist,South Africa
6Wqpl1YTjgy5TiTluzFzjx,Tman Xpress,Artist,South Africa
0sN5oRkFliiyjSNqPIEjML,DoouShii,Artist,South Africa
2J9OgoroujUr9FiiT40sqc,Tycoon,Artist,South Africa
3vg62RNNbcEtTGVRHzIBdi,Sly,Artist,South Africa
5M9mFjVaPT2T1HFYFFSoCt,Dladla Mshunqisi,Artist,South Africa
3yWkz47Z8kE6z1xW6rjkAl,Goldmax,Artist,South Africa
2oA819q93vu53ZDkCJYdbN,TNK MusiQ,Artist,South Africa
0CPfPl6Fy7ueqMoxjZjmYb,Seun1401,Artist,South Africa
1YA6d3F7LilOsKSGYSB4Nm,The Exclusive SA,Artist,South Africa
3YOKEbNmcMxvIDpZxw4jvn,Kabelo Sings,Artist,South Africa
6xcF2N2Z4NFVEkLCZluCLC,Bontle Smith,Artist,South Africa
2CsKNR9HBBs3bAswmPz825,2woshort,Artist,South Africa
16IdDbuertDHTGF9Si2eCN,Stompiiey,Artist,South Africa
2NJ4G5sIHIfma9PF2MO0yi,Khathapillar,Artist,South Africa
6KSYSas66s64PZDOnb6knq,Sol Phenduka,Artist,South Africa
0w5arbommuYnUMeXetmv17,Smash SA,Artist,South Africa
2Fotv9MULwrtOPORxgtRui,Kamoh Xaba,Artist,South Africa
2KYeDbDn8hr0auXnbpKfvs,Lwah Ndlunkulu,Artist,South Africa
1raznef8uIDK0SAlPabb86,Funky Qla,Artist,South Africa
241x5prRiXJmnk4vSGEHcr,Mjolisi,Artist,South Africa
4iKk928O7ApC51cf4q2mpO,Mnqobi yazo,Artist,South Africa
7lpGctutZNeN7UKIyEFbPg,Sminofu,Artist,South Africa
4mexy8G8bBE7SBuAzTBLYr,Eltee,Artist,South Africa
5rnKcmn5XTpbD9OPEsrV1s,Novatron,Artist,South Africa
3aznFYhXZNLiZYfF2nIt6K,Umafikizolo,Artist,South Africa
0bQK92L70k52lgVCQX0mNp,Umashotana,Artist,South Africa
5EVpgXduYKQyggrs93bPby,Msongi,Artist,South Africa
3i9UjIGeZT2cRyltQrr8nj,Cici,Artist,South Africa
4QkKUb73NVonTlAZaShsuY,Sir Trill,Artist,South Africa
0DnvMgwUAfLV06uffraoeJ,Dot Mega,Artist,South Africa
2krUPP3nMYoF1C5WX3yB7J,Q Twins,Artist,South Africa
68McnNC9twEtiynOAJRRgZ,Uncle Waffles,Artist,South Africa
0UDlBvCj6BwV8uYLf8zzKS,Royal MusiQ,Artist,South Africa
4IZr8UpEiuTNDf9a5atoco,OHP Sage,Artist,South Africa
22Bl1QCNEZvpqVwRPYscE4,Pcee,Artist,South Africa
1BC2o2RW9sGr2NB8jXlYQv,Officixl Rsa,Artist,South Africa
3kOjBD3iIxB2zeN4CFngxm,Danny Shades,Artist,South Africa
16Sxr5Kd5KJIUXTUVtmVOV,Mshinwemali,Artist,South Africa
6OtlecLaA62XUdzRZDSeBz,Shenge wasehlalankosi,Artist,South Africa
2qixIA7qPFts4yN1Av017D,Mthunzi,Artist,South Africa
7Hb7ZlUE4ByWsV1Rkc4Uo2,Sizwe Alakine,Artist,South Africa
4DFFwNev2bjj7QGVTxzuwM,Umthakathi Kush,Artist,South Africa
3xXIOO328Ieh0PWOcxivjL,Aymos,Artist,South Africa
3fdFRgy3GmfiWQqeKbmFS8,Mas Musiq,Artist,South Africa
6EG9v86LsCoq5HS4Jj1zCQ,Pabi Cooper,Artist,South Africa
71sePyklre8L4YJuE9Qf7D,Thebuu,Artist,South Africa
5H7UcHG42hqQZzkGJ8QqIt,Lajere man,Artist,South Africa
1f5s8gmQ3SgDc6TtlegNkS,DJ DADAMAN,Artist,South Africa
2oIQCM7hRZI9tS5b9S8rj4,Tyler ICU,Artist,South Africa
4Ijr6oNjLibby38inghdKO,Visca,Artist,South Africa
5DuhT9Ix9p7qvE42w9liWY,Ceeka RSA,Artist,South Africa
5I2wx5alIUkX7uDkTUAv6Z,Sjavasdadeejayj,Artist,South Africa
6vIKxXxsfpL8tAmjP0eCwY,Al xapo,Artist,South Africa
1lDWyPzSZOqP5jfZNm5lLI,DJ Stokie,Artist,South Africa
2zCe5zvuLDUr9BfD4NMDQc,Zee_nhle,Artist,South Africa
15NUCBzkuF0VbkybGMUTPw,Sobzeen,Artist,South Africa
39ejxavrkdkHXj6yCGJugx,Faith Strings,Artist,South Africa
5DrdfQwRGTeV7erKmKVZ6i,Lawd Weezy,Artist,South Africa
34RwSIfWKAwRdIq6cdYnZv,TO Starquality,Artist,South Africa
7HpriU9gAJThxAfPfXpZ6N,Chley,Artist,South Africa
5yR5c8xnUVQDP3UDqfjhZd,Bandros,Artist,South Africa
4VlxI0WKDh7HFgHjXcfj6v,Kelvin Momo,Artist,South Africa
5V18XqJmDIo9Sr6Rlu6cgu,Mr. Maker,Artist,South Africa
24Hon9044L6JUKWcqQSjma,Makhadzi Entertainment,Artist,South Africa
2xkslEBMPDYAZzT2Ws2pUz,Dr Skaro,Artist,South Africa
4GlpRsgQev4kO3yl4YhoJs,Babethe Gashoazen,Artist,South Africa
3ZUn6LYxdmmPYQqBhFWI3h,Iyanya,Artist,South Africa
5jCHpUIjSnOXUzVaxwBA2k,Prince Benza,Artist,South Africa
6qQ80mn21S92SYfqtceUin,015 MusiQ & Van City MusiQ,Artist,South Africa
7cEqpdw3pDFWfl8jScOSNe,Veyane,Artist,South Africa
0dUHzfa2msKEpMevzsdwqG,Babalwa M,Artist,South Africa
3rIVgeRWFhGxhFF9wgJFC2,Stixx,Artist,South Africa
3W0DeGwe5EHJwydiL6ECaC,Nvcho,Artist,South Africa
3bvfu2KAve4lPHrhEFDZna,Lola Indigo,Artist,Spain
4ixNZvQuuzCDxBsxO9zE6L,Gonzy,Artist,Spain
2YRyPiW98bpkARAS4B3OQP,Dei V,Artist,Spain
2O8vbr4RYPpk6MRA4fio7u,SAIKO,Artist,Spain
1TtXnWcUs0FCkaZDPGYHdf,Darell,Artist,Spain
3lY9Fxceu60W1rbon7PkuF,Omar Montes,Artist,Spain
4bJh7sMPcVRiqe5jlnsWQV,DELLAFUENTE,Artist,Spain
5Q30fhTc0Sl0Q4C5dOjhhQ,La La Love You,Artist,Spain
31IVfzTQ5bAPL8XMrO6dVx,Axolotes Mexicanos,Artist,Spain
0GgyFUpOyzWDRDqx8FCTDN,Baby Rasta,Artist,Spain
3RtNN1VnooWEn3KQk03DUL,Noriel,Artist,Spain
4CQdcx66F116k2db2Y0rjE,Hades66,Artist,Spain
0NRMzT05nsc8mTm4iUvuHY,Molly Sandén,Artist,Sweden
6RJXSfbIkEMoCJ8GAg2dVO,Victor Leksell,Artist,Sweden
6rYEqmajzlhGVaayOJ2bpJ,Yasin,Artist,Sweden
3M1eBsR4rSTcDAzYopumeG,Asme,Artist,Sweden
2r9JAY6ISvp0VvZsT6cBJo,Shiro,Artist,Sweden
4Ui11oqvDCTqw4fxX2XkFW,BoBa,Artist,Sweden
1n3grwmOigAA2UYtlF91gc,Malik Dalasi,Artist,Sweden
73nQT8Arf05XV666SlvrVQ,Humlan Djojj,Artist,Sweden
42OtrLDsfIE3pD915uvaju,Josefine Götestam,Artist,Sweden
6E4YKq2KF72sNDThe2TaE8,Y4ska,Artist,Sweden
2EWsHDexsSInArfFkhA2i6,Jireel,Artist,Sweden
5GT8ltnqVPe7Zf8Ynrb5mV,ROMANOS,Artist,Sweden
55ZGFvikpNjQHvtTWS5aZF,Bolaget,Artist,Sweden
03SBMfoHX3EUENFwFoLN5i,Soppgirobygget,Artist,Sweden
1aA5OGASCVhznQYm71BMYg,Babblarna,Artist,Sweden
2Dor6diK1zw9BEluKBOdoA,23,Artist,Sweden
6tTI20dSq7pg481D7Mkcak,Prilla Generalen,Artist,Sweden
4kUfJdASJDMPLuo1t1N2zi,Sarettii,Artist,Sweden
3vHwJg9XHrACvX9ZlwV8pT,Adel,Artist,Sweden
5ILMkt5lW4KAyTXMNYWaGF,Dani M,Artist,Sweden
04HqRx07Bv9gh7rsrMTqs7,Miss Li,Artist,Sweden
2WBJQGf1bT1kxuoqziH5g4,Purple Disco Machine,Artist,Sweden
7jEEE187pVG6InOxn03oA5,Benjamin Ingrosso,Artist,Sweden
3yDIp0kaq9EFKe07X1X2rz,Nile Rodgers,Artist,Sweden
1OFOShsIbhy1l5x73yuVyB,Shenseea,Artist,Sweden
0LVDX2sdKpfXwVmy52HLAc,25,Artist,Sweden
2uX5jeXMEK3YNrL1bwVWd1,Fu3go,Artist,Sweden
6yAKbgaSH283c7eAZVgk3P,LOAM,Artist,Sweden
6RjsbK9T7d1UQD1PFEYYGt,FRÖKEN SNUSK,Artist,Sweden
7zLm9op6LgPqKL62d1FzhO,ADAAM,Artist,Sweden
0MBLQbpbPvJ4oXM0Cj4aKR,Trobi,Artist,Sweden
054fVwphDX8QB8Pm7IjRcL,Hooja,Artist,Sweden
5LKh6CH11tVjyXpxz2NjFW,邱軍,Artist,Taiwan
0Awqm7GXGiBp8fJNGvywra,理想混蛋,Artist,Taiwan
1arCVYXeStgCY2UazBNBLK,TZUYU,Artist,Taiwan
4TcOznbEZBqev21LzAH4KE,高爾宣 OSN,Artist,Taiwan
1xCrrnnj9xif5G0y3ie5dM,Patrick Brasca,Artist,Taiwan
3n16EAnJtz6SZGx2zJssrI,Amazing Show,Artist,Taiwan
5ZxRmJ21NzjxD2ZGBxi7um,陳華,Artist,Taiwan
0Y2AcMPMpeuPXtPQGVvRBq,Lee Young Ji,Artist,Taiwan
2CQZr2RPZmrcvDnaod1ldC,D.O.,Artist,Taiwan
0PdNEiQ3MsJGCEgE13Tz60,Silence Wang,Artist,Taiwan
7rXM91kSsqGzvYANukdQJD,單依純,Artist,Taiwan
6g641431O1Xkl7HAs2yFEg,EggPlantEgg,Artist,Taiwan
5PNcqs6EtD6gSXgUiiJIUU,颜人中,Artist,Taiwan
4XpUIb8uuNlIWVKmgKZXC0,ZICO,Artist,Taiwan
7nqOGRxlXj7N2JYbgNEjYH,SEVENTEEN,Artist,Taiwan
0QHgL1lAIqAw0HtD7YldmP,DJ Khaled,Artist,Taiwan
4wUR1NviIGE01yEfeLNkeV,卢卢快闭嘴,Artist,Taiwan
2AfmfGFbe0A0WsTYm0SDTx,(G)I-DLE,Artist,Taiwan
6HvZYsbFfjnjFrWF950C9d,NewJeans,Artist,Taiwan
6H93wOohK6r1MwGh41Z4Nb,Ashin Chen,Artist,Taiwan
6JrR3zrG0NQiXb9N9XSyGb,Cocktail,Artist,Thailand
2F8QVTDDHb8n0cwR9ftxFs,Q Flure,Artist,Thailand
7ltDVBr6mKbRvohxheJ9h1,ROSALÍA,Artist,Thailand
2LIk90788K0zvyj2JJVwkJ,Jack Harlow,Artist,Thailand
1xrRqVDsJaZPw0sXme5i2T,PP Krit,Artist,Thailand
3Q5Qep7ytrjVleNnMnntgQ,TEN,Artist,Thailand
0XkEUMM4lJHAzfTK9vR0cu,Violette Wautier,Artist,Thailand
2DaMrZndfGgM3yd9ivadRC,Lipta,Artist,Thailand
5zSQoNQ9o2dnT1LPTzDxg7,Mirrr,Artist,Thailand
5pokGZ1K9Hr6etaKPDxSG8,THE TOYS,Artist,Thailand
6chmC6o0wvACYVGTITw3Pz,NONT TANONT,Artist,Thailand
6HEMZkIMQAPnd36iLsUlTx,PUN,Artist,Thailand
1aEKvjRnbf1laB7DVXFqsG,fellow fellow,Artist,Thailand
1qveov8f3HXFhDIWtFO5tG,guncharlie,Artist,Thailand
1Twi7NfmUzbXF7lEMaGCqF,Ink Waruntorn,Artist,Thailand
52VcFYcq5kJEaRYgy58ouW,Paper Planes,Artist,Thailand
5RQZVhw9dwZYc10QQfNMf1,JOEY PHUWASIT,Artist,Thailand
2xsBUJ327d3iC1LvL5hYrQ,YEW,Artist,Thailand
5xq3BK55BJmutN0X7eTyQB,Jeff Satur,Artist,Thailand
61hVICScGPBw0WmGPqWVRE,เล็กสเร็น,Artist,Thailand
2SWWw5uB9cO5m7zJQZqwmr,BOWKYLION,Artist,Thailand
5ghOUzxpnQmnPQDwC1thIz,ASIA7,Artist,Thailand
2XiaPu2j4nBMhF8pIlt6Bk,AYLA's,Artist,Thailand
0UAiHanBWs5vRM1tSPf2RJ,No One Else,Artist,Thailand
1ssEwBiz4ZKrbgR6o8vOeg,Polycat,Artist,Thailand
1qAOsY7jv9GFTv4HoVof5P,Three Man Down,Artist,Thailand
0OjRa6r1EIPF5RZPy1SGz9,Musketeers,Artist,Thailand
5kU6FKYW7YBB2ikPQnk8cS,BUS,Artist,Thailand
5RmQ8k4l3HZ8JoPb4mNsML,Agust D,Artist,Thailand
4G5OlxtrOm9ADmu3VZgFbG,MEYOU,Artist,Thailand
5PRW6j58xEEWL4DDVEITKT,Dedublüman,Artist,Turkey
4ckLjJztj53Ifid7WHweBn,Aleyna Tilki,Artist,Turkey
6bGOmNBU1AOgttgOjh0ldf,Ati242,Artist,Turkey
16GyR4WfCnIT2XST4ZLl2B,Melike Şahin,Artist,Turkey
4UW9Hdsrx9kX2HdJ90jRKM,Era7capone,Artist,Turkey
15AZJFNrXtIN4Nk8BIOnS2,Batuflex,Artist,Turkey
6WpmH4J0R74ZkHtgm7JLvM,Narco,Artist,Turkey
1GMwSpFzrLd12jUX15bHB6,BLOK3,Artist,Turkey
4TofTRvEUQsznrSPnYnHx9,Afra,Artist,Turkey
37kh4W61I9Gm5R3hOFfIG9,NASTEISHA,Artist,Turkey
1CcZoULzFHa8Uhwo6OlQcp,Semicenk,Artist,Turkey
1hgaXjbAcED2p80Lj8dzXT,Canbay & Wolker,Artist,Turkey
1Tjaa3WWIVU00kfZ8Dvpcl,ElMusto,Artist,Turkey
5W2dGRPmYetOpUIpErUtD3,Organize,Artist,Turkey
6wxh9aTFgTS4OiyYlnQBq6,Bengü,Artist,Turkey
4StjyzjcmZ7a9QncHVf0pu,Simge,Artist,Turkey
4YLcK0MEyqFkdyyzbPTWrs,Can Kazaz,Artist,Turkey
7ictQXHIBmXODb4ykTI95n,Yusuf Güney,Artist,Turkey
6xqA7u7TxHUYJp6Ww1XgNx,Jeff Redd,Artist,Turkey
4XP7cGw4t8BqZ8Du5q3bHg,Emir Can İğrek,Artist,Turkey
4li4dx5mFgZlMVeHlARBHP,Nazan Öncel,Artist,Turkey
46zuW8tHxwahYn7VNMgYTa,Yalın,Artist,Turkey
0uHvlWnhRpaomF4e9IZHLy,Doğu Swag,Artist,Turkey
4i4ALRtQQmFxn3BCIB6iC0,Göksel,Artist,Turkey
0V2oXYR7DtrZAEFeILRW2r,Lvbel C5,Artist,Turkey
17EAWIoXAMU9Vo9xRrdZQ0,AKDO,Artist,Turkey
0KOSzgkMlkeowt1tgIg6ca,Heijan,Artist,Turkey
3NPQ2qMGXAR0g1COJxuZ8r,Muti,Artist,Turkey
50z4meqYMvVCXEv2jDneDN,Tuğçe Kandemir,Artist,Turkey
1F2v33FQTavJyaD7ZsyhdA,Gülşen,Artist,Turkey
53oeVgECSa18dkHBQ9X6Eh,Murat Boz,Artist,Turkey
1kRAeenoDZ5jBdzboZQuKa,Emre Fel,Artist,Turkey
6dDaXbE1caD65TONToYXYx,Murat Dalkılıç,Artist,Turkey
7CLojerj7StFcAX03tA8Pc,M Lisa,Artist,Turkey
58UBmhZzNl22EI94dh9Gx0,OSTY,Artist,Ukraine
5BwbVAdT6rFF2vGVE8su2y,Klavdia Petrivna,Artist,Ukraine
7lyYlIclaVEmE0rlSCwH3h,HOMINID,Artist,Ukraine
6yC7BVlGi7JXkpl0LsZeeS,CØV3R1st,Artist,Ukraine
6l5IEx62Nsc2k1QyfaWvEz,Wellboy,Artist,Ukraine
64XGTiElvPUfmJjyWJnW8C,Parfeniuk,Artist,Ukraine
33xlLiptsAIW56IqRxaQoV,Domiy,Artist,Ukraine
6NTzEgUmN1PIBIYEHhf1kS,Okean Elzy,Artist,Ukraine
2ojY7fXJxZQhg8Rx5e8h9G,SadSvit,Artist,Ukraine
4AupETQEHkWQL9H3O6f9h8,СТРУКТУРА ЩАСТЯ,Artist,Ukraine
6wbEgVlGqWb4I9tbMluu5Q,MONATIK,Artist,Ukraine
7wl1m5vgWkCP3cqYVj2noM,DOROFEEVA,Artist,Ukraine
5QFYXpPnIZPu2OSD9n8BVN,LEBIGA,Artist,Ukraine
0PWfuxCvPtyeCLLWjf4EzJ,CHEEV,Artist,Ukraine
11sIz9STeD6yVSuBaD8nMW,Artem Pivovarov,Artist,Ukraine
6fBUVJW6cDrYluXjnnRdY4,OKS,Artist,Ukraine
5NR8eODM4CQ2X6rBuGpZ2B,Геля Зозуля,Artist,Ukraine
19JYV5zLhGkyqClNjdSfdb,Adam,Artist,Ukraine
6fNkvAT7XRYuIynD5RTSLf,Kalush Orchestra,Artist,Ukraine
1nzgtKYFckznkcVMR3Gg4z,KSI,Artist,United Kingdom
6Xgp2XMz1fhVYe7i6yNAax,Trippie Redd,Artist,United Kingdom
1kyy6AW7C6Rr2jrYwz95Gi,Lira,Artist,Uruguay
338Grz8ebmeku4xVYVqUHQ,KINGTO,Artist,Uruguay
5TeBsszZQTyqBX4eDHdtNx,LA NUEVA ESCUELA,Artist,Uruguay
3Pohtvl5MO8eQpaZVOrhUS,La Deskarga,Artist,Uruguay
2sp0CxickfFJun08JtXgiA,Diel Paris,Artist,Uruguay
2IKdK6PbitvCiXt1t2bPU6,Mesita,Artist,Uruguay
6uJKnn4CV4IIop8mg4kCUy,Luana,Artist,Uruguay
2AbQwU2cuEGfD465wCXlg2,Rawayana,Artist,Venezuela
6fMZytDgX1Q9OV6ndSugym,Akapellah,Artist,Venezuela
0rwGV1HhNWK2Ta4rjmlmtp,Junior Caldera,Artist,Venezuela
36KsCCwgI0Dep97yVJWmkK,Monsieur Periné,Artist,Venezuela
3tveA7l6PmZICdkhBPVvak,Jerry Di,Artist,Venezuela
77iZVjeYoYSl5P0K9mIiUE,Haze,Artist,Venezuela
57g2v7gJZepcwsuwssIfZs,Vũ.,Artist,Vietnam
2nSO7JYDbJrYbJmP39qUzj,Binz,Artist,Vietnam
3diftVOq7aEIebXKkC34oR,tlinh,Artist,Vietnam
6TITnFVRcl0AcZ4syE7Toe,Low G,Artist,Vietnam
2dC1IBU9NOD9xsQJ5RE7j7,Puppy,Artist,Vietnam
5xY6E5PMZNtz9jDvxTRiGI,Dangrangto,Artist,Vietnam
5HZtdKfC4xU0wvhEyYDWiY,HIEUTHUHAI,Artist,Vietnam
3y6Lfjkrdn5TgkbgDxbpvM,marzuz,Artist,Vietnam
4wZ6awunqaaVLl5j0WpDFu,"ANH TRAI ""SAY HI""",Artist,Vietnam
4KPyQxL1zqEiBcTwW6c9HE,Dương Domic,Artist,Vietnam
6zUWZmyi5MLOEynQ5wCI5f,Da LAB,Artist,Vietnam
27RoKwun6jKycKbH2iYUFU,Minh Tốc & Lam,Artist,Vietnam
3oD2yI1g6aT3KawHD8ZYaU,TeuYungBoy,Artist,Vietnam
3rSAej8VUifF02zpsGjsRZ,DONAL,Artist,Vietnam
1Qia4CTwh6x0CZbD0079zi,CoolKid,Artist,Vietnam
1W2pigH6UYwuTuFbwoSfVZ,RHYDER,Artist,Vietnam
0iqum9KAHh3LkgDhuqvTxM,Song Luân,Artist,Vietnam
6EybZ5zwPNEtEngfrEMevN,JSOL,Artist,Vietnam
5pyjjs1k7keBTqwhkVs7MA,Trần Đăng Dương,Artist,Vietnam
5dfZ5uSmzR7VQK0udbAVpf,Sơn Tùng M-TP,Artist,Vietnam
5jTFNkoZebPnX90CbB3F2A,MONO,Artist,Vietnam
0CO1IZAPmgTbkfXvcRCLsL,BAN,Artist,Vietnam
5ulyphh5uJrH4Gb1JpSMkV,HURRYKNG,Artist,Vietnam
4fg8aMZ23d2bxKz7r2vt9v,Negav,Artist,Vietnam
13c4ijEkXNvEFoxGxwp5Su,Pháp Kiều,Artist,Vietnam
40JnMfFlpwqBnWitkL96g4,Isaac,Artist,Vietnam
1L1VfizWn4DkFt602yD80U,ERIK,Artist,Vietnam
62D1qvKkvUCvXEtY1xwRfo,Anh Tú Atus,Artist,Vietnam
5lAfakPZgxFKgiJD6xAF1G,Orange,Artist,Vietnam
2rKtPYcwYmevNcaqzJOwvf,MANBO,Artist,Vietnam
1OIYKbmhG0RxPXvVPNj3NN,Madihu,Artist,Vietnam
0slOzRzTQb1RBBVJbvRITP,Quang Hùng MasterD,Artist,Vietnam
5M3ffmRiOX9Q8Y4jNeR5wu,Wren Evans,Artist,Vietnam
0hy8mfXxfD8kQ6MRQkDVrn,itsnk,Artist,Vietnam
4bPYvyUn1mWwUwIW57oST2,Emcee L (Da LAB),Artist,Vietnam
1Tdy7LZnrufTyuEbgDi1D8,Muộii (Starry Night),Artist,Vietnam
1pKPrziZw7C4GvOlBIXqP5,Captain,Artist,Vietnam
30eFAXoU2kTjJPf2cq80B8,WEAN,Artist,Vietnam
4RPhZ2g5GYff0hKNBlZKXh,Ali Hoàng Dương,Artist,Vietnam
2aQnC3DbZB9GbauvhAw7ve,AMEE,Artist,Vietnam
1zSv9qZANOWB4HRE8sxeTL,RPT MCK,Artist,Vietnam
6NF9Oa4ThQWCj6mogFSrVD,W/N,Artist,Vietnam
6V1SwiosQqf5XvmoTMCGa9,Dear Jane,Artist,Vietnam
0dBcEvEklr1jx4uZuhFX5e,Ronboogz,Artist,Vietnam
2ZjO6APYelcHcLd2pWMx8x,Badbies,Artist,Vietnam
5Kh0ta0UY4uJ4g2CIdq9V9,Phương Ly,Artist,Vietnam
0zo8kCJVktn7oPnzpkbC2p,14 Casper,Artist,Vietnam
6hnfLIkvDl6pjlAe1YRGXY,Bon Nghiêm,Artist,Vietnam
7Cp2hGcriAaDUAWpXnSEwm,buitruonglinh,Artist,Vietnam
0XtC2d9ZVigYA7iMy5YkW0,2pillz,Artist,Vietnam
61ydMyohF67xBZmWSPA3YQ,Chọn gì? Chọn đi!,Artist,Vietnam
5mPbBOU2KMFfStepNZ027p,OgeNus,Artist,Vietnam
5Xn0cJrrcslCWCzPXNTy54,PiaLinh,Artist,Vietnam
2NRcG7E1j2sSi8vnUzCcpi,Quân A.P,Artist,Vietnam
4cLYlDISnWaErAitB8kRph,Quang Trung,Artist,Vietnam
3E0b68wCGYihuHBtlasfm9,Lâm Bảo Ngọc,Artist,Vietnam
7yquVKfxBuNFJbG9cy2R8A,Vũ Cát Tường,Artist,Vietnam
trap,trap,Genre,
rap,rap,Genre,
pop,pop,Genre,
reggeaton,reggeaton,Genre,
hip hop,hip hop,Genre,
urbano latino,urbano latino,Genre,
drill,drill,Genre,
funk,funk,Genre,
r&b,r&b,Genre,
cumbia,cumbia,Genre,
country,country,Genre,
rock,rock,Genre,
bachata,bachata,Genre,
sierreno,sierreno,Genre,
house,house,Genre,
v-pop,v-pop,Genre,
k-pop,k-pop,Genre,
dembow,dembow,Genre,
corrido,corrido,Genre,
amapiano,amapiano,Genre,
